Summary,Status,Priority,Created,Resolved,Labels,Description
HR > Leaves > Half leave report filter added,Done,Medium,2024-11-19 16:19:00,2024-11-25 14:21:00,"HR,KICKER",HR > Leaves > Half leave report filter added
HR > Dashboard > terminate widgets set,Done,Medium,2024-11-19 16:07:00,2024-11-25 14:21:00,"HR,KICKER",HR > Dashboard > terminate widgets set
HR > Attendance > Fetch on Dynamic date,Done,Medium,2024-11-19 16:06:00,2024-11-25 14:21:00,"HR,Date",HR > Attendance > Fetch on Dynamic date
Store > Ledger > Separate Reserve flow of Kicker,Done,Medium,2024-11-19 16:00:00,2024-11-25 14:21:00,"KICKER,STORE",Store > Ledger > Separate Reserve flow of Kicker
HR > Extra > Separate Previous Balance Alert,Done,Medium,2024-11-19 15:58:00,2024-11-25 14:21:00,HR,HR > Extra > Separate Previous Balance Alert
GlovesProduction > Worklot > Show all Ircode in tooltip,Done,Medium,2024-11-19 15:56:00,2024-11-25 14:22:00,"GK-PRODUCTION,KICKER",GlovesProduction > Worklot > Show all Ircode in tooltip
MainExport/Gk Production > Search Shipment > Shipment Detail screen after adding Proforma article detail are not showing,Done,Medium,2024-11-01 11:08:00,2024-11-01 11:38:00,"GK-PRODUCTION,KICKER",MainExport/Gk Production > Search Shipment > Shipment Detail screen after adding Proforma  article detail are not showing
GK Production > Search Order/Search Worklot > Reserved material not showing in Order BOM reports,Done,Medium,2024-11-01 10:53:00,2024-11-01 11:37:00,"GK-PRODUCTION,KICKER",GK Production > Search Order/Search Worklot > Reserved material not showing in Order BOM reports
HR > Member Detail > Attendance Tab > Attendance detail month filter drop down,Done,Medium,2024-11-01 10:47:00,2024-11-01 11:38:00,"HR,KICKER",HR > Member Detail > Attendance Tab > Attendance detail month filter drop down
HR > Manage Salary > salary screen information button show current month upon clicking,Done,Medium,2024-11-01 10:45:00,2024-11-01 11:38:00,"HR,KICKER",HR > Manage Salary > salary screen information button show current month upon clicking
HR >Wages > meal payment / extra wages status filter not working properly,Done,Medium,2024-10-28 18:59:00,2024-11-05 15:37:00,"HR,KICKER",HR >Wages > meal payment / extra wages status filter not working properly
Import > Search Import > Edit Import Proforma TAB > Import Proforma print issue,Done,Medium,2024-10-28 18:49:00,2024-10-31 11:39:00,"Import,KICKER",Import > Search Import > Edit Import Proforma TAB > Import Proforma print issue
Import > Search Import > Edit Import PO Tab > Import PO rates not hitting on Report issue,Done,Medium,2024-10-28 18:48:00,2024-11-08 18:09:00,"Import,KICKER",Import > Search Import > Edit Import PO Tab > Import PO rates not hitting on Report issue
HR > Duty Timing/Department Timing > Forth Shift flow Timing PM to PM,Done,Medium,2024-10-28 18:46:00,2024-10-30 15:47:00,"HR,KICKER",HR > Duty Timing/Department Timing > Forth Shift flow Timing PM to PM 
Store > GRNR > For Import issue fix,Done,Medium,2024-10-19 16:22:00,2024-10-21 09:55:00,"KICKER,STORE",Store > GRNR > For Import issue fix
Store > SearchGRN > GRN filter import or local filter,Done,Medium,2024-10-19 16:21:00,2024-10-21 09:55:00,"KICKER,STORE",Store > SearchGRN > GRN filter import or local filter
Football Planning > ViewArticles > Search Implement,Done,Medium,2024-10-19 16:20:00,2024-10-21 09:55:00,"FB-PLANNING,KICKER",Football Planning > ViewArticles > Search Implement
Store > Login > Slow screen issue fix,Done,Medium,2024-10-19 16:19:00,2024-10-21 09:55:00,"KICKER,STORE",Store > Login > Slow screen issue fix
HR > Advance > Remove Extra lines from Report,Done,Medium,2024-10-19 16:18:00,2024-10-21 09:55:00,"HR,KICKER",HR > Advance > Remove Extra lines from Report
Import > Proforma > Print issue solved,Done,Medium,2024-10-19 16:17:00,2024-10-21 09:55:00,"Import,KICKER",Import > Proforma > Print issue solved
HR > Leaves > Report print issue fix,Done,Medium,2024-10-19 16:16:00,2024-10-21 09:55:00,"HR,KICKER",HR > Leaves > Report print issue fix
Gate > Inward + Outward > Date issue solved,Done,Medium,2024-10-19 16:14:00,2024-10-21 09:55:00,"GATE,KICKER",Gate > Inward + Outward > Date issue solved
Accounts > Vouchers > Add Replicate Vouchers in General Ledger,Done,Medium,2024-10-11 12:26:00,2024-10-11 16:19:00,"ACCOUNTS,KICKER",Accounts > Vouchers > Add Replicate Vouchers in General Ledger
Accounts > Detail GRIN > Credit/Debit round of fix,Done,Medium,2024-10-11 12:26:00,2024-10-11 16:19:00,"ACCOUNTS,KICKER",Accounts > Detail GRIN > Credit/Debit round of fix
HR > Leaves > Disable Sunday leave Selection,Done,Medium,2024-10-11 12:25:00,2024-10-11 16:18:00,"HR,KICKER",HR > Leaves > Disable Sunday leave Selection
Accounts > Voucher > Check apply voucher duplicate,Done,Medium,2024-10-11 12:25:00,2024-10-11 16:22:00,"ACCOUNTS,KICKER",Accounts > Voucher > Check apply voucher duplicate
Gate >Inward + Outward > Data Load issue fix,Done,Medium,2024-10-11 12:24:00,2024-10-11 16:21:00,"GATE,KICKER",Gate >Inward + Outward >  Data Load issue fix
Import > Update Import > PO report design update + Item code show,Done,Medium,2024-10-11 12:23:00,2024-10-11 16:18:00,"Import,KICKER",Import > Update Import > PO report design update + Item code show
GlovesPlanning > AddArticle > Material Plan Item Show Issue Fix,Done,Medium,2024-10-11 12:22:00,2024-10-11 16:18:00,"GK-PLANNING,KICKER",GlovesPlanning > AddArticle > Material Plan Item Show Issue Fix
HR > Wages >  Meal payment linked with wages screen,Done,Medium,2024-10-01 11:36:00,2024-10-01 18:03:00,"HR,KICKER",HR > Wages >  Meal payment linked with wages screen
Import > PO Print > Material Correction function,Done,Medium,2024-10-01 11:35:00,2024-10-01 11:48:00,"Import,KICKER",Import > PO Print > Material Correction function
Accounts > Report Ledger > Design update,Done,Medium,2024-10-01 11:34:00,2024-10-01 11:48:00,"ACCOUNTS,KICKER",Accounts > Report Ledger > Design update
Store > Category Permission > Category + Item Add + Search + Report + Excel,Done,Medium,2024-10-01 11:32:00,2024-10-01 11:48:00,"KICKER,STORE",Store > Category Permission > Category + Item Add + Search + Report + Excel
Gloves Planning > Search Articles > Technical Specification > set component across department issue,Done,Medium,2024-09-05 13:36:00,2024-10-10 07:17:00,"GK-PLANNING,KICKER",Gloves Planning > Search Articles > Technical Specification > set component across department issue
Accounts > voucher serial issue at the time of adding,Done,Medium,2024-09-05 12:05:00,2024-10-10 07:17:00,"ACCOUNTS,KICKER",Accounts > voucher serial issue at the time of adding
Store > PDR > Generate Pdr add work order drop down list (reference Same like IR),Done,Medium,2024-09-04 09:56:00,2024-09-10 09:59:00,"KICKER,STORE",Store > PDR > Generate Pdr add work order drop down list (reference Same like IR)
Gk Planning > Planning Material categorize in gk planning planning material tab show Imported wise and Local wise,Done,Medium,2024-09-04 09:53:00,2024-09-11 11:33:00,"GK-PLANNING,KICKER",Gk Planning > Planning Material categorize in gk planning planning material tab show Imported wise and Local wise
GK Planning > Edit Article > after editing loading time issue on saving different tab data,Done,Medium,2024-08-28 11:52:00,2024-09-20 18:01:00,"GK-PLANNING,KICKER",GK Planning > Edit Article > after editing loading time issue on saving different tab data
GLOVES PRODUCTION > Reserve WL Order wise reserve flow,Done,Medium,2024-06-30 16:58:00,2024-09-09 09:55:00,"GLOVES-PRODUCTION,KICKER",GLOVES PRODUCTION > Reserve WL Order wise reserve flow
Email setup > Import status after 1 week through email settled or not,Done,Medium,2024-06-07 11:21:00,2024-09-25 15:52:00,"ACCOUNTS,EMail",Email setup > Import status after 1 week through email settled or not
Store > search item > Show the secondary unit and qty in the search screen,Done,Medium,2023-08-25 18:40:00,2023-09-07 22:18:00,"NEXT-SPRINT,STORE",Store > search item > Show the secondary unit and qty in the search screen
FB Production > dispatch / receving / return > balance flow same like GK Production,Done,Medium,2022-11-23 13:04:00,2023-03-17 10:03:00,"FB-PRODUCTION,KICKER",FB Production > dispatch / receving / return > balance flow same like GK Production
HR > 1 and half day deduction,Done,Medium,2022-09-03 12:23:00,2023-03-17 10:03:00,"HR,KICKER",HR > 1 and half day deduction
TDP Redis Cache issue,Done,Medium,2022-07-26 10:34:00,2022-10-05 09:37:00,"HR,TDP",TDP Redis Cache issue
MainExport > dashboard > commercial Invoice widget not working ,Done,Medium,2022-07-21 16:02:00,2022-07-22 10:07:00,"KICKER,MAIN-EXPORT",MainExport > dashboard > commercial Invoice widget not working
HR > Overtime > Attendance out time for next day attendance if overtime exceed from 12 AM,Done,Medium,2022-07-21 15:07:00,2022-07-23 10:20:00,"HR,KICKER",HR > Overtime > Attendance out time for next day attendance if overtime exceed from 12 AM
Main Export > Proforma > advance flow in account and shioment,Done,Medium,2022-07-21 15:05:00,2022-07-22 15:03:00,"KICKER,MAIN-EXPORT",Main Export > Proforma > advance flow in account and shioment
HR> Night shift attendance issue,Done,Medium,2022-07-02 10:54:00,2022-08-02 10:16:00,"HR,TDP",HR> Night shift attendance issue
HR> remove (monthly) title from all date wise report,Done,Medium,2022-07-02 10:23:00,2022-08-03 17:34:00,"HR,TDP",HR> remove (monthly) title from all date wise report
HR > Overtime calculation same for salary and overtime search screen ,Done,Medium,2022-06-03 14:37:00,2022-07-16 09:59:00,"HR,THETA",HR > Overtime calculation same for salary and overtime search screen
HR > Single leave > leave balance check + half leave from to date should be same,Done,Medium,2022-05-13 12:48:00,2022-08-31 13:07:00,"HR,THETA",HR > Single leave > leave balance check + half leave from to date should be same
new report for monthly hiring on HR Dashboard,Done,Medium,2022-04-30 13:51:00,2022-08-02 17:50:00,"HR,THETA",new report for monthly hiring on HR Dashboard
export > add logo picture,Done,Medium,2022-04-04 12:02:00,2022-04-18 22:19:00,"Export,THETA",export > add logo picture
"SourceTree ignores case of remote branch, and lowers the case on push",Done,Low,2019-10-08 15:51:00,2021-02-22 05:41:00,bug - git - branching - case-sensitivity,"- Open SourceTree - Go to Settings - Click on remote - Click on the edit button - Applications get crash !image-2021-02-05-15-21-34-737.png|width=1769,height=995!"
stage/unstage files showing like a tree,Done,Low,2019-10-23 21:22:00,2020-11-02 13:51:00,bug - UI - file-management - ,"""Refresh automatically when file changes"" and ""Refresh when application is not in focus"" doesn't work!a There's no way to get the file changes displayed exept hitting the F5 key!a h1. It's 3.2.6! You're Affects Version/s is outdated and I cannot leave it blank!h1. *I don't know what Component/s is/are?*"
Update from 3.4.9 to 3.4.10 crashes and leaves sourcetree unusable.,Done,Low,2022-10-29 15:24:00,2022-10-30 07:33:00,bug - crash - update - ,"""There was an error during the update process""Method not found: 'Void SharpCompress.Readers.IReaderExtensions.WriteEntryToFile(SharpCompress.Readers.IReader, System.String, SharpCompress.Readers.ExtractionOptions)'.!image-2022-10-29-08-21-13-705.png!"
Very high CPU usage on entering a commit message,Done,Low,2020-01-16 08:03:00,2020-11-10 15:14:00,bug - performance - commit - ,"If you stage selected lines, program does not refresh shown data. To refresh data you have to switch to different file or branch and next select previous file. # If you stage selected lines, it is impossible to unstage them.a Program: SourceTree for Windows, version *3.3.6*BTW it is not possible to enter version 3.3.6 in the Affected Version on the Jira form."
External merge does not work in windows sourcetree,Done,Low,2021-03-18 19:20:00,2021-04-23 12:15:00,bug - merge - windows - ,"*Issue Summary:*When created a new user we see error massage in ""Contact Offer"" point.*Steps to Reproduse:* # Open ""Railway tickets"" for a android app. # Press ""My account"" button. # Click to the create account. # Go through the registration form and click ""Contact offer"" point. # Click register.*Expected Results:***The registration form was successful and goes to my account.*Actual results:***Registration of a new user does not take place, you see red exclamation mark in ""Contact Offer"" pointa "
Wrong translation,Done,Low,2019-11-16 12:50:00,2020-03-25 15:27:00,bug - localization - UI - ,"*Steps to reproduce:*1. Open Mobile application ""Railway tickets""2. Go to ""Return ticket""*Expected result:*There is the possibility to ""go back"" to the main menu*Actual result:*An option to ""go back"" to main menu doesn't exista *Environment:*iOS version 13.2.3 IPhone 7a "
Couldn't push the Git-flow generated branches.,Done,Low,2019-11-16 13:27:00,2020-03-25 15:27:00,bug - git-flow - branching - ,*steps to reproduce:*1.Download the application on the device and take it off2.flip the device*Expected result:*expect a bug 
Allow Organization admins to exclude specific email addresses from SAML,Done,Low,2019-10-08 08:24:00,2020-11-04 10:06:00,feature - SAML - authentication - ,"*Steps to reproduce:*a  # Open app Proizd # Select the field ""Calendar"" # Scroll the page up continuously # Scroll the page down continuously*Expected results:*a  * Calendar is on the screen in both cases*Actual results* * Calendar disappears from the screen*Environment:*a  * IPhone XR * ios 13.6.1"
go to HEAD,Done,Low,2021-02-25 10:38:00,2021-03-15 07:15:00,feature - navigation - git - ,"*Steps:*1. Go to any Bitbucket repository in browsera [https://bitbucket.org/]2. Navigate to ""Branches""3. Select any branch4. Click ""Checkout"" => ""Checkout in sourcetree""5. Click ""Open sourcetree"" in browser popup.6. Click ""Checkout"" in Sourcetree ""URL actions"" popup*Actual Result:*Application is crashed.*Expected Result:*Selected branch is checked out and is active."
PATH environment setting is not working from the Bash console opened by the Terminal menu,Done,Low,2020-12-22 17:28:00,2021-01-18 05:46:00,bug - terminal - environment - ,"*This affect 3.4.0*, interactive rebasing (from the main menu, or right click), doesn't work anymore. It shown an empty GUI. See screenshot attached.a !image-2020-12-24-17-48-59-598.png!"
Tank's fire function is not working when you standing in left bottom corner,Done,Low,2019-10-28 09:46:00,2020-11-05 12:20:00,bug - gameplay - functionality - ,[https://community.atlassian.com/t5/Sourcetree-questions/Numbers-on-tabs-but-nothing-to-pull-or-commit-push/qaq-p/1199905]
Crash when clonning repo,Done,Low,2022-08-25 17:02:00,2023-01-16 04:24:00,bug - crash - clone - ,\SourceTree\app-3.4.9\tools\putty\putty.exe is version 0.76. The sign certificate of this version already expired. Our EDR solution blocked the file due to certificate expiry. The latest Putty 0.77 is signed with new certificate.
Different backgrounds for different projects,Done,Low,2020-01-22 10:34:00,2020-11-10 15:16:00,feature - UI - customization - ,"A lot of other developers at my work experience the same issue with the latest sourcetree version 3.3.6. We had to downgrade to 3.1.2 which is the latest stable version.a I think 3.3.7 behaves in the same way. as 3.3.6, so is also unstable.a The jira menu below asks me to report a bug on a specific sourcetree version, however 3.3.6/7 isn't an option on there, so I will submit the latest version that does come up in the dropdown - 3.2.2, however I am sure that version is actually fine. Not sure why the latest versions don't come up in the dropdown. Within the actual sourcetree it prompts me to upgrade to 3.3.7, so I assume this dropdown on Jira is out of date.a ISSUE DESCRIPTION - {color:#FF0000}*Affects 3.3.6 and 3.3.7*{color}:When you update to another branch, the view still shows that you are on the previous branch. Once I close the app completely and reopen, only then it is then obvious that I have checked out another branch. So it does update in the background, however the view isn't updating correctly.a Similarly when you stage files, it shows them in the unstaged section until I shut the app down, reopen it and then find them in the staged section.a a Similarly creating a new branch - it doesn't show the new branch on the side bar at all until shutting down and reopening the app.a Im using windows 10 if this helps."
SourceTree: Commit screen is not refreshing as it was always do!,Done,Low,2020-08-21 15:33:00,2021-01-15 09:08:00,bug - UI - refresh - ,A picture worth a thousand words. The problem happens in 3.4.0 but not 3.3.9 ( despite that I tag 3.3.9 because I can't find 3.4.0)a !image-2020-12-24-15-34-44-315.png!a !image-2020-12-24-15-34-54-421.png!a 
Upadate embedded Git binary and create new release,Done,Low,2023-02-17 08:01:00,2023-03-07 11:15:00,task - git - release - ,"According to security advisory ""Multiple Products Security Advisory - Git Buffer Overflow - CVE-2022-41903, CVE-2022-23521"" Sourcetree should be updated to version 3.4.12 after release or switch to an external updated git version as mitigation.a https://confluence.atlassian.com/security/multiple-products-security-advisory-git-buffer-overflow-cve-2022-41903-cve-2022-23521-1189805967.html"
Sourcetree crashes after update,Done,Low,2019-11-05 22:35:00,2020-11-17 13:43:00,bug - crash - update - ,"after a fresch installation {color:#FF0000}*v3.3.8*{color} (delete AppData\Local\Atlasian and AppData\Local\Sourcetree completely) SCT does not save remote login data for bitbucket. Will see a red exclamation on button ""Remote"". After clearing this problem by edit url (Remote account) in settings the red exclamation disappear and I can work. Than after close and reopen SCT the red exclamation will displayed again ad the users remote accout is set to ""Generic Account / Generic Host"""
Sourcetree doesn't automatically refresh screen,Done,Low,2020-01-18 07:15:00,2020-11-10 15:15:00,bug - UI - refresh - ,"After a recent SourceTree update to v3.3.6, when I stage or unstage a file, the lists of staged/unstaged files is not automatically updated.I have to refresh the view in order for the changes to appear.a Note that the list of affected versions is not up to date - the latest listed is 3.2.2, but this appears in 3.3.6 (note that 3.3.4 works correctly)."
Upload to confluence is broken!,Done,Low,2020-01-07 05:32:00,2020-11-10 15:10:00,bug - confluence - integration - ,"After adding GitHub account, my GitHub repositories are not showing in the list. Bitbucketa  repositories show OK.!image-2020-10-10-12-33-53-370.png!!image-2020-10-10-12-34-32-201.png!a "
Unable to login Source Tree,Done,Low,2020-08-01 14:15:00,2020-11-10 05:24:00,bug - authentication - login - ,"After Commit, the file that I want to Push disappears, and I have to use GIT to push the branch.a a The Push button does not work without a file to push.After I push the file using GIT, View>Refresh does not update the status of the file having been pushed.a  I have to close SourceTree and reopen it to confirm the updated status.Also, SourceTree is very slow, especially with Pull requests.this is in version 3.2.6, not 3.2.2 which I entered in the ""Affects Versions"" drop down..a  I entered 3.2.2 in the ""Affects Versions"" drop down because 3.2.6 was not an option"
Sorcetree not installing ,Done,Low,2022-11-09 08:31:00,2022-12-02 06:13:00,bug - installation - ,"After downloading, I logged in through the Bitbucket option and then a few steps later it asked me for an SSH key to which i clicked ""No"". After completing that step my source tree has always been crashing upon opening."
cannot update my sourcetree 3.2.6,Done,Low,2020-01-22 08:23:00,2020-11-10 15:36:00,bug - update - ,"After i upgraded sourcetree to v3.3.7 i have some bugs. * When i click ""Stage all"", ""Stage Selected"" or ""+"" button, files are not move to Unstaged to Staged. I have to refresh the screen to see the changes. * And also after Commit, Can't see the changes. I need to restart the sourcetree to see the changes.a a PS: I can't chose ""Affects Version"" to 3.3.7(sorry for my english)"
Pull requests are not shown for packages. Source Tree Windows Version,Done,Low,2020-12-07 09:29:00,2021-04-09 12:12:00,bug - pull-request - windows - ,"After installation during registration stage opening up localhost:34106 for authentication.Sourcetree cannot be used with the bug.a {code:java}ERROR [2020-03-10 11:06:38,327] [13] [Sourcetree.Analytics.Emau.EMauSubmissionService] [Log] - POST MAU submission FAILEDSystem.IO.FileLoadException: Could not load file or assembly 'TimeZoneConverter, Version=2.3.0.0, Culture=neutral, PublicKeyToken=null' or one of its dependencies. The located assembly's manifest definition does not match the assembly reference. (Exception from HRESULT: 0x80131040)File name: 'TimeZoneConverter, Version=2.3.0.0, Culture=neutral, PublicKeyToken=null' at Atlassian.AnalyticsService.Client.Converters.IanaTimezoneConverter.WriteJson(JsonWriter writer, Object value, JsonSerializer serializer) at Newtonsoft.Json.Serialization.JsonSerializerInternalWriter.SerializeConvertable(JsonWriter writer, JsonConverter converter, Object value, JsonContract contract, JsonContainerContract collectionContract, JsonProperty containerProperty) at Newtonsoft.Json.Serialization.JsonSerializerInternalWriter.SerializeObject(JsonWriter writer, Object value, JsonObjectContract contract, JsonProperty member, JsonContainerContract collectionContract, JsonProperty containerProperty) at Newtonsoft.Json.Serialization.JsonSerializerInternalWriter.SerializeObject(JsonWriter writer, Object value, JsonObjectContract contract, JsonProperty member, JsonContainerContract collectionContract, JsonProperty containerProperty) at Newtonsoft.Json.Serialization.JsonSerializerInternalWriter.Serialize(JsonWriter jsonWriter, Object value, Type objectType) at Newtonsoft.Json.JsonSerializer.SerializeInternal(JsonWriter jsonWriter, Object value, Type objectType) at Newtonsoft.Json.JsonConvert.SerializeObjectInternal(Object value, Type type, JsonSerializer jsonSerializer) at Sourcetree.Analytics.Emau.EMauSubmissionService.<SubmitBatch>d__61.MoveNext(){code}a "
Ability to filter branches tree by fuzzy search,Done,Low,2020-01-20 22:10:00,2020-11-10 15:15:00,feature - search - branching - ,After update 3.3.7 I found the file status screen doesn't get automatically updated. I will need to switch between tabs to make the file status screen updated. It was working fine previously.a 
Git tutorial bug,Done,Low,2020-01-20 13:26:00,2020-11-10 15:17:00,bug - documentation - tutorial - ,After updating to 3.3.7 auto-refreshing no longer works when for example * Staging * Switching Branches * Committing * Fetching
SourceTree ignores case on Branch name and pushes 'new' branch,Done,Low,2019-10-09 11:49:00,2020-10-30 14:57:00,bug - branching - case-sensitivity - ,"After upgrading to v3.3.6, I found out that in order to see changes in any file, I have to refresh the sourcetree with F5. Even if I stage the changes or checkout to new branch, the changes are reflected only after refresh.P.S. The version I am using (v3.3.6) is not mentioned in list. So, I am using 3.3b1 in dropdown below.!image-2020-01-13-13-28-39-539.png!"
Can't clone repository,Done,Low,2022-05-20 19:33:00,2023-01-04 04:54:00,bug - clone - ,"All of the sudden sourcetree crashes. So I tried uninstall, delete thea C:\Users\\{userName}\AppData\Local\SourceTreeC:\Users\\{userName}\AppData\Local\Atlassianfolder and reinstall. Reinstall starts but then crashes.Windows 11 Version 21H2 (OS buiold 22000.675)Faulting application name: SourceTree.exe, version: 3.4.8.0, time stamp: 0x6215d589Faulting module name: KERNELBASE.dll, version: 10.0.22000.675, time stamp: 0x8d5bd3daException code: 0xe0434352Fault offset: 0x000000000004474cFaulting process id: 0x6668Faulting application start time: 0x01d86c7eeaa5e1e7Faulting application path: C:\Users\\{userName}\AppData\Local\SourceTree\app-3.4.8\SourceTree.exeFaulting module path: C:\WINDOWS\System32\KERNELBASE.dllReport Id: 67910bba-acdc-4529-a4db-e6bdb0520982Faulting package full name:a Faulting package-relative application ID:a Application: SourceTree.exeFramework Version: v4.0.30319Description: The process was terminated due to an unhandled exception.Exception Info: System.Management.ManagementExceptiona a at System.Management.ManagementException.ThrowWithExtendedInfo(System.Management.ManagementStatus)a a at System.Management.ManagementObjectCollection+ManagementObjectEnumerator.MoveNext()a a at SourceTree.Utils.WindowsOSHelper.GetWindowsVersion()a a at SourceTree.App..ctor()a a at SourceTree.App.Main()"
uninstall windows version doesn't uninstall the code in /Users/../AppData/Local,Done,Low,2020-01-14 23:02:00,2020-11-10 15:13:00,bug - uninstallation - windows - ,Any changes made to my repos are not visible in SourceTree if it's openNeed to close the app everytime I make any sort of change.
Source Tree overlapping Taskbar Windows 11,Done,Low,2022-01-24 11:36:00,2022-01-25 05:01:00,bug - UI - windows-11 - ,"Application: SourceTree.exeFramework Version: v4.0.30319Description: The process was terminated due to an unhandled exception.Exception Info: SourceTree.Exceptions.ConnectivityException at SourceTree.Host.Bitbucket.Server.BitbucketServerHost+<ListGroupingsForUser>d__23.MoveNext() at System.Runtime.ExceptionServices.ExceptionDispatchInfo.Throw() at System.Runtime.CompilerServices.TaskAwaiter.HandleNonSuccessAndDebuggerNotification(System.Threading.Tasks.Task) at SourceTree.ViewModel.Hosted.HostedProjectsViewModel+<RefreshGroupingList>d__95.MoveNext() at System.Runtime.ExceptionServices.ExceptionDispatchInfo.Throw() at System.Runtime.CompilerServices.TaskAwaiter.HandleNonSuccessAndDebuggerNotification(System.Threading.Tasks.Task) at SourceTree.ViewModel.Hosted.HostedProjectsViewModel+<<-ctor>b__47_8>d.MoveNext() at System.Runtime.ExceptionServices.ExceptionDispatchInfo.Throw() at System.Windows.Threading.ExceptionWrapper.InternalRealCall(System.Delegate, System.Object, Int32) at System.Windows.Threading.ExceptionWrapper.TryCatchWhen(System.Object, System.Delegate, System.Object, Int32, System.Delegate) at System.Windows.Threading.DispatcherOperation.InvokeImpl() at MS.Internal.CulturePreservingExecutionContext.CallbackWrapper(System.Object) at System.Threading.ExecutionContext.RunInternal(System.Threading.ExecutionContext, System.Threading.ContextCallback, System.Object, Boolean) at System.Threading.ExecutionContext.Run(System.Threading.ExecutionContext, System.Threading.ContextCallback, System.Object, Boolean) at System.Threading.ExecutionContext.Run(System.Threading.ExecutionContext, System.Threading.ContextCallback, System.Object) at MS.Internal.CulturePreservingExecutionContext.Run(MS.Internal.CulturePreservingExecutionContext, System.Threading.ContextCallback, System.Object) at System.Windows.Threading.DispatcherOperation.Invoke() at System.Windows.Threading.Dispatcher.ProcessQueue() at System.Windows.Threading.Dispatcher.WndProcHook(IntPtr, Int32, IntPtr, IntPtr, Boolean ByRef) at MS.Win32.HwndWrapper.WndProc(IntPtr, Int32, IntPtr, IntPtr, Boolean ByRef) at MS.Win32.HwndSubclass.DispatcherCallbackOperation(System.Object) at System.Windows.Threading.ExceptionWrapper.InternalRealCall(System.Delegate, System.Object, Int32) at System.Windows.Threading.ExceptionWrapper.TryCatchWhen(System.Object, System.Delegate, System.Object, Int32, System.Delegate) at System.Windows.Threading.Dispatcher.LegacyInvokeImpl(System.Windows.Threading.DispatcherPriority, System.TimeSpan, System.Delegate, System.Object, Int32) at MS.Win32.HwndSubclass.SubclassWndProc(IntPtr, Int32, IntPtr, IntPtr) at MS.Win32.UnsafeNativeMethods.DispatchMessage(System.Windows.Interop.MSG ByRef) at System.Windows.Threading.Dispatcher.PushFrameImpl(System.Windows.Threading.DispatcherFrame) at System.Windows.Application.RunDispatcher(System.Object) at System.Windows.Application.RunInternal(System.Windows.Window) at SourceTree.App.Main()a "
Operations require manual refresh (F5) to show updates in commit/branch panels,Done,Low,2020-01-11 23:20:00,2020-11-17 14:22:00,bug - UI - refresh - ,"As per the title, our corporate group policy requires a valid certificate, and therefore SourceTree stopped working when the certificate expired on 27/11/2019I have downloaded the installer again to see if it has been updated since but it appears it has not."
Autofocus for jump to commit,Done,Low,2021-02-03 15:14:00,2021-02-04 06:48:00,feature - UI - navigation - ,"At least since 3.3.6 (maybe earlier) but also in 3.3.7 and 3.3.8 the ""Open in Terminal"" button isn't working anymore (it's not opening the terminal)It seems that also for custom actions that have the ""Open in a separate window"" checkbox checked, it's not opening the git bash window anymore when running the custom actionIt seems that an identical issue existed before, but was fixed in the meantime, but apparently re-introduced:https://jira.atlassian.com/browse/SRCTREEWIN-3896"
"Sourcetree created gigabytes of temp files while staging, committing",Done,Low,2020-02-04 11:04:00,2020-11-17 14:36:00,bug - performance - storage - ,"At the first step installer offers to log in with Bitbucket Server or Bitbucket account.I logged with my Bitbucket account then see next picture in browserh1. Confirm access to your account*Sourcetree for Windows*a is requesting access to the following: * Read and modify your account information * Read and modify your repositories' issues * Read and modify your workspace's project settings, and read and transfer repositories within your workspace's projects * Read and modify your repositories and their pull requests * Administer your repositories * Read and modify your snippets * Read and modify your team membership information * Read and modify your repositories' webhooks * Read and modify your repositories' wikisBy installing the App you agree to thea [privacy policy|https://www.atlassian.com/legal/privacy-policy]a anda [terms of use|https://www.atlassian.com/legal/cloud-terms-of-service]a provided by Sourcetree for Windows.a When i click on ""Grant access"" button, page does redirect toa [https://localhost:34106/?state=authenticated&code=cDBHk9NSSDMPJRLu5J]a and browser saysa h1. This site cana ™t provide a secure connection*localhost*a sent an invalid response.a Installer just waiting for login to finish... and nothing happens afterwards.a [SourceTreeSetup-3.2.6.exe|https://product-downloads.atlassian.com/software/sourcetree/windows/ga/SourceTreeSetup-3.2.6.exe]a is my installer. Windows 10 Pro N."
Missing OAUTH scope,Done,Low,2020-01-10 10:14:00,2020-11-10 15:10:00,bug - authentication - OAUTH - ,"Auto Refresh doesn't work when files are changing, removed or added.Git Version: 2.24.0.2 for WindowsSourcetree (Windows 10) was updated from integrated updater.!image-2019-11-26-22-14-06-766.png|width=528,height=468!!image-2019-11-26-22-13-12-173.png|width=532,height=331!!image-2019-11-26-22-09-37-435.png|width=532,height=774!!image-2019-11-26-22-09-37-389.png|width=531,height=487!"
GUI glitch for many buttons,Done,Low,2021-08-18 11:14:00,2021-08-20 07:38:00,bug - UI - glitch - ,bash: /dev/tty: No such device or address error: failed to execute prompt script (exit code 1)bash: /dev/tty: No such device or address error: failed to execute prompt script (exit code 1)stty: 'standard input': Inappropriate ioctl for device
UI completely unusable due to delays in rendering code,Done,Low,2019-11-13 20:40:00,2020-11-02 14:14:00,bug - UI - performance - ,"Bug description here:[https://community.atlassian.com/t5/Sourcetree-questions/Numbers-on-tabs-but-nothing-to-pull-or-commit-push/qaq-p/1199905With best regards,Jan|https://community.atlassian.com/t5/Sourcetree-questions/Numbers-on-tabs-but-nothing-to-pull-or-commit-push/qaq-p/1199905]"
CAPTCHA ERROR,Done,Low,2019-10-21 07:39:00,2020-11-03 15:52:00,bug - authentication - CAPTCHA - ,can not select any brance when git push
Unable to update the source tree version,Done,Low,2019-12-17 12:12:00,2020-03-25 15:27:00,bug - update - ,"Click the 'Branch' toolbar icon to create a new branch. In the text field for the new branch name, right click for the context menu. Menu appears but text is not visible."
Tab (bar) position,Done,Low,2021-08-18 07:51:00,2022-03-09 06:26:00,feature - UI - customization - ,"Cloning an empty git repository lead to a denial of service.poc: [https://github.com/firmianay/crash_sourcetree]!image-2021-11-26-16-40-29-291.png|width=277,height=220!"
App crash trying to add existing repo,Done,Low,2022-04-14 02:44:00,2022-05-31 05:08:00,bug - crash - repository - ,Command: git -c diff.mnemonicprefix=false -c core.quotepath=false --no-optional-locks ls-remote https://gsplleida.visualstudio.com/_git/TotGSPOutput:a Error: remote: TF401019: The Git repository with name or identifier TotGSP does not exist or you do not have permissions for the operation you are attempting.fatal: repository 'https://gsplleida.visualstudio.com/_git/TotGSP/' not foundBut this repository is real and my coworkers has connected and using this repositorya 
Performance down by magnitudes on certain SSDs or ports,Done,Low,2022-05-17 12:07:00,2022-05-18 10:06:00,bug - performance - hardware - ,"Connecting to a Bitbucket account in Sourcetree no longer works.Adding a Hosting account works, and authentication works.But after adding the account a red X icon is shown on the account with the text:""Failed to list teams for user [...]""""This endpoint has been removed. See our documentation for more information.""On a side note, it would be nice if I could upload screenshots here.a "
cannot resolve conflicts on changed files with removed files from master branch,Done,Low,2021-03-24 11:00:00,2021-03-24 14:07:00,bug - merge - conflict-resolution - ,"corresponding option in options is activatedtyping any nonsense word as commit message does not rise red wavy highlighta it is freshly installed Win 10 machine, the spell checker worked before I reinstalled the system (there was Win 7 updated to 10 earlier)checked with any recent Source tree version 3.x also with 3.4.3 (which is not yet available on the drop down list below)"
Custom action parameter $BRANCH not always properly replaced,Done,Low,2021-02-01 12:37:00,2021-02-02 05:03:00,bug - custom-action - branching - ,"Creating pull requests through Sourcetree is super buggy.When I right-click on a branch and select Pull Request, it tells me that I ""...don't have any remotes which have extended integration settings configured"". So, I go into repository settings and specify an endpoint. Great.Then, when I go back and right-click on the branch and select Pull Request, it shows an error dialog that says, ""Unable to open your web browser to '', do you have a default web browser set?""a I've forgotten how I've worked around this in the past, but it usually involves purchasing a new office window and monitor. Later, when I reopen Sourcetree after closing or restart, everything gets wiped and I have to repeat the above steps all over again.This is beyond frustrating. Please fix this!!This affects version 3.3.8.a "
Unable to resolve conflicts using source tree v3.3.9,Done,Low,2020-10-10 16:36:00,2020-11-10 06:34:00,bug - merge - conflict-resolution - ,Currently my sourcetree version is 3.1.3.3158 and i have updates shown in the options window but when i try to update the below message is displayed. {{Invalid release entry: 5BCB21C19AA45F1E57F2A3EB94740C44B3326E44 SourceTree-3.2.6-full.nupkg 24234903}}
Allow empty commits,Done,Low,2022-10-07 12:24:00,2022-10-12 11:55:00,feature - commit - customization - ,"Dear support,Having version 3.4.9-beta-1.Got a notification to update to 3.4.10-beta-1When I click update, it fails with the following:{noformat}Method not found: 'Void SharpCompress.Readers.IReaderExtensions.WriteEntryToFile(SharpCompress.Readers.IReader, System.String, SharpCompress.Readers.ExtractionOptions)'.{noformat}Then I cannot open Sourcetree normally anymore (with the start menu):The following exe is not working anymore:C:\Users\<user>\AppData\Local\SourceTreebeta\SourceTree.exeI found a workaround: I have to go to the 3.4.9 folder to run it:C:\Users\<username>\AppData\Local\SourceTreebeta\{*}app-3.4.9-beta-1{*}\SourceTree.exeThe 3.4.10 folder is empty...Best,hegyre"
Can't create a pull request,Done,Low,2021-02-05 11:05:00,2021-10-22 11:29:00,bug - pull-request - ,"During an in-app update, the update failed stating ""Checksummed file size doesn't match: C:\Users\\{user}\AppData\Local\Sourcetree\packages\SourceTree-3.4.6-full.nupkg"""
Update SourceTree for Windows from 3.4.10 to 3.4.11 fails,Done,Low,2022-12-17 19:41:00,2023-01-13 12:08:00,bug - update - windows - ,"Error displayed:Method not found: 'Void SharpCompress.Readers.IReaderExtensions.WriteEntryToFile(SharpCompress.Readers.IReader, System.String, SharpCompress.Readers.ExtractionOptions)'.After receiving this error message, and cancelling the update, the existing version no longer works.  The SourceTree shortcut path must be manually edited to point to the the subdirectory containing the current version before SourceTree can be launched."
Update fails to Sourcetree 3.4.10,Done,Low,2022-11-14 15:41:00,2022-11-18 10:10:00,bug - update - crash,Error when clicking on the yellow flag to update to 3.4.10.!image-2022-11-14-10-39-35-599.png!
Global ignore file not working on Windows 10,Done,Low,2020-12-05 16:03:00,2021-04-09 12:15:00,bug - windows - ignore-file,Every time I push a new branch for the first time and enable the checkbox for according branch I can see the branchname for the remote branch to be created is correctly set.But when I then hit push I get an error{{The Remote branch '' (local branch = 'EXAMPLE') is invalid.}}because the remote branch name was reset to an empty string.Seea [these screenshots|[https://imgur.com/a/slVzVhb]|https://imgur.com/a/slVzVhb]The current workaround is enable - disable - enable the checkbox for this branch before hitting push.*NOTE: My SourceTree version is 3.3.4 but this version isn't available for selection below ....*
Cannot install,Done,Low,2020-05-20 19:02:00,2021-02-02 12:03:00,bug - installation,Every time when Sourcetree starts or a repository is opened in a tab it ask to run 'git lfs pull'. This is done for the same repositories on every startup even if there are no changes to that repository/clone.
Unable to add Azure DevOps Remote Account using SourceTree 3.1.3 ,Done,Low,2019-11-19 17:54:00,2020-03-25 15:27:00,bug - authentication - azure-devops,"First time trying to log into Sourcetree since getting Atlassian account. Unable to log into Atlassian account on app on Windows device. Refreshing pop-out window does not work, clicking ""Go to My Atlassian"" button leads to dead link.a a "
Different branch folders are merged anyway,Done,Low,2021-02-05 09:54:00,2021-02-05 09:58:00,bug - merge - branching,"Firstly, I made custom action with one parameter is set. (In the parameter field,a œ$FILEa  was used.)a  And right click on one file of one commit and choose custom action ,a  the custom action I made earlier wasa  displayed as usual.Secondly, I made custom action witha multiple parameters are set .(In the parameter field,a œ$SHAa  $FILEa  was used.)a  And right click on one file of one commit and choose custom action , buta  the custom action I made earlier was NOT displayed.(For comparison, I did the same things with Sourcetree For Mac and both showed up. So, this is only For Windows bug.)"
SourceTree (current Version on 2019-10-10) shows number on tabs without any reason,Done,Low,2019-10-25 14:52:00,2020-10-30 15:13:00,bug - UI - tabs,"git -c diff.mnemonicprefix=false -c core.quotepath=false --no-optional-locks push -v --tags origin master:masterremote: Forbiddenfatal: unable to access 'https://fahri_lana@bitbucket.org/fkurniawan/bimba-update.git/': The requested URL returned error: 403Pushing to https://fahri_lana@bitbucket.org/fkurniawan/bimba-update.gitCompleted with errors, see above."
Launching a second instance of Sourcetree crashes,Done,Low,2019-11-13 17:00:00,2020-11-02 14:14:00,bug - crash - multiple-instances,"Good Morning,Following all the steps to configure and clone a repository with SSH always gives the following error.Command: git -c diff.mnemonicprefix=false -c core.quotepath=false --no-optional-locks ls-remote git@bitbucket.org:siscard/vulcano.peru.gitOutput: Error: FATAL ERROR: Network error: Connection refusedfatal: Could not read from remote repository.Please make sure you have the correct access rightsand the repository exists."
Unable to clone remote repository,Done,Low,2020-08-29 11:04:00,2020-10-31 13:30:00,bug - clone - remote-repository,"Greetings, I don't know exactly if this has been done specially, but as for me it's not normal and uncomfortable:At the right bottom part of the SourceTree window I have panel, showing added/deleted strings of the code. Sometimes strings are too long to see them in that panel, so I need a horizontal scrollbar. The problem is that it is hidden until the vertical scrollbar is moved down to the end in both fullscreen or scaled window mode.a Horizontal scrollbar is hidden:!image-2019-10-09-14-44-26-846.png!a Horizontal scrollbar appears after scrolling down to the end:!image-2019-10-09-14-47-55-931.png!a Hope, that you agree with me, so it'll be fixed soon)"
Error message when creating pull request (v3.3.4),Done,Low,2019-11-18 18:47:00,2021-01-15 10:49:00,bug - pull-request - error,"h3. Issue SummaryA user is reporting that interactive rebase is not possible in 3.4.0.h3. Steps to ReproduceThere are two ways to start an interactive rebase in Sourcetree. The first is to right-click (or context-click) on a commit and choose Rebase children of <sha> interactivelya ¦ The second is to pull down the Repository menu and select Interactive rebase.h3. Expected ResultsThe rebase executes.h3. Actual ResultsThe user has reported that there are no interactive rebase GUI capabilities available.h3. WorkaroundCurrently, there is no known workaround for this behavior. A workaround will be added here when available"
"""Copy from log view"" in version 3.3",Done,Low,2019-11-07 23:28:00,2021-02-22 05:48:00,bug - UI - log-view,"h3. Issue SummaryClicking on launch SSH agent option does nothingh3. Steps to Reproduce1. Deploy Windows 10 18363 OS build. 2. Perform Windows Updates. 3. Install application from vendor site. 4. Click on Bitbucket and create a new account (for new user). 5. After completion the authentication, it will complete the installation setup. 6. Launch the application then, will get a pop up of SSH key . 7. Close the popup box and continue. 8. Then, perform upgrade to latest OS build. 9. Launch the application from start menu. 10. Login in to the application with valid credentials. 11. Click on Tools menu. 12. Click on Launch SSH agent option in tools menu. 13. Observe the issue. h3. Expected Resultswhile clicking ona œLaunch SSH agenta  option in the application, a dialog box should pop up and ask for SSH keyh3. Actual Resultswhile clicking ona œlaunch SSH agenta  option in the application , it shows nothing.h3. WorkaroundNo workaround"
Startup window default tab incorrect information,Done,Low,2021-02-08 08:59:00,2021-11-11 16:19:00,bug - UI - startup,"h3. Issue SummarySourcetree closes on Cancelling the checking out branch from browserh3. Steps to Reproduce1. Go to any Bitbucket repository in browsera https://bitbucket.org/2. Navigate to ""Branches""3. Select any branch4. Click ""Checkout"" => ""Checkout in sourcetree""5. Click ""Open sourcetree"" in browser popup.6. Click ""Cancel"" in Sourcetree ""URL actions"" popuph3. Expected ResultsApplication shouldn't close.h3. Actual ResultsApplication closes unexpectedly.h3. Workaround Currently there is no known workaround for this behavior. A workaround will be added here when available"
File Contents of renamed files only shows new file in Diff Against Current,Done,Low,2020-12-27 23:38:00,2021-11-18 15:17:00,bug - diff - file-renaming,h3. Issue SummarySourcetree freezesh3. Steps to Reproduce # Usinga *3.4.2*a I am experiencing the same freezes. Sourcetree just gets stuck until I kill it from the task manager.For me the trigger for the freeze is putting Sourctree in the background for 5 minutes.CPU: AMD Ryzen Pro 4750URAM: 32 GBScreen: 4k connected to HDMI port of the laptoph3. Expected ResultsSourcetree should not freezeh3. Actual ResultsShould not freeze{noformat}...{noformat}h3. WorkaroundNo workaround
"Icon on Windows 7 isn't right, nor is shortcut",Done,Low,2020-01-12 10:06:00,2020-11-10 15:11:00,bug - UI - icons - windows-7,h3. using SourceTree 3.3.6a Each change requires a F5 to be seen in source tree.Have only 3 projects
SourceTree crashes on startup,Done,Low,2022-09-28 07:57:00,2022-10-06 10:21:00,bug - crash - startup,"Hello Sourcetree Team:I updated my Windows 10 Pro recently:Versiona a 21H2OS builda a 19044.1766Experiencea a Windows Feature Experience Pack 120.2212.4180.0a Sourcetree closes immediately upon opening.a  I attempted to resolve this by uninstalling and reinstalling (version 3.4.9), but the installation exe closes immediately as well.a  I see the splash screen for a second and then nothing.I'm having to use another Git client, which is a bummer, because I enjoy Sourcetree.Thanks."
Cherry-pick does not provide an option to push the commit,Done,Low,2019-10-10 12:23:00,2020-10-30 14:57:00,bug - cherry-pick - push,"Hello,a I am unable to clone a remote repository. I have tried the suggested clearing the filesa userhost anda passwd, deleting accounts saved in authentification and restarting sourcetree. I have been dealing with this issue for some days now.I attach the message it shows:Command: git -c diff.mnemonicprefix=false -c core.quotepath=false --no-optional-locks ls-remotea [https://sourcecode.jnj.com/scm/itx-acm/delphi.git]Output:Error: fatal: remote error: CAPTCHA requiredYour Bitbucket account has been locked. To unlock it and log in again you mustsolve a CAPTCHA. This is typically caused by too many attempts to login with anincorrect password. The account lock prevents your SCM client from accessingBitbucket and its mirrors until it is solved, even if you enter your passwordcorrectly.If you are currently logged in to Bitbucket via a browser you may need tologout and then log back in in order to solve the CAPTCHA.Visit Bitbucket ata [https://sourcecode.jnj.com|https://sourcecode.jnj.com/]a for more details.a "
SourceTree installer fails in Windows 10 as signing certificate has expired (and corporate policy requires valid certificate),Done,Low,2019-12-12 17:06:00,2020-11-17 14:15:00,bug - installation - windows-10 - certificate,"Hello,i try to install sourcetree on my computer with windows10 but i've got this error:!image-2019-11-28-19-02-25-104.png!"
Sourcetree is using /2.0/teams endpoint to fetch list of repositories user has access to,Done,Low,2022-01-04 07:39:00,2022-03-09 06:14:00,bug - API - repositories,"Hello,SourceTree 3.4.7.OS: Windows 10 Pro x64 (20H2)*Problem* # Create empty, without any files, private repository on GitHUB # Try to clone it by SourceTree for Windows # Get the crash of SourceTree application*Workaround*Adding at least one file to repository. License, for example.a "
View not refreshing,Done,Low,2020-01-10 14:44:00,2020-11-17 14:16:00,bug - UI - refresh,"Hello,The UI isn't showing changes I do. for example when I press stage all or stage selected it doesn't update and doesn't update the commit button. my other colleagues work fine that arent in dark mode. I have to constantly close and reopen the program so that the commit button is activated. this is very annoying.I'm on version 3.3.6.3829, I've put the wrong version in the ticket because there isn't one open for it. !image-2019-12-02-12-09-39-828.png!"
Code selection copy in Commit history view makes app unresponsive,Done,Low,2021-02-22 09:45:00,2021-06-17 10:25:00,bug - performance - commit-history,"Hello,when I switch to remote tab (remote repositories) then Sourcetree suddenly crashes. There are two log entries that occures when the crash happens. The entries are:a ERROR [2020-07-28 07:33:45,605] [1] [SourceTree.Model.Repository] [Log] - Repository: [] does not existERROR [2020-07-28 07:33:56,343] [1] [SourceTree.Exceptions.RemoteHostException] [Log] - Failed to list teams for user [olafvolafka]Does anyone have the same problem? Or does anyone have solution to this?a a "
Wrong Base64 Encoding - Sourcetree Authentication failed if password contains special characters (a§ and german umlauts),Done,Low,2022-04-01 13:14:00,2023-03-07 06:07:00,bug - authentication - encoding,"Hi all,on Windows 10 (64bit) with the Dark Theme, the most annoying glitch is the one about the colors of the cut/copy/paste *context menu*a (e.g. right-click on a {_}selected string{_}):!https://community.atlassian.com/t5/image/serverpage/image-id/186408iAC3C44CC88C338E1/image-size/large?v=v2&px=999!!https://community.atlassian.com/t5/image/serverpage/image-id/186409i60068780D44B018D/image-size/large?v=v2&px=999!_I have the main OS (Windows) in Italian, that's why you see the menu items ""Taglia"" (Cut), ""Copia"" (Copy), ""Incolla"" (Paste)._I havea *SourceTree v3.4.8* fora {*}Windows 10 64bit{*}.If you could solve this it would be GREATLY appreciated!Thank you very much"
Sourcetree Install and Registration windows does not advance to next screen,Done,Low,2019-12-17 12:48:00,2020-03-25 15:27:00,bug - installation - registration,"Hi Atlassian Team,VirusTotal marks Sourcetree setup file for version 3.4.10 as positive to AgentTesla. Can you please check and verify the same on your side?Regards,Yavor Hristov"
Remote connection not working,Done,Low,2019-06-26 21:50:00,2021-05-27 10:32:00,bug - remote - connection,"Hi folks,recently I noticed a problem with a git bash just right after I had upgraded git-scm from version 2.24.0.2 to 2.31.1.Message from the log is: ""ERROR [2021-05-17 15:20:54,842] [1] [SourceTree.Repo.RepoHandlerGitOld] [Log] - UNable to bash start process for 'F:\engine'""I use system git. With embedded git terminal works fine.""Use Git Bash as default terminal"" in ""Tools->Options->Git"" is enabled."
Update from 3.4.9 to 3.4.10 fails,Done,Low,2022-10-27 21:06:00,2022-10-28 03:13:00,bug - update - crash,"Hi support team,I have Sourcetree for Windows version 3.4.9 (the latest available from your main site).I'm trying to update to version 3.4.10 since the message tells me that the update is available:!image-2022-10-27-18-50-00-402.png!If I click on the {{Update}} button, the following message appears:!image-2022-10-27-18-50-53-432.png!Error:{{{}Impossible to find the method 'Void SharpCompress.Readers.IReaderExtensions.WriteEntryToFile(SharpCompress.Readers.IReader, System.String, SharpCompress.Readers.ExtractionOptions)'{}}}.After clicking {{{}Cancel{}}}, the update message of course doesn't dispear and when I subsequently close Sourcetree, the next time I try to run it, it won't start.So I have to reinstall version 3.4.9, which is the latest available on your main site (!).The loop starts again at this point.I find two problems here: # The *latest version* available on your site should be {*}3.4.10{*}, not 3.4.9 # You should fix this problem in version 3.4.9 or provide a workaround.An alternative would simply be to list this as a known issue and redirect to the main site for the download of version 3.4.10Please let me know what you think about this issue."
"No Auto Refresh, Only manual refresh ",Done,Low,2020-01-13 08:26:00,2020-11-10 15:40:00,bug - UI - refresh,"Hi Team,Last week i have updated my sourcetree and after whatever changes i am doing into my IDE are not getting updated into source tree unstaged area (to see the updated changes everytime i need to restart my sourcetree) and the same things are happing even if i staged some files/with/with push.a I don't know whether someone else if facing this issue or not so kindly can you please take it on priority.this issue is really frustrated so can you please fix it ASAP."
Sourcetree Log keeps complaining,Done,Low,2020-02-10 11:35:00,2020-11-17 08:55:00,bug - log - errors,"Hi, after the latest release i started to see this issue a lot!, once it happens no matter how many times I restart the SourceTree, it'll keep happening.Description of the problem:the commit screen has staged and un staged sections, and the code changes on the right side section, when you do any action, it's not reloading the UI, for example if you stage a file, it will not throw any exception but UI won't refresh and you will see the file still in the un-staged section, then when you restart the SourceTree you would see the file moved to staging section normally,a Current behavior: UI is not refreshing by any action on the Commit screen (staging, unstaging, discarding, etc..)a Expected behavior: UI should always refresh to reflect the changes on the tool UI, as it was always do."
ree view: folders partially selected should be ticked with a grey tick,Done,Low,2019-10-06 15:31:00,2020-10-30 14:51:00,bug - UI - tree-view,"Hi,I am trying to install SourceTree in windowa 10 which is failing, I have tried archived versions and the latest one but no luck, attaching the log file for your ease."
Warning on remote icon,Done,Low,2020-01-23 00:38:00,2020-11-10 15:16:00,bug - UI - icons - remote,"Hi,in Version 3.3.6 the UI is not responding to some buttons. I.e. pressing the ""stage selected"" or ""stage all"" will not stage the modified files. Commit is not responding as well. Also Pull and Push results in some strange in between state of the UI.I had to revert to 3.3.4 to continue working.I selected 3.2.2 below because it is the latest available version in this bug tracking tool.?a "
Crash report,Done,Low,2020-12-24 07:35:00,2021-01-12 13:15:00,bug - crash - report,"Hi,When I do any action from my first tab project (fetch, pull, push, change the selected branch, ...), the display never refresh and then I have to quit and start again SourceTree to resfresh, in order to avoid errors while managing my project branches.a I thinked that was from my local repository. But after recloning my project in a new local repository renamed, same behaviour again. Then when I change the order of my tabs in SourceTree, the tab in first position only have the problem to not resfresh all actions !My version is 3.3.6 for Windows (not available in the Affects Version/s list below)Thanks !"
"Context menu options disappear, font is blurry",Done,Low,2021-08-26 11:24:00,2022-03-09 06:27:00,bug - UI - context-menu - font,"Hi. I am having an issue in SourceTree, because it uses log4net, and it has a vulnerabilitya CVE-2018-1285. How can i solve this vulnerabilitu, in order to use SourceTree securily?Thank you."
"Branches, tags, remotes hard to read in high-contrast mode",Done,Low,2019-11-02 00:45:00,2020-11-05 13:33:00,bug - UI - high-contrast,I am getting constant login prompts and still cant access repositories. Incorrect name or password message. I can login via browser or usinga  tools like GitExt. But even using gitext prompts me to enter password 2 to 3 timesa Real painPlease help
GitFlow needs to work with Pull Requests,Done,Low,2019-10-21 11:06:00,2021-08-02 12:17:00,bug - git-flow - pull-requests,"I am running Sourcetree for Windows 3.4.3 (Enterprise).I upgraded to the newest Git for Windows version, 2.31.0. With that upgrade, the ""Terminal"" button does not work anymore for Git Bash, i.e. nothing happens if I select it. If I disable ""Use Git Bash as default terminal"" in the options, it opens the Windows command prompt.With the older Git for Windows 2.30.2, it worked."
installation and registration issue,Done,Low,2020-01-13 06:55:00,2020-11-17 10:58:00,bug - installation - registration,"I can't Stage/Unstage files, I can't switch Branches. I can't really do anything at all. I'm on version 3.3.6 which wasn't available in the ""Affects Version/s"" drop-down for some reason."
Update impossible ,Done,Low,2022-10-29 05:55:00,2022-10-30 07:33:00,bug - update,"I get a message about a missing method:Method not found: 'Void SharpCompress.Readers.IReaderExtensions.WriteEntryToFile(SharpCompress.Readers.IReader, System.String, SharpCompress.Readers.ExtractionOptions)'.and then sourcetree fails to start.Yes, I realise you've had several other reports and issued a workround. But you've Done them all off. You obviously have no idea how much this is going to upset your users.You should remove the update until you've created something that 3.4.9 can update to, and if that's not possible, change the location of the updater and send an email to all your users advising them to manually update with instructions on how to do so.I know that mistakes happen, but the way you're dealing with this one is not professional"
Unable to log in to Sourcetree,Done,Low,2023-01-31 06:38:00,2023-02-02 07:20:00,bug - authentication - login,"I get a message in SourceTree saying that a new SourceTree update is available for download. I press the update button but after a few seconds I get a messagebox popup with the title Error saying:There was an error during the update process.The method wasn't found: Void SharpCompress.Readers.IReaderExtensions.WriteEntryToFile(SharpCompress.Readers.IReader, System.String, SharpCompress.Readers.ExtractionOptions).!image-2022-10-11-00-03-09-855.png!a I only have the option to press the Cancel button after that so the update never takes place.a "
SourceTree does not open,Done,Low,2019-12-21 17:30:00,2020-03-25 15:26:00,bug - startup,"I get the following error when I selected update to 3.4.10:Method not found: 'Void SharpCompress.Readers.IReaderExtensions.WriteEntryToFile(SharpCompress.Readers.IReader, System.String, SharpCompress.Readers.ExtractionOptions)'."
Not able to clone git repos,Done,Low,2021-04-18 03:57:00,2021-04-22 06:21:00,bug - clone - repositories,"I had three files with detected changes: two were .resx files, the other one was a submodule file.As soon as I selected the first one, and tried to select the second, SourceTree froze, and Done after a while.The Windows Event Viewer reports this exception:{code:java}Application: SourceTree.exeFramework Version: v4.0.30319Description: The process was terminated due to an unhandled exception.Exception Info: System.InvalidOperationException   at DynamicData.Kernel.OptionExtensions.ValueOrThrow[[DynamicData.Kernel.ItemWithIndex`1[[System.__Canon, mscorlib, Version=4.0.0.0, Culture=neutral, PublicKeyToken=b77a5c561934e089]], DynamicData, Version=6.13.0.0, Culture=neutral, PublicKeyToken=null]](DynamicData.Kernel.Optional`1<DynamicData.Kernel.ItemWithIndex`1<System.__Canon>>, System.Func`1<System.Exception>)   at DynamicData.List.Internal.Filter`1[[System.__Canon, mscorlib, Version=4.0.0.0, Culture=neutral, PublicKeyToken=b77a5c561934e089]].Process(DynamicData.ChangeAwareList`1<ItemWithMatch<System.__Canon>>, DynamicData.IChangeSet`1<ItemWithMatch<System.__Canon>>)   at System.Reactive.Linq.ObservableImpl.Select`2+Selector+_[[System.__Canon, mscorlib, Version=4.0.0.0, Culture=neutral, PublicKeyToken=b77a5c561934e089],[System.__Canon, mscorlib, Version=4.0.0.0, Culture=neutral, PublicKeyToken=b77a5c561934e089]].OnNext(System.__Canon)   at System.Runtime.ExceptionServices.ExceptionDispatchInfo.Throw()   at System.Reactive.Stubs+<>c.<.cctor>b__2_1(System.Exception)   at System.Reactive.ObserverBase`1[[System.__Canon, mscorlib, Version=4.0.0.0, Culture=neutral, PublicKeyToken=b77a5c561934e089]].OnError(System.Exception)   at System.Reactive.AutoDetachObserver`1[[System.__Canon, mscorlib, Version=4.0.0.0, Culture=neutral, PublicKeyToken=b77a5c561934e089]].OnErrorCore(System.Exception)   at System.Reactive.ObserverBase`1[[System.__Canon, mscorlib, Version=4.0.0.0, Culture=neutral, PublicKeyToken=b77a5c561934e089]].OnError(System.Exception)   at System.Reactive.Sink`1[[System.__Canon, mscorlib, Version=4.0.0.0, Culture=neutral, PublicKeyToken=b77a5c561934e089]].ForwardOnError(System.Exception)   at System.Reactive.Sink`1[[System.__Canon, mscorlib, Version=4.0.0.0, Culture=neutral, PublicKeyToken=b77a5c561934e089]].ForwardOnError(System.Exception)   at System.Reactive.Concurrency.Synchronize`1+_[[System.__Canon, mscorlib, Version=4.0.0.0, Culture=neutral, PublicKeyToken=b77a5c561934e089]].OnError(System.Exception)   at System.Reactive.Sink`1[[System.__Canon, mscorlib, Version=4.0.0.0, Culture=neutral, PublicKeyToken=b77a5c561934e089]].ForwardOnError(System.Exception)   at System.Reactive.ObserveOnObserverNew`1[[System.__Canon, mscorlib, Version=4.0.0.0, Culture=neutral, PublicKeyToken=b77a5c561934e089]].DrainStep(System.Collections.Concurrent.ConcurrentQueue`1<System.__Canon>)   at System.Reactive.ObserveOnObserverNew`1[[System.__Canon, mscorlib, Version=4.0.0.0, Culture=neutral, PublicKeyToken=b77a5c561934e089]].DrainShortRunning(System.Reactive.Concurrency.IScheduler)   at System.Reactive.Concurrency.DispatcherScheduler+<>c__DisplayClass12_0`1[[System.__Canon, mscorlib, Version=4.0.0.0, Culture=neutral, PublicKeyToken=b77a5c561934e089]].<Schedule>b__0()   at System.Windows.Threading.ExceptionWrapper.InternalRealCall(System.Delegate, System.Object, Int32)   at System.Windows.Threading.ExceptionWrapper.TryCatchWhen(System.Object, System.Delegate, System.Object, Int32, System.Delegate)   at System.Windows.Threading.DispatcherOperation.InvokeImpl()   at MS.Internal.CulturePreservingExecutionContext.CallbackWrapper(System.Object)   at System.Threading.ExecutionContext.RunInternal(System.Threading.ExecutionContext, System.Threading.ContextCallback, System.Object, Boolean)   at System.Threading.ExecutionContext.Run(System.Threading.ExecutionContext, System.Threading.ContextCallback, System.Object, Boolean)   at System.Threading.ExecutionContext.Run(System.Threading.ExecutionContext, System.Threading.ContextCallback, System.Object)   at MS.Internal.CulturePreservingExecutionContext.Run(MS.Internal.CulturePreservingExecutionContext, System.Threading.ContextCallback, System.Object)   at System.Windows.Threading.DispatcherOperation.Invoke()   at System.Windows.Threading.Dispatcher.ProcessQueue()   at System.Windows.Threading.Dispatcher.WndProcHook(IntPtr, Int32, IntPtr, IntPtr, Boolean ByRef)   at MS.Win32.HwndWrapper.WndProc(IntPtr, Int32, IntPtr, IntPtr, Boolean ByRef)   at MS.Win32.HwndSubclass.DispatcherCallbackOperation(System.Object)   at System.Windows.Threading.ExceptionWrapper.InternalRealCall(System.Delegate, System.Object, Int32)   at System.Windows.Threading.ExceptionWrapper.TryCatchWhen(System.Object, System.Delegate, System.Object, Int32, System.Delegate)   at System.Windows.Threading.Dispatcher.LegacyInvokeImpl(System.Windows.Threading.DispatcherPriority, System.TimeSpan, System.Delegate, System.Object, Int32)   at MS.Win32.HwndSubclass.SubclassWndProc(IntPtr, Int32, IntPtr, IntPtr)   at MS.Win32.UnsafeNativeMethods.DispatchMessage(System.Windows.Interop.MSG ByRef)   at System.Windows.Threading.Dispatcher.PushFrameImpl(System.Windows.Threading.DispatcherFrame)   at System.Windows.Application.RunDispatcher(System.Object)   at System.Windows.Application.RunInternal(System.Windows.Window)   at SourceTree.App.Main(){code}"
Remote not detected after username & password keyed in,Done,Low,2021-02-25 16:05:00,2021-03-02 12:41:00,bug - remote - authentication,"I have 2 repos open that use LFS. Every time I launch Sourcetree since updating to v3.4.2 I gat two prompts to download LFS files.!image-2021-01-14-09-17-18-155.png!Every time I click Yes, the pull appears to be successful, but I get the same prompt again next time I launch. This did not happen prior to v3.4.2.a "
SourceTree often converts repository remote from BitBucket to Generic,Done,Low,2019-12-17 14:43:00,2020-03-25 15:26:00,bug - remote - bitbucket,"I have 3 files in the `Unstaged files` section that I want to keep my version of for all. Instead of resolving each individually, I select all 3 files and right-click to `Resolve Conflicts` and resolve using `Mine`. Only the top file selected gets resolved, so I have to do this for every file. Bad user interface or bug."
Remote branch name resets to empty string when select for pushing the first time,Done,Low,2021-04-12 15:16:00,2021-05-21 06:25:00,bug - remote - branch,"I have installed putty and pageant outside of Sourcetree, and I have Pageant startup during OS boot so my key-file is always ready.Didn't quite notice it at first, so not sure which version it started at, but Sourcetree now causes Pageant to crash/close when it opens or closes, causing e.g. git commands and such from command line to suddenly start to failing for no apparent reason.Whenever I open or close Sourcetree now, I have to reopen Pageant and reload my key, including entering a long passkey. Super annoying. Sourcetree shouldn't close or cause any other applications to crash when it opens or when it closes.It happens on all 3 computers of mine. All running latest Windows, latest Pageant, and latest Sourcetree."
"Sourctree closes after ""Checkout in Sourctree"" button was used in BitBucket.",Done,Low,2020-07-28 05:43:00,2021-06-17 10:22:00,bug - crash - bitbucket,"I have latest Source tree 3.1.3 on windows 10 , when I try to add our Azure DevOps organization as Remote account I am getting following ""Authentication failed Object reference not set to an instance of an object""error . I have used Username and PAT which has needed scope and access. Appreciate any help on how to resolve this??? Following are the steps I performed after creating PAT in Azure DevOps with FULL ACCESS by following instructions in this URL [https://docs.microsoft.com/en-us/azure/devops/organizations/accounts/use-personal-access-tokens-to-authenticate?view=azure-devops]a +STEP:1+Click on Remote Tab -> Add an account!file:///C:/Users/10151443/AppData/Local/Temp/1/msohtmlclip1/02/clip_image001.png|width=1106,height=674!a +STEP:2+Enter or select following valuesHosting Service: Azure DevOpsHost URL: [https://organizationname.visualstudio.com/]Preferred Protocol: HTTPSAuthentication: Personal Access TokenThen clicked on ""Refresh Personal Access Token"" buttona a  !file:///C:/Users/10151443/AppData/Local/Temp/1/msohtmlclip1/02/clip_image001.png|width=867,height=674!+STEP:3+Entered username and PAT as password!file:///C:/Users/10151443/AppData/Local/Temp/1/msohtmlclip1/02/clip_image001.png|width=915,height=667!a Which returned following Authentication failed errora a  !file:///C:/Users/10151443/AppData/Local/Temp/1/msohtmlclip1/02/clip_image001.png|width=868,height=783!Please help in resolving this issue."
100% load on one core when typing commit message,Done,Low,2019-12-09 22:38:00,2020-11-17 14:14:00,bug - performance - commit-message,"I have my HP Elitebook Win 10 laptop hooked up to a second display. Using version 3.3.6 of Sourcetree.When I drag Sourcetree on the second display so I can see things a bit clearer it exhibits buggy behavior namely: * I click files to be staged and the UI does not update, although the command was successful in the back-end * The UI does not update to reflect that the files have been staged, i.e. they do not move up to the staged area window * The UI does not update after I enter a commit message to reflect the new state of message committed * After I have committed and I go back to History, the pane on the right hand side does not update to show new commit.Basically the product is unusable on a second monitor, which is where I want to be able to see things clearer, guess I will need to look at Github desktop, bemused this is not working.."
Add shortcuts for custom actions in Windows,Done,Low,2020-03-10 18:24:00,2021-04-06 11:57:00,feature - shortcuts - custom-actions,"I have pageant running continuously at startup (i.e. when I log in to my windows account on my machine). When I open sourcetree, and then close it again, sourcetree is erroneously closing pageant. If sourcetree is not configured to open pageant (at the time of starting sourcetree), it should also not then close pageant on exit.[Note: I have only experienced this issue since approximately 15 March 2021, following a windows update.]"
Application crashes when...,Done,Low,2021-03-27 14:54:00,2021-03-29 08:26:00,bug - crash,"I have setup Sourcetree so that it does not start pageant.I use many git tools on my machine and pageant is loaded at startup with specific scripts & keys.!image-2021-03-16-16-04-05-473.png!But when I close Sourcetree app, it stops my pageant process and thus I have to always restart it.I just re-installed Sourcetree on my new computer this week and used latest version 3.4.3.a I was not facing the same behavior on my previous computer. Unfortunatelly I cannot say which version it was, but it was a 'quite' recent one (probably less than 6 months).a _PS: 3.4.3 version is not available in the version list, so I put 3.4.3-beta_"
Update to 3.4.10 fails with 'Method not found' exception,Done,Low,2022-11-07 12:28:00,2022-11-07 12:29:00,bug - update - exception,"I have Sourcetree v3.4.9 that shows a notification to update to the latest version, but doing so will show an error:a {quote}Method not found: 'Void SharpCompress.Readers.IReaderExtensions.WriteEntryToFile(SharpCompress.Readers.IReader, System.String, SharpCompress.Readers.ExtractionOptions)'.{quote}a !image-2022-11-07-13-26-34-737.png!!image-2022-11-07-13-26-02-355.png!I tried to start Sourcetree as administrator, but it did not help."
Cannot install SourceTree on windows 10,Done,Low,2020-01-13 21:08:00,2020-11-10 15:12:00,bug - installation - windows-10,"I have to hit F5 in order to see any changes show up. For some reason the auto refresh is not working any longer. The version is 3.3.6.3829, but there isn't a selection for version 3.3.6 available.a "
Staging or discarding lines,Done,Low,2020-01-17 02:06:00,2020-11-10 15:14:00,bug - staging - discarding,I have to press F5 to get the UI to refresh properly.
SourceTree - closes soon after the application starts.,Done,Low,2022-03-18 15:46:00,2023-01-13 11:33:00,bug - crash - startup,"I have tried installing the latest version 3.4.8.0 and I still have this issue. Have uninstalled, rebooted reinstalled countless times with countless versions. Nothing fixes the issue. Any help?From log:ERROR [2022-03-18 09:31:52,069] [1] [Sourcetree.Composition.VSMef.Net48.CompositionExceptionHelper] [Log] - CompositionException [Import ""SourceTree.Security.DefaultSshKeyManager.Agents"" could not be satisfied.]"
When I stage files the windowd does not get updated,Done,Low,2020-01-28 11:03:00,2021-02-02 12:22:00,bug - UI - refresh,"I just installed *SourceTree* version *3.4.2* and find that I cannot create a pull request.In the previous version (not remembering which one I had installed) I could solve this with the recommendation indicated in [https://community.atlassian.com/t5/Sourcetree-questions/Unable-to-Create-Pull-Request-Default-Browser-Empty/qaq-p/1213475].But this no longer works. To be able to do the pull request I must do a _push_ and generate it directly on the web, this does work. But if I try it from SourceTree, a dialog tells me that ""You don't have any remotes wich have extended integration settings configured, blablabla ..."".When trying a _push_, it is very likely that I need to refresh my OAuth token, which for some reason is lost for this operation only.As much as I update my credentials, do a refresh of the OAuth token, nothing works.I can do _fetch, pull, tag, commit_ but not a _pull request_.a I think it is important to mention that my account in bitbucket is through google, that is, I have not created a user. Under this condition, to reproduce the behavior you just have to create a branch from Sourcetree in any repository and then try to create a pull request.The _*Remote*_ button on the toolbar never changes state, always showing the _exclamation point_ even though my credentials and token are correct and up to date.a "
SourceTree 3.3.6 Does Not Authenticate,Done,Low,2020-01-14 23:17:00,2020-11-10 15:13:00,bug - authentication,"I just installed SourceTree (v.3.3.6) on a new Dell XPS laptop running Win 10.I found that thea SourceTree UI fails to refresh after many things like file change, staging file, unstaging file, or comitingIt was not solved by uninstall or re-installIt was not solved by turning off then on the option: tools/options/general/refresh automatically when files changeI could not easily find relevant report with GoogleSo I have had to manage with frequent use of F5a By the way. Thanks for SourceTree.a  It's a wonderful tool!"
Stage/Unstage failing to move files,Done,Low,2020-01-14 09:04:00,2020-11-10 15:13:00,bug - staging - unstage,"I just updated to Sourcetree version 3.3.6 and the automatic refresh of files no longer works.a  I have to press F5 for Sourcetree to update.a  Prior to the update, I did not have to do this.a  I checked the settings and automatic refresh is checked.a  I unchecked it, saved that changed and then checked it again but that didn't resolve the problem.a Note: The ""Affects Version/s"" option does not show version 3.3.6 as an option to select so I just selected the highest version."
Automatic Refresh Seems Broken,Done,Low,2020-01-16 13:23:00,2020-11-10 15:14:00,bug - UI - refresh,"I just upgraded to v*3.3.6* of SourceTree.a a (THIS VERSION IS NOT AVAILABLE TO CHOOSE IN THE AFFECTED VERSIONS DROP DOWN LIST BELOW ... WHY?!?)Refresh is broken.a  The issues include: * Periodic refresh to show any remote updates I needed to pull. * When I Stage a change, the UI doesn't refresh and it appears the that action didn't work correctly because the file(s) stay/s in the ""Unstaged"" section until I manually refresh * When I commit a change, the File(s) listed in the ""Staged"" area (including the commit message) continue to stay in the text box giving the appearance that the commit didn't happen.a  It only updates if I manually refresh.I've tried uninstalling/reinstalling with no change.a  I've tried disabling/enabling any options I can find that relate to refresh with no obvious affect."
Sourcetree keeps crashing on Windows,Done,Low,2020-12-28 17:04:00,2021-01-12 13:15:00,bug - crash - windows,"I recently built a new PC, downloaded all my favourite apps for productivity including Sourcetree...a Downloaded 3.3.8 from the sourcetreeapp.com website as usual, When running I see the blue splash screen followed by a few seconds delay and then sourcetree loads. I've never seen the actual installation menuI cannot find the application when searching in Windows Search, Does not show up in Control Panel etc%AppData% shows various folders with JSON and XML configs in them.a Version 3.3.8 Does not exist in the lower ""Affected version"" box."
Stage selected button doesnt works,Done,Low,2020-02-02 15:38:00,2021-02-02 12:01:00,bug - UI - buttons,"I recently updated to SourceTree 3.4.2 and now when I try to clone a branch by clicking on a ""Checkout in Sourcetree"" link from our Bitbucket server, SourceTree simply disappears.a  I get the normal ""URL Actions"" window, and when I click *Checkout* (or even *Cancel*) the application simply closes: no error message and no crash dialog.a  When I re-open Sourcetree, the new branch has not been checked out.a  I've been working around this by checking out the branch from the ""Remotes"" node in the left hand pane.Is there any kind of log file that I could provide to help debug this problem?a  I looked ina C:\Users\<username>\AppData\Local\SourceTree and did not see anything."
Identification,Done,Low,2021-08-19 14:04:00,2021-08-23 06:16:00,bug - identification,"I run windows 10 in high contrast mode with a dark window background. Doing so renders text in the branches tree black on a grey background, which is hard to read. Unselected tags and remotes are rendered in grey on a grey background, making them impossible to read.High contrast settings:!image-2019-10-21-12-03-31-470.png!Sourcetree 3.2.6 (not 3.2.2 as I had to select below) GUI!image-2019-10-21-12-04-12-396.png!"
Sourcetree does not register local file changes,Done,Low,2019-10-16 14:42:00,2020-11-05 13:18:00,bug - UI - file-changes,"I run windows 10 in high contrast mode with a dark window background. Doing so renders text in the branches tree black on a grey background, which is hard to read. Unselected tags and remotes are rendered in grey on a grey background, making them impossible to read."
Refresh not working at all (AFAICT),Done,Low,2020-01-17 13:12:00,2020-11-10 15:14:00,bug - UI - refresh,"I updated sourcetree to version 3.3.6 - on this version any action that is done on file status bat is not refreshing view. I can stage file but is is not moving to staged files , same situation when I want to remove it from there. any changes don in repository are not showing. Commit is not refreshing staged files. To refresh any action I need to switch between repositories tabs."
File status > Tree view: folders partially selected should be ticked with a grey tick,Done,Low,2019-10-07 06:18:00,2020-10-30 14:53:00,bug - UI - tree-view,"I updated the old 3.3.6 version (maybe Windows program) to the new one 3.3.9 (Windows App).Everything worked fien before but nowa I'm trying to pull from a branch and I have this error.!image-2020-10-22-13-45-35-769.png!Nothing is changed from the previous version and I checked the Repository Settings where I can see the Path is ok (GitHub:<my company>/some_repo.git).Repository Details shows all the data, so its able to load it.About GitHub.I use my personal account and also a company account.This repo is on a company repo/account where I access with SSH.The SSH have unfortunately a password and the previous version (3.3.6) when started asked my to provide that password. If I skipped/ignored that step I think I had the same error, but I'm not sure. I wasn't able to pull/push for sure.The new version, 3.3.9, NEVER asks for the SSH password. I restarted it many times to check.I created a new record in Tools/Options/Authentication, it requried the OTP code and authorization from GitHub. Done.!image-2020-10-22-14-20-32-634.png!That error message is still there and not helping at all, I have the access rights but the tool is not using it.Regards,Alessandro Piccionea a "
Selecting of train direction: black rectangle after confirming empty field in destination search,Done,Low,2019-12-02 12:11:00,2020-11-17 14:08:00,bug - UI - search,"I upgrade the Sourcetree to 3.3.6, and then can not open the terminal anymore."
3.4.3-beta-1 issues,Done,Low,2021-02-23 08:06:00,2021-06-17 10:18:00,bug - beta - issues,"I work with several repositories on Bitbucket Server, and I checked them out with my employee account.Everything works fine, but every time I restart Sourcetree I get an exclamation mark on the Remote button:!image-2019-11-11-11-34-59-099.png!If I look into the repository settings I can see it has been switched to the Generic Account, rather than my remote account.If I select my account the exclamation mark disappear, but at the next restart I get the same issue.a (The version affected is 3.3.4, but I can't find it in the version list, so I selected the latest available)"
Add support for other authentication methods,Done,Low,2022-09-20 06:10:00,2022-09-22 11:27:00,feature - authentication,If repos are organized in folders in the Local Repositorya  pane they cannot be rearraigned into a specific order.a  How every they were put in the folder is how they are going to be ordered.a  This is pretty annoying especially if you want them in a specific order!image-2022-06-22-07-10-54-389.png!
Cannot fetch or pull on Sourcetree for windows,Done,Low,2021-02-08 09:10:00,2021-02-22 05:41:00,bug - fetch - pull,"If the repository list is large enough to require a scroll bar, it is very likely to freeze the sourcetree application window for a few seconds or indefinitely.Usually doesn't show up as ""Not Responding"", just a slightly higher CPU usage and unresponsive window. I then have to terminate the process and start it again, but with a large repository list it is almost guaranteed that my window will freeze within 5 seconds of opening the local repository list.Placing repos in folders helps to some extent, at this point I am not able to re-arrange the folders without freezing and simply resort to using the system file explorer or searching by the name directly without opening any folders.I check for updates for it says I am up-to-date. My version:a 3.8.8.3848. Since it didn't show up in the list of versions I selected the closest one.Steps:- Add repositories until the scrollbar appears in the Local Repository list- Scroll, select repos, open folders, for a few seconds (usually 5s)- Window will start freezing"
Staging Area Filter,Done,Low,2019-10-15 05:01:00,2020-11-04 12:00:00,bug - staging - filter,"I'm trying to pull some code from Bitbucket using SourceTree and I keep getting an authentication error. I've spent a few hours troubleshooting anything I could find in the community forums and I still have not found a solution.a This is the error:git -c diff.mnemonicprefix=false -c core.quotepath=false --no-optional-locks fetch origingit: 'credential-osxkeychain' is not a git command. See 'git --help'.fatal: remote error: CAPTCHA requiredYour Bitbucket account has been locked. To unlock it and log in again you mustsolve a CAPTCHA. This is typically caused by too many attempts to login with anincorrect password. The account lock prevents your SCM client from accessingBitbucket and its mirrors until it is solved, even if you enter your passwordcorrectly."
Log Selected Fails to show and causes full crash,Done,Low,2022-05-06 10:42:00,2022-05-26 05:09:00,bug - crash - log,"I'm using Sourcetree for Windows (11) 3.4.8.0. However, about a week ago, all remote branches disappeared from the main view. A Fetch fails to retrieve them. The config file for the remote repo has:[remote ""origin""]a a  fetch = +refs/heads/*:refs/remotes/origin/*Yet it willa _not_ show the remote branches on the UI. I can manually, via terminal, check out a branch, or check it out via the Checkout command (Shift + Ctrl + U) but I have always been able to simply double click the remote branch name in the UI to do the same thing. I tried uninstalling and reinstalling SourceTree and the problem persists."
Unable to Start SourceTree,Done,Low,2020-04-03 22:00:00,2021-01-22 10:50:00,bug - startup,"I'm using version 3.3.9 for Windows. The following reproduction steps lead to the issue. * Create a new Git repository. * Create two new files with many lines of text (large vertical width, enough to provoke a scroll bar in Sourctree). * Select both files in Sourcetree under ""Unstaged files"". * In the contents pane scroll to the bottom using the mouse scroll wheel. * Sourcetree will stop responding and must be Done from the task bar."
Misleading popup dialog when amending commit,Done,Low,2019-10-14 19:02:00,2020-11-05 13:24:00,bug - UI - popup,"I'm using version{color:#FF0000} 3.2.6{color}. (this version is not selectable in the Affects Version/s box).External diff does not do anything anymore.My global .gitconfig does NOT contain the [diff]a  and [difftool]a  sections.In preferences the 'SystemDefault' does not do anything. And if I select WinMerge which I always used, also nothing works (I triple checked the location of the winmerge executable).a "
Accounts for remote repo fails to connect ,Done,Low,2022-01-24 11:10:00,2022-01-25 05:00:00,bug - remote - connection,"I'm using Win10 v20H2 in Dark Mode, and Sourcetree v3.4.0.1 is also in dark mode, but when i tried to paste a text into Remote/Repository's URL input box using right-click, the popup menu is shown in light background, causing the text in menu item became invisible due to using light color too."
LFS file download prompt every time I launch Sourcetree since update to v3.4.2,Done,Low,2021-01-21 14:56:00,2021-01-22 10:08:00,bug - LFS - prompt,"In previous versions, if I selected ""Current Branch"" then Done/re-opened Sourcetree, it would still have ""Current Branch"" selected. In one of the recent updates, that feature broke and now ""All Branches"" is selected by default every time Sourcetree launches.a I am using Version 3.3.4, but it doesn't appear in the ""Affects Version/s"" selection so I just picked the highest number I could find."
Permanently loosing repository configuration ,Done,Low,2019-12-16 10:08:00,2020-11-17 14:15:00,bug - repository - configuration,"In Sourcetree 3.3.4, the sub-menu for Custom Actions has gone missing from the right-click (context) menu. Right-clicking on a modified file in the File Status view brings up the context menu as expected and the Custom Action items is present as expected, but the sub-menu with the individual custom actions is missing.The sub-menu appears as expected when Custom Actions is chosen from the Actions pad on the main menu, just not when Custom Actions is chosen from the right-click menu.Windows 10 Pro 64-bit."
Can no longer stage changes from working directory during Create Patch,Done,Low,2020-01-11 13:54:00,2020-11-10 15:10:00,bug - staging - patch,"In version 3.3.6, the UI is not updating unless a manual refresh (F5) is performed. This is working fine with 3.2.6 installed. I have tested the auto refresh on multiple computers and it is not working.While pressing F5 is a workaround, it is very annoying to require a keypress every time the window comes in to focus.3.3 is not an option for the 'affect versions' selectiona "
Highlighting single branch on graph view ,Done,Low,2020-02-17 13:51:00,2020-11-17 14:54:00,bug - UI - graph-view,In version 3.3.7 when changing branch or committing or basically anything that requires a refresh of the branch tree - No refresh happens. I have to manually press F5
unable to use sourcetree,Done,Low,2021-11-19 10:43:00,2022-03-09 06:11:00,bug - startup,In version 3.4.4 it was working. The application started to crash when accessing the remote repository.I updated to version 3.4.7 and now it generates the message: Failed to list repositories for user [xxxxx]I can't see the remote repositories.
Vary folder icon if it contains changed/untracked/etc. files,Done,Low,2021-01-27 12:23:00,2021-06-17 10:17:00,feature - UI - icons,"it is not possible to push if force push flag is activatednothing happens afterwards, there is an exception in log{{ERROR [2021-04-12 10:15:45,362] [31] [SourceTree.ViewModel.RepoDialogContainer] [Log] - WÄ…tkiem wywoÅ‚ujÄ…cym musi byÄ‡ STA, poniewaÅ¼ wiele skÅ‚adnikÃ³w interfejsÃ³w uÅ¼ytkownika go wymaga.}}{{System.InvalidOperationException: WÄ…tkiem wywoÅ‚ujÄ…cym musi byÄ‡ STA, poniewaÅ¼ wiele skÅ‚adnikÃ³w interfejsÃ³w uÅ¼ytkownika go wymaga.}}{{ w System.Windows.Input.InputManager..ctor()}}{{ w System.Windows.Input.InputManager.GetCurrentInputManagerImpl()}}{{ w System.Windows.Input.KeyboardNavigation..ctor()}}{{ w System.Windows.FrameworkElement.FrameworkServices..ctor()}}{{ w System.Windows.FrameworkElement.EnsureFrameworkServices()}}{{ w System.Windows.FrameworkElement..ctor()}}{{ w System.Windows.Controls.Control..ctor()}}{{ w System.Windows.Window..ctor()}}{{ w SourceTree.UI.Theme.Wpf.Controls.PerMonitorDpiWindow..ctor()}}{{ w SourceTree.View.Dialogs.NotificationDialogWindow..ctor(String title, String message, Object contentControl, RelayCommand contentCommand, String contentCommandLabel, String customActionLabel, String customCancelLabel, Boolean isError, RelayCommand suppressionCommand, VistaTaskDialogIcon icon)}}{{ w SourceTree.Notifications.NotificationsManager.ShowNotificationDialog[T](String title, String message, Tuple`2 customAction, String cancelLabel, String suppressionSetting, Action`1 suppressionChangedAction, Object contentControl, String contentCommandLabel, Action contentAction)}}{{ w SourceTree.Notifications.NotificationsManager.ShowNotificationDialog[T](String title, String message, String details, Tuple`2 customAction, String cancelLabel, String suppressionSetting, Action`1 suppressionChangedAction)}}{{ w SourceTree.Notifications.NotificationsManager.ShowNotificationDialog[T](String title, String message, String details, Tuple`2 customAction, String cancelLabel)}}{{ w SourceTree.Notifications.NotificationsManager.ShowNotificationDialogWithYesConfirmation(String title, String message, String details)}}{{ w SourceTree.Notifications.NotificationsManager.ShowNotificationDialogWithYesConfirmation(String title, String message)}}{{ w SourceTree.ViewModel.Git.GitPushDialogViewModel.FinalisePush()}}{{ w SourceTree.ViewModel.Git.GitPushDialogViewModel.SubmoduleDialogCompleted(AbstractDialogViewModel repoDlg, Int32 returnCode)}}{{ w SourceTree.ViewModel.AbstractDialogViewModel.Finish(Int32 returnCode)}}{{ w SourceTree.ViewModel.SubmoduleCheckDialogViewModel.<RefreshSubmodules>d__46.MoveNext()}}{{--- Koniec Å›ladu stosu z poprzedniej lokalizacji, w ktÃ³rej wystÄ…piÅ‚ wyjÄ…tek ---}}{{ w System.Runtime.ExceptionServices.ExceptionDispatchInfo.Throw()}}{{ w System.Runtime.CompilerServices.TaskAwaiter.HandleNonSuccessAndDebuggerNotification(Task task)}}{{ w System.Runtime.CompilerServices.TaskAwaiter.GetResult()}}{{ w SourceTree.ViewModel.RepoDialogContainer.<>c__DisplayClass9_0.<<PushDialog>b__0>d.MoveNext()}}"
Automatic refresh cannot be disabled,Done,Low,2020-12-27 13:32:00,2021-01-12 13:16:00,bug - UI - refresh,it is now going ahead from Bit bucket login step for installation on windows 7 machine with latest versiona please guide me for the same
Group repositories by project,Done,Low,2021-03-16 10:51:00,2021-06-17 10:25:00,feature - repositories - grouping,"It looks like SourceTree is trying to kill PAgent, but crashes because it doesn't have permissions to kill a PAgent process owned by another user.a Steps to reproduce:1) Windows Login to User A, and launch pagent2) Fast user switch to User B, who's not an admin3) Launch SourceTree4) SourceTree crashes"
Remote account reset at every restart,Done,Low,2019-11-18 21:52:00,2020-03-25 15:26:00,bug - remote - account,"I've been notified inside SRCTREE to update to v3.4.10 - but trying to do so always results in this error:a Method not found: 'Void SharpCompress.Readers.IReaderExtensions.WriteEntryToFile(SharpCompress.Readers.IReader, System.String, SharpCompress.Readers.ExtractionOptions)'.a Tried several times, on several systems (with Win 10)- always the same result"
Unable to Open Web Browser Error Message,Done,Low,2021-01-14 16:18:00,2021-02-22 05:49:00,bug - UI - browser,"I've configured Sourcetree to use a remote repository (Bitbucket) under *Settings*. Under *Optional extended integration*, I've selected my *<username>/Bitbucket Server* as the remote account. However, every time I close Sourcetree and reopen, the *Remote* button has a red exclamation mark overlay icon, and the *Remote Account* under *Optional extended integration* has switched back to *Generic Account/Generic Host*.I've tried this on versions 3.3.6 and 3.3.8 and in both versions it switches back to Generic Account. The last version where this was working correctly was 3.2.6.Please fix ASAP.a I can't find version 3.3.6 or 3.3.8 in the Affects Version/s drop-down list in this bug report, but it's a mandatory field, so I selected the first version in the list. Please ignore."
Digital Certificate validity period has expired.,Done,Low,2022-11-30 02:33:00,2023-01-04 04:38:00,bug - certificate - expired,"I've organized my local repositories into folders in SourceTree. If I want to re-order the local repositories inside a folder by dragging and dropping a selected item onto another position inside the folder, then this item is placed outside the folder afterwards.My original view looks like this: * Folder A ** Repo A1 ** Repo A2 ** Repo A3a  <- This one I want to move up before A2 * Folder BAfter I've dragged A3 and dropped it to its new position the view looks like this: * Folder A ** Repo A1 ** Repo A2 * Folder B * Repo A3a  <- A3 is placed outside folder A nowa "
"After updating to 3.3.6, file status windows do not update after any action taken",Done,Low,2020-01-13 22:47:00,2020-11-17 10:58:00,bug - UI - refresh,"I've version 3.3.6.3829. I've tried to stage files, but files still unstaged. After reopen application, files shows stageda "
Open tree to checked out branch,Done,Low,2020-02-19 00:20:00,2020-11-17 14:54:00,feature - UI - tree-view,"Just updated to 3.3.6 and it is failing to move files when any of the [Stage Selected], [Stage All], or [-] or [+] are clicked.a  After staging/unstaging files, if I then close SourceTree and reopen it, the files appear in the correct location.I selected version 3.2.2 below because, once again, the list has not been updated to reflect the versions being released.a  Really?Honestly, I'm getting tired of updates that have glaring bugs like this that get in the way of me working.a  Come on, this is an obvious bug; how could it have been missed during QA?"
paste path into sourcetree (with ctrl-v) selects the file,Done,Low,2021-03-18 13:42:00,2021-03-29 19:20:00,bug - UI - paste,"Let me cite https://jira.atlassian.com/browse/SRCTREEWIN-12853>Neither the menu Action -> Open in Terminal nor the ""Terminal"" button on the upper right open the Embedded GIT anymore.a  This has stopped working in the last few days.This exactly what is happening to me right now. Differently from above, I'm using the system Git. * SourceTree v3.4.3 * Windows 10 Pro 20H2 19042.870 * System Git version 2.31.0.windows.1"
Update to v3.4.10 fails,Done,Low,2022-10-31 17:22:00,2022-11-01 01:44:00,bug - update - crash,"Method not found: 'Void SharpCompress.Readers.IReaderExtensions.WriteEntryToFile(SharpCompress.Readers.IReader, System.String, SharpCompress.Readers.ExtractionOptions)'."
"Fix for  Git Buffer Overflow - CVE-2022-41903, CVE-2022-23521",Done,Low,2023-03-06 09:00:00,2023-03-07 06:11:00,bug - security - git,"Multiple Products Security Advisory - Git Buffer Overflow - CVE-2022-41903, CVE-2022-23521[https://confluence.atlassian.com/security/multiple-products-security-advisory-git-buffer-overflow-cve-2022-41903-cve-2022-23521-1189805967.html]a a All versions of Sourcetree for Mac and Windows are vulnerable. Is there a new Version (.msi)?"
`.git` folder DELETED on crash,Done,Low,2021-01-14 07:08:00,2021-02-22 05:44:00,bug - crash - .git,"My custom actions are completely broken in the latest Beta-3.3.0-3678.Following is just one example of many of my custom actions that no longer function. Custom actions have always been a bit screwy as can be seen by the fact I need to use this batch file (bashRunCmd.bat) to work around oddities with the way the parameters are passed.This particular script just opens a command prompt window in Beta 3.3.0. It works fine in SourceTree for Windows 3.2.6.Reflog Script to run: C:\git\tools\bashRuncmd.bat Parameters: C:\git\tools\git-merge-abort.sh $REPObashRuncmd.bat: SET mypath=%~dp0 start ""C:\Program Files\Git\git-bash.exe"" %1 %2 %3 %4 %5git-merge-abort.sh: #!/bin/bash git merge --abortAnd by the way why can't you guys get this JIRA system figured out? The ""Affects version/s"" field contains a list of versions which doesn't even include the latest released versions.  The version I was forced to put in there is inaccurate.a 1. Custom actions not displaying executions, nothing happens on click.2. Custom action witha multiple parameters are set .(In the parameter field,a œ$SHAa  $FILEa  was used.)a  And right click on one file of one commit and choose custom action , buta  the custom action I made earlier with single parameter was NOT displayed.a "
Crash when closing Options dialog,Done,Low,2020-10-14 13:17:00,2021-01-18 05:47:00,bug - crash - options,My SourceTree hangs whenever I tried to preview changes on different many files. The content is not very long but after clicking here and there it hangs/freezes. No 'Not Responding' at the taskbar. Just unclickable. I'm using Windows 10a I have no issue with my home laptop using Mac.a 
Bug in listing bitbucket repos,Done,Low,2022-01-12 08:56:00,2022-03-09 06:30:00,bug - bitbucket - repositories,"Navigate menu: Tools->OptionsSelect tab: General and set Dark ThemeSelect tab: AuthenticationSelect item under: Git Saved PasswordsClick EditThe ""Edit Password"" dialog text and button text is unreadable "
Interactive rebase show an empty GUI ,Done,Low,2021-01-08 12:34:00,2021-01-22 10:27:00,bug - rebase - UI,"NB: This is in version 3.38, but that version does not show up in the list of versions!I set up credentials for Bitbucket Server so I can create pull requests. Everything works fine until I exit Sourcetree. When I restart Sourcetree, my remote account integration settings are lost and I can no longer create a pull request. Likewise for ""View repository online"".I am using a ""saved account"". That is still present after a restart, but it is no longer assigned to the remote repo.The behavior is very similar to SRCTREEWIN-8293, but this happens even when I am connected to the host repo network when SourceTree starts, so the root cause may be different."
Sourcetree did not start with the last Windows update 2019-KB4533002,Done,Low,2020-01-13 09:52:00,2020-11-10 15:12:00,bug - crash - windows-update,"New install on W10, *3.3.6* I am unable to use Sourcetree as the interface does not refresh after any changes. For example, staging a file does briefly pop-up the log window, but nothing changes in the view. I then need to press F5 the file to move to the Staged files window.This behaviour is the same for pretty much all actions as far as I can tell - restarting the app does sometimes not show any difference either.It also doesn't automatically show changes made by other git applications to a repo.a This was working fine in W7.I have tired changing the ""auto-refresh"" settings and there is no change in behaviour.Using procmon I can see Sourcetree.exe is opening the repo folder presumably to scan for changes.a "
100% Disk usage,Done,Low,2021-02-23 11:14:00,2021-06-17 10:23:00,bug - performance - disk-usage,"On every startup, all git LFS repositories currently open trigger this dialogue:!image-2021-01-27-13-19-57-941.png!a See this thread for other people having the issues:https://community.atlassian.com/t5/Sourcetree-questions/sourcetree-asks-to-download-binary-content-for-git-lfs-on-every/qaq-p/1586342"
Cannot Load TimeZoneConverter when Linking Bitbucket Account,Done,Low,2020-03-30 03:12:00,2020-11-17 14:57:00,bug - timezone - bitbucket,"On GitLab repository files are not refreshed automaticallya To SourceTree see changes user have to refresh automatically (with F5)a All Refresh toggles in Options and Repository settings are enabled.a It was on versiona  3.3.7, couldn't set it in Issue because latest ""Affects Version/s"" there are 3.2.2/3.2.4"
SourceTree crashes while trying to clone empty repository,Done,Low,2021-11-26 08:41:00,2022-03-09 06:13:00,bug - crash - clone,"On my new Win 10 notebook Lifebook U7510*Cloning a new TFS-Git repo* using SourceTree 3.4.5 *always crashes* with the exception below.If I clone the TFS-Git repo using Git Bash and then just add it to SourceTree, everything works fine, pull, changing branch, etc.Exception from Windows Event Log:Application: SourceTree.exeFramework Version: v4.0.30319Description: *The process was terminated due to an unhandled exception.*Exception Info: System.*IndexOutOfRangeException* at *SourceTree.Repo.RepoHandlerGitOld.GetDefaultBranch(System.String)* at SourceTree.ViewModel.CloneNewDialogViewModel+<>c__DisplayClass212_0.<RefreshRemoteBranches>b__1() at System.Threading.Tasks.Task`1[[System.__Canon, mscorlib, Version=4.0.0.0, Culture=neutral, PublicKeyToken=b77a5c561934e089]].InnerInvoke() at System.Threading.Tasks.Task.Execute() at System.Runtime.ExceptionServices.ExceptionDispatchInfo.Throw() at System.Runtime.CompilerServices.TaskAwaiter.HandleNonSuccessAndDebuggerNotification(System.Threading.Tasks.Task) at System.Runtime.CompilerServices.TaskAwaiter`1[[System.__Canon, mscorlib, Version=4.0.0.0, Culture=neutral, PublicKeyToken=b77a5c561934e089]].GetResult() at SourceTree.ViewModel.CloneNewDialogViewModel+<RefreshRemoteBranches>d__212.MoveNext() at System.Runtime.ExceptionServices.ExceptionDispatchInfo.Throw() at System.Runtime.CompilerServices.TaskAwaiter.HandleNonSuccessAndDebuggerNotification(System.Threading.Tasks.Task) at System.Runtime.CompilerServices.TaskAwaiter.GetResult() at SourceTree.ViewModel.CloneNewDialogViewModel+<CheckSource>d__211.MoveNext()Exception Info: ReactiveUI.UnhandledErrorException at ReactiveUI.RxApp+<>c__DisplayClass11_0.<.cctor>b__2() at System.Reactive.Concurrency.Scheduler.Invoke(System.Reactive.Concurrency.IScheduler, System.Action) at System.Reactive.Concurrency.DispatcherScheduler+<>c__DisplayClass12_0`1[[System.__Canon, mscorlib, Version=4.0.0.0, Culture=neutral, PublicKeyToken=b77a5c561934e089]].<Schedule>b__0() at System.Windows.Threading.ExceptionWrapper.InternalRealCall(System.Delegate, System.Object, Int32) at System.Windows.Threading.ExceptionWrapper.TryCatchWhen(System.Object, System.Delegate, System.Object, Int32, System.Delegate) at System.Windows.Threading.DispatcherOperation.InvokeImpl() at MS.Internal.CulturePreservingExecutionContext.CallbackWrapper(System.Object) at System.Threading.ExecutionContext.RunInternal(System.Threading.ExecutionContext, System.Threading.ContextCallback, System.Object, Boolean) at System.Threading.ExecutionContext.Run(System.Threading.ExecutionContext, System.Threading.ContextCallback, System.Object, Boolean) at System.Threading.ExecutionContext.Run(System.Threading.ExecutionContext, System.Threading.ContextCallback, System.Object) at MS.Internal.CulturePreservingExecutionContext.Run(MS.Internal.CulturePreservingExecutionContext, System.Threading.ContextCallback, System.Object) at System.Windows.Threading.DispatcherOperation.Invoke() at System.Windows.Threading.Dispatcher.ProcessQueue() at System.Windows.Threading.Dispatcher.WndProcHook(IntPtr, Int32, IntPtr, IntPtr, Boolean ByRef) at MS.Win32.HwndWrapper.WndProc(IntPtr, Int32, IntPtr, IntPtr, Boolean ByRef) at MS.Win32.HwndSubclass.DispatcherCallbackOperation(System.Object) at System.Windows.Threading.ExceptionWrapper.InternalRealCall(System.Delegate, System.Object, Int32) at System.Windows.Threading.ExceptionWrapper.TryCatchWhen(System.Object, System.Delegate, System.Object, Int32, System.Delegate) at System.Windows.Threading.Dispatcher.LegacyInvokeImpl(System.Windows.Threading.DispatcherPriority, System.TimeSpan, System.Delegate, System.Object, Int32) at MS.Win32.HwndSubclass.SubclassWndProc(IntPtr, Int32, IntPtr, IntPtr) at MS.Win32.UnsafeNativeMethods.DispatchMessage(System.Windows.Interop.MSG ByRef) at System.Windows.Threading.Dispatcher.PushFrameImpl(System.Windows.Threading.DispatcherFrame) at System.Windows.Application.RunDispatcher(System.Object) at System.Windows.Application.RunInternal(System.Windows.Window) at SourceTree.App.Main()a "
Sourcetree Windows app v. 3.2.6 keeps crashing on commit,Done,Low,2019-10-04 11:57:00,2021-01-15 10:54:00,bug - crash - commit,"On new SourceTree 3.4.0 version interactive rebase not working,I'm having an empty white window with OK and Cancel buttons only."
Update from 3.4.9 beta to 3.4.10 beta fails,Done,Low,2022-09-29 14:15:00,2022-10-19 10:56:00,bug - update - beta,"On thea [https://www.sourcetreeapp.com/] the version is 3.4.9.But installed app on windows shows there is an update 3.4.10when clcikin to updating return this issue:_Method not found: 'Void SharpCompress.Readers.IReaderExtensions.WriteEntryToFile(SharpCompress.Readers.IReader, System.String, SharpCompress.Readers.ExtractionOptions)'._a After that sourcetree stops to running. To fix it need to find sourcee tree folder from local, delete the app-3.4.10 folder ðŸ“‚a Additional: thea  app-3.4.10 folder also is emptya "
SourceTree 3.4.10 seems to be positive to AgentTesla,Done,Low,2022-11-24 11:36:00,2023-01-04 04:40:00,bug - security - agentteslab,"once when I was using Sourcetree v2.1.11, every time I start there is comfirn dialog pop up said some dictionary file is invalid and should delete or not, and I chose not for then.today I update my Sourcetree to version 2.3.1 and the app just can not start up.somehow I found a solution: uninstall the version 2.3.1 and reinstall v2.1.11 and start it up, the dictionary file thing dialog shows up again and I chose YES to delete that file and then install the version 2.3.1 and it starts up normally.I'm sorry for nota providing the exact content of the confirm dialog since it won't show up any more, I just remember it's a .dic file related to office/16.0/ blablabla.And SORRY for my poor English.a Sourcetree is a great app, thank you team.a "
Interactive rebase fails,Done,Low,2021-01-14 00:47:00,2021-01-22 10:26:00,bug - rebase - interactive,"Open Repository Settings, Page ""Remotes"", select the default remote, click ""Edit"" -> crasha Can be reproduced every time. My repository is hosted on GitHub and was cloned using the Repository list inside SourceTree (I linked my GitHub account). Deleting and re-adding the same remote didn't change the problem.a The event log entry:|Anwendung: SourceTree.exe Frameworkversion: v4.0.30319 Beschreibung: Der Prozess wurde aufgrund einer unbehandelten Ausnahme beendet. Ausnahmeinformationen: System.NullReferenceException bei SourceTree.ViewModel.RemoteDetailsDialogViewModel.set_Url(System.String) bei SourceTree.ViewModel.RemoteDetailsDialogViewModel..ctor(SourceTree.Model.Repository, System.String, System.String, System.Collections.Generic.List`1<System.String>, SourceTree.Model.RepositoryRemoteProjectLink, System.Action`2<SourceTree.ViewModel.AbstractDialogViewModel,Int32>, SourceTree.CustomActions.ICustomActionsManager, SourceTree.Scheduler.ISchedulerManager, SourceTree.Repositories.IRepositoryManager, SourceTree.Diagnostics.ITraceManager, SourceTree.Scheduler.IDispatcher, SourceTree.Accounts.IAccountManager, SourceTree.Diagnostics.IFailureHandler, SourceTree.Dvcss.IDvcsManager, SourceTree.Repositories.IRepositoryMonitorManager, SourceTree.View.FileLists.IFileListViewManager, SourceTree.View.Container.IFileListContainerViewManager, SourceTree.View.Diff.IDiffViewManager, SourceTree.Configuration.IConfigurationManager, SourceTree.View.Process.IProcessDialogViewManager, SourceTree.View.ChangeSets.IChangeSetViewManager, SourceTree.Notifications.INotificationsManager) bei SourceTree.ViewModel.RepoSettingsDialogViewModel.EditRemote() bei MS.Internal.Commands.CommandHelpers.CriticalExecuteCommandSource(System.Windows.Input.ICommandSource, Boolean) bei System.Windows.Controls.Primitives.ButtonBase.OnClick() bei System.Windows.Controls.Button.OnClick() bei System.Windows.Controls.Primitives.ButtonBase.OnMouseLeftButtonUp(System.Windows.Input.MouseButtonEventArgs) bei System.Windows.RoutedEventArgs.InvokeHandler(System.Delegate, System.Object) bei System.Windows.RoutedEventHandlerInfo.InvokeHandler(System.Object, System.Windows.RoutedEventArgs) bei System.Windows.EventRoute.InvokeHandlersImpl(System.Object, System.Windows.RoutedEventArgs, Boolean) bei System.Windows.UIElement.ReRaiseEventAs(System.Windows.DependencyObject, System.Windows.RoutedEventArgs, System.Windows.RoutedEvent) bei System.Windows.UIElement.OnMouseUpThunk(System.Object, System.Windows.Input.MouseButtonEventArgs) bei System.Windows.RoutedEventArgs.InvokeHandler(System.Delegate, System.Object) bei System.Windows.RoutedEventHandlerInfo.InvokeHandler(System.Object, System.Windows.RoutedEventArgs) bei System.Windows.EventRoute.InvokeHandlersImpl(System.Object, System.Windows.RoutedEventArgs, Boolean) bei System.Windows.UIElement.RaiseEventImpl(System.Windows.DependencyObject, System.Windows.RoutedEventArgs) bei System.Windows.UIElement.RaiseTrustedEvent(System.Windows.RoutedEventArgs) bei System.Windows.Input.InputManager.ProcessStagingArea() bei System.Windows.Input.InputManager.ProcessInput(System.Windows.Input.InputEventArgs) bei System.Windows.Input.InputProviderSite.ReportInput(System.Windows.Input.InputReport) bei System.Windows.Interop.HwndMouseInputProvider.ReportInput(IntPtr, System.Windows.Input.InputMode, Int32, System.Windows.Input.RawMouseActions, Int32, Int32, Int32) bei System.Windows.Interop.HwndMouseInputProvider.FilterMessage(IntPtr, MS.Internal.Interop.WindowMessage, IntPtr, IntPtr, Boolean ByRef) bei System.Windows.Interop.HwndSource.InputFilterMessage(IntPtr, Int32, IntPtr, IntPtr, Boolean ByRef) bei MS.Win32.HwndWrapper.WndProc(IntPtr, Int32, IntPtr, IntPtr, Boolean ByRef) bei MS.Win32.HwndSubclass.DispatcherCallbackOperation(System.Object) bei System.Windows.Threading.ExceptionWrapper.InternalRealCall(System.Delegate, System.Object, Int32) bei System.Windows.Threading.ExceptionWrapper.TryCatchWhen(System.Object, System.Delegate, System.Object, Int32, System.Delegate) bei System.Windows.Threading.Dispatcher.LegacyInvokeImpl(System.Windows.Threading.DispatcherPriority, System.TimeSpan, System.Delegate, System.Object, Int32) bei MS.Win32.HwndSubclass.SubclassWndProc(IntPtr, Int32, IntPtr, IntPtr) bei MS.Win32.UnsafeNativeMethods.DispatchMessage(System.Windows.Interop.MSG ByRef) bei System.Windows.Threading.Dispatcher.PushFrameImpl(System.Windows.Threading.DispatcherFrame) bei System.Windows.Application.RunDispatcher(System.Object) bei System.Windows.Application.RunInternal(System.Windows.Window) bei SourceTree.App.Main()|"
SourceTree doesn't remember Remote project configuration after restart,Done,Low,2020-12-24 16:50:00,2021-01-12 13:16:00,bug - remote - configuration,"Please note: I am currently using SourceTree v3.3.7. This is not an available option under 'Affects Version/s' so I selected 3.2.2.I use Source Tree by creating several different folders each folder has several repositories.A few versions back, sorry I don't know which version (around October 2019?), after an update I opened SourceTree and all my bookmarks had been lost.I figured it was due to an incompatibility between versions so I went through the task of restoring all of my current bookmarks.Now, on a regular basis, when I open SourceTree a large number of bookmarks will be lost. There does not seem to be anything consistent with how this happens but I am monitoring this more closely and will report back if I can replicate the issue with some sort of regularity."
Windows context menu colors for dark theme,Done,Low,2022-04-11 07:31:00,2023-01-04 04:48:00,bug - UI - dark-theme,"Please reopen the Issue SRCTREEWIN-8529, because the Bug is not solved!Unfortunately, it is not possible for us users to reopen a bug.a But the error continues to occur and repeatedly causes queries and confusion among our users.a "
Open remote - URL customization,Done,Low,2020-10-22 13:22:00,2020-10-30 10:00:00,bug - remote - repositories,Preconditions:Steps to repoduse:1. Open http://nibulon.com/data/zakupivlya-silgospprodukcii/kalkulyator-znizhok.html 2. Leave default values in the drop-downs3.Enter letter into index fienlds4. Press enterExpected results: Enter humidity index %Actual results: Enter refuse indicator %
Sourcetree Support Website links to Mac version of suggestions and bugs,Done,Low,2022-11-16 10:16:00,2023-02-10 10:51:00,feature - remote - URL-customization,"Really tiny issue and easy to fix, I guess. First thought it was an app menu item issue, but it's the Jira-page needing an extra button for Windows vs Mac versions.a *Problem*When in Sourcetree for Windows go to menu {*}Help{*}, {*}Sourcetree Support Website{*}, you go toa [https://support.atlassian.com/sourcetree/]Here you click button {*}View suggestions and bugs{*}, which links to[https://jira.atlassian.com/projects/SRCTREE/issues]Problem is, this is the {*}Mac version{*}, but I'm coming from the Windows app.a *Solution*Is it possible to add an extra button on the Sourcetree Support Website ([https://support.atlassian.com/sourcetree/)] so it has these two buttons with the affixed link locations: * [*View suggestions and bugs (Mac version)*|https://jira.atlassian.com/projects/SRCTREE] * *View suggestions and bugs (Windows version)*a a a !image-2022-11-16-11-16-26-011.png!"
Error in the input field when the humidity indicator is from 50 to 100%,Done,Low,2020-02-25 19:25:00,2021-01-22 10:40:00,bug - remote - bitbucket - private-server,"Scrolling a file diff that just barely needs to be scrolled (less that ~3 lines),a usinga the mouse wheel completely freezes SourceTree and making it use ~20% CPU, and needs to be forcefully Done.Scrolling works without issues when diff is more than ~3 lines longer than what can fit in pane.This happens multiple times a day (more than 10) and making the app very painful to use.a There have been more issues on this: - Done without action[SRCTREEWIN-13220|https://jira.atlassian.com/browse/SRCTREEWIN-13220] - Reported for older version and has not gotten any attention[SRCTREEWIN-13305|https://jira.atlassian.com/browse/SRCTREEWIN-13305]"
Code signing timestamp is missing from SourceTree v3.2.6,Done,Low,2019-12-10 05:45:00,2021-02-02 12:02:00,bug - UI - input-field - humidity,Setting up commit links (for git repo) for Jira works OK - but the settings are lost when closing and restarting the app.Usinga  3.3.0-beta-3678
Auto Refresh doesn't work when files are changing (Version:  3.3.6.3829),Done,Low,2019-12-05 00:22:00,2020-11-05 14:03:00,bug - code-signing - timestamp,Since applying the latest beta (3.3.2-beta-3742) remotes are no longer refreshed automatically. They only update when I manually perform an operation (e.g press Fetch on the toolbar).I have the following Options setOptions->General->a (/) Check default remotes for updates every 10 minutesRepository Settings->Remotes->Remote details->a (/)a Default remoteRepository Settings->Advanced->(/)a Automatically RefreshRepository Settings->Advanced->(/)a Refresh remote status in the background
Push dialog empty,Done,Low,2019-12-09 10:17:00,2021-02-22 05:39:00,bug - UI - refresh,"Since installing version 3.4.2 of Sourcetree for Windows, I am not able to create pull requests.My previous version of Sourcetree was 3.3.9, so I don't know where the problem started.I have tried uninstalling Sourcetree completely and reinstalling it, but the problem still persist.This is a problem similar to the one reported here https://jira.atlassian.com/browse/SRCTREEWIN-12482 but this time the workaround doesn't work any more."
git log failed with code -1: Access is denied,Done,Low,2020-01-23 07:38:00,2020-11-10 15:17:00,bug - push - dialog,"Since the 3.3.6.3829 update Sourcetree seems to fail to update the display after operations are done (committing, changing branch), always requiring a manual refresh to show the new state.Ignore version in field below since the current release isn't available to select.a a "
Issue with SSL protocol in Sourcetree older versions,Done,Low,2020-01-15 16:09:00,2020-11-17 10:59:00,bug - git-log - access-denied,Since this version changes detection is broken (i have to press F5 or change tab with repo)!
SourceTree User Interface does not refresh automatically in a fresh Win 10 install ,Done,Low,2020-01-14 03:36:00,2020-11-10 15:13:00,bug - SSL - security,"Since updating my Sourcetree to Version 3.3.6, I have been observing that Sourcetree's window does not reflect any immediate change after performing actions such as: * Discarding a file from a possible commit * Selecting a single file for a commit * Pushing a commitThe actions do actually happen. It is just that Sourcetree is not showing those actions immediately.One workaround is to select to see the contents of another branch or move to a different view (like from the commit window to the branch contents, for example) in order to see the updated status after you have performed the action. Another workaround is to close Sourcetree and then reopen it.(Note: could not type in 3.3.6 for the version number in the ""Affects Version/s"" field as the dialog would not allow me to do so)."
Can't login to bitbucket so I can't use the software,Done,Low,2020-12-13 16:07:00,2021-01-22 10:31:00,bug - UI - refresh - windows-10,"Since updating to 3.4.2, I typically receive this popup when launching Sourcetree!image-2021-01-21-14-53-57-608.png|width=466,height=194!(Run 'git lfs pull' now?a  The repository .. is using Gif LFS but it appears the binary content hasn't been downloaded yet.a  Do you want to download the LFS files required by your current checkout?)I seem to get this every time I launch SourceTree, even if nothing has changed (and everything is already downloaded and\or clicking ""yes"", etc.)"
Sourcetree closes on Cancelling the checking out branch from browser,Done,Low,2021-02-26 17:00:00,2021-02-26 17:01:00,bug - authentication - bitbucket,"Since upgrading to *Sourcetree 3.3.4*, we are getting an error message when trying to create a pull request.!image-2019-11-08-09-06-33-332.png!Also, the ""Remote"" button, located on the top right of the Sourcetree window, is now showing a red exclamation mark. When this button is clicked another error message is shown ""Unable to open your web browser to <remote URL>, do you have a default web browser set?""Going to Setting as suggested by the first error above, selecting the your remote, clicking ""Edit"", then without changing anything, clicking OK to close that window, and then OK again to close the ""repository settings"" window, fixes the error and pull requests can be created again, but only temporarily, until Sourcetree is Done.The next session of Sourcetree will still show the error when creating a pull request.a _Note_: This error happens in version *3.3.4*, not in version 3.2.4, but when creating the issue here and typing 3.3.4 in the ""Affects Version/s"" edit box, I get an error saying that that version doesn't exist.a There's a community question related to this:https://community.atlassian.com/t5/Sourcetree-questions/Unable-to-Create-Pull-Request-Default-Browser-Empty/qaq-p/1213475"
Discarding multiple unstaged files consumes too much memory,Done,Low,2021-09-29 18:09:00,2022-03-09 06:26:00,bug - crash - checkout,some errors show up as shown in the screenshot and when I try to clone the repo the sourcetree software crashes and closes.!image-2022-01-04-12-38-58-699.png!
SourceTree Returns Incomplete & Inaccurate List of Repositories from Bitbucket Server,Done,Low,2021-01-29 13:16:00,2021-02-01 04:32:00,bug - performance - memory - discard,"Sometimes, when I was scrolling the stages panel, the application blocks and then I need to restart it."
Drag/drop of local repositories does not work correctly,Done,Low,2020-11-03 13:10:00,2021-12-06 16:10:00,bug - bitbucket - repositories,"Source tree crashes everytime i open , I have uninstalled and installed many times"
SourceTree W10 not refreshing GUI on any action,Done,Low,2020-01-13 19:21:00,2020-11-10 15:12:00,bug - drag-drop - repositories,"Source tree doesn't show the up-to-date state of files.For example, I had 3 files with changes, I reverted one via source tree that file still is showing it on commit list. I re-opened the sourcetree and it showed the correct files (2 files)I also changed branches and it didn't reflect on UI and still showing the wrong branch highlighted.Clicking on stage doesn't show any change on screen (as if files have not been staged)I re-installed the source tree and the same issue is happening.a It's a very dangerous situation because you trust what you see on UI but actually it is not the correct state.a version 3.3.6 (This version is not available on affects versions list)windows 10"
I am not able to sourcetree with my repository(Azure) ,Done,Low,2021-01-07 17:07:00,2021-01-07 17:08:00,bug - UI - refresh - windows-10,Source tree will not refresh when changing branches not when files have been committed.When I try to switch branch UI does not get refreshed that I have changed(checked out) branch. I need to open and close program to make it work.If I commit I need each time to hit F5 to refresh and get new commit history.a Can not set affected version that is correct it is 3.3.6!image-2020-01-28-16-09-37-391.png!
Sourcetree for Windows crash after a few seconds.,Done,Low,2022-04-19 15:39:00,2022-04-28 13:05:00,bug - authentication - azure,"SourceTree 3.4.6 is shipping outdated putty binaries:app-3.4.6\tools\putty\ pageant.exe, plink.exe, puttygen.exe""Pageant: Release 0.70.2-Sourcetree""""plink: Release 0.70.2-Sourcetree""""PuTTYgen Release 0.70.2-Sourcetree""Not sure if 0.70.2-Sourcetree is 0.70 or if fixes get backported.a Current Putty Version 0.76 (released 2021-07-17)Sourcetree Putty Version 0.70 (released 2017-07-08)https://www.chiark.greenend.org.uk/~sgtatham/putty/changes.html"
Bug found in sourcetree 3.2.6,Done,Low,2019-12-01 11:41:00,2020-11-02 17:34:00,bug - crash - startup,"Sourcetree 4.0 comes with the following changes{quote}*Changes**macOS Dark Mode*Choose from automatic, light, or dark at a clickReplaces the previous custom Atlassian dark theme{quote}With all due respect, these two changes are broken.Previous Atlassian dark theme was better in the sense of better colour contrast.!image-2019-10-29-11-07-49-998.png|width=255,height=348!In the attached screenshot you can see that the transparency of the sidebar doesn't play well with the number of commits ahead/behind.a Also, I cannot switch between Light/Dark theme. Now it's only Dark.PS:""a Sourcetree 4.0 - Major Release [22 October 2019]"" is not part of the ""Affects Version"" lista "
AskPass error dialog (0xc0000142) keeps popping up over other apps,Done,Low,2019-12-21 22:02:00,2021-07-29 11:56:00,bug - crash - windows,Sourcetree closes pageant on exit even if it hadn't been started by Sourcetree.*Issue reproduction:* # Make sure that Options->General->'Automatically start SSH agent when Sourcetree opens' option is disabled and close Sourcetree. # Start external (=not provided with Sourcetree) pageant instance. # Start Sourcetree. # Close Sourcetree_Result:_Pageant is Done._Expected behaviour:_Sourcetree should not stop pageant if it hadn't been started by Sourcetree. Pageant can be used by other applications.a 
"Lack ""go back"" button in ""Return tickets"" form",Done,Low,2019-11-28 18:03:00,2020-11-17 14:07:00,bug - askpass - error,Sourcetree commit is not responding - every time it asks for credentials and then does nothing after.a Version in use isa 3.3.8 Sourcetree for Windows.
WTF ??? Not display branches,Done,Low,2019-11-21 06:15:00,2021-02-01 05:59:00,bug - UI - branches,"SourceTree for Windowsa after update to 3.4.1 unable to create pull request - says thatWTF? I use Atlasian Bitbucket server, WHY this stuff is broken from version to version of SourceTree????""[Window Title]Remote project configuration[Content]You don't have any remotes which have extended integration settings configured; you need to edit your remotes to add details such as the hosting type and base URL. Click the Settings button to open your remote list.[Settings] [Cancel]"""
Provide an option in Rename Branch Dialogue to force Rename (ie git branch -M),Done,Low,2020-02-12 19:33:00,2021-02-22 05:44:00,feature - branch - rename,SourceTree version : 3.3.4.3796When I configure a Commit text Link and close SourceTree I can see the correct configuration in \.git\sourcetreeconfig.json.If I reopen SourceTree I see that the configured Commit text Link has been deleted.(just after reopening of SourceTree the file \.git\sourcetreeconfig.json is already overwritten with the deleted configuration)remark: because the field 'Affects Version/s' is required but my version is not available I added an existing but wrong version in this field. My version :a 3.3.4.3796
Failure to update display after operations,Done,Low,2020-01-22 12:04:00,2020-11-17 14:35:00,bug - UI - refresh,"Sourcetree version 3.3.4Git embedded 2.21.0Windows 10 Pro 10.0.18363If Use Git Bash option is selected, Terminal button does not work, if unselected, a cmd prompt window is opened correctly. Seems to be a pathing issue with the terminal button and git bash executable"
Pair Programming Note In Commit ,Done,Low,2021-02-01 07:27:00,2021-02-01 08:30:00,bug - commit - pair-programming,"Sourcetree versions after 3.1.3 are using a different web api to retrieve the list of remote repositories from a Bitbucket Server remote. These new api's do not return the list of repositories correctly.I'm unsure if this is a bug in Sourcetree (using bad api calls), or if its a bug in Bitbucket Server (does correctly implement new api's)."
Upgrade to 3.3.6 has major problems,Done,Low,2020-01-23 09:09:00,2020-11-10 15:17:00,bug - update - crash,"Sourcetree was working really well until I upgraded to 3.3.6 for Windows yesterday and now there are major issues with the interface: # The labels on the tabs has changed to the base folder name (this had been previously fixed); # When you click on a branch, nothing happens; you have to change tab, then come back to see the focus move to the selected node; # When you select changes to commit, nothing happens;a  you have to change tab, then come back to see the selected changes move to the top window."
Push to form is committing to master repository,Done,Low,2019-11-05 16:45:00,2020-11-05 14:04:00,bug - push - master,"SourceTree Windows 3.2.6 running on Windows 10.(Windows 10 is running as VM on Parallels Desktop on macOS 10,16)In SourceTree Windows, do Tools | Options | GitPush Branches option is set to ""matching""Change the Push Branches option to any other value, such as ""upstream""Click OKReopen the options dialog with Tools | Options | GitThe Push Branches option is still set to ""matching"" instead of ""upstream"" (FAIL)."
Ability to hide diff pane in File Status view,Done,Low,2020-09-11 13:15:00,2021-01-22 10:32:00,feature - UI - diff-pane,"SourceTree Windows updated yesterday to 3.4.2, now everytime I open the app I get prompted to download Git LFS for every repository.a a Version is 3.4.2 which is not listed in Jira as an option."
Main Sourcetree window doesn't update automatically,Done,Low,2020-01-19 14:29:00,2020-03-25 15:27:00,bug - UI - refresh,"Steps to reproduce: # Open [https://nibulon.com/data/zakupivlya-silgospprodukcii/kalkulyator-znizhok.html] # Select an arbitrary value in the delivery base # Choose an arbitrary culture # Enter a humidity indicator between 50 and 100%Expected result:a a a  ""Ð’Ð²ÐµÐ´Ñ–Ñ‚ÑŒ Ð¿Ð¾ÐºÐ°Ð·Ð½Ð¸Ðº Ð²Ð¾Ð»Ð¾Ð³Ð¾ÑÑ‚Ñ– Ð¼ÐµÐ½ÑˆÐµ 50%""Actual resulta a a ""Ð’Ð²ÐµÐ´Ñ–Ñ‚ÑŒ Ð¿Ð¾ÐºÐ°Ð·Ð½Ð¸Ðº Ð²Ð¾Ð»Ð¾Ð³Ð¾ÑÑ‚Ñ– Ñƒ %""a !image-2020-02-15-14-43-06-299.png|width=313,height=63!a a "
RCE via git-lfs in Sourcetree for Windows - CVE-2021-21237,Done,Low,2021-03-08 10:15:00,2021-10-22 11:38:00,bug - security - RCE - git-lfs,"Steps to reproduce: # Open repository settings # Go to edit remote dialog # Fill in Legacy account settings i.e. for Bitbucket Server # Click Ok in Remote details dialog # Click Ok Repository settings dialog # Restart SourceTree # Open Remote details againExpected integration settings to be savedActually, integration settings are empty"
Embedded PuTTY replaces running instance of PuTTY,Done,Low,2021-03-25 09:48:00,2021-04-07 13:34:00,bug - putty - embedded,Terminal cannot be opened when system git is enabled in v3.3.4 or later. It was available in v3.2.6Nothing happens when I press the terminal button in the upper right corner.a sourcetree.loga -------------SourceTree.Repo.RepoHandlerGitOld] [Log] - UNable to bash start process for 'C:\Users\<project pass>'--------------a 
Test Bug,Done,Low,2022-11-10 05:42:00,2022-11-11 06:48:00,bug - test,Test Bug
Restore the amend checkbox,Done,Low,2022-06-22 11:11:00,2022-06-23 06:23:00,bug - amend - checkbox,"The content of the update dialog is unreadable in Dark-mode on Windows, as seen in the red marked areas.Sourcetree-Version 3.4.6.a !image-2021-11-18-14-55-29-338.png|width=608,height=296!"
Sourcetree on exit terminates pageant process while it should not,Done,Low,2021-03-22 12:16:00,2021-03-24 13:57:00,bug - pageant - exit,"The current Sourcetree version 3.4.3 terminates a running pageant process even though it was not started by Sourcetree.The corresponding option to start pageant when Sourcetree is started is disabled. The running pageant process should not be touched by Sourcetree if it was not started by Sourcetree itself.This behavior has not been noticeable in previous versions. This behavior is traceable on two different Windows installations.Besides, the versions of putty-tools installed with Sourcetree are a bit outdated.The current version 3.4.3 cannot (yet) be selected for the bugreport."
Diff Panel not showing the changes,Done,Low,2022-12-27 03:55:00,2023-01-16 04:22:00,bug - diff - panel,The diff panel is not showing the differences in the bottom right side in versions3.4.10 and 3.4.11The version 3.4.9 is working fine.
SourceTree forgets my bitbucket authentication,Done,Low,2019-12-17 13:47:00,2020-03-25 15:27:00,bug - authentication - bitbucket,"The Digital Certificate validity period has expired on the 28th of Nov 2022. This is causing alerts in security monitoring software for use. Please see the attached screen shot of a fresh install, downloaded and installed today from the main website.a !image-2022-11-30-15-33-37-308.png!"
Cascadia Code - Selected font weight ignored,Done,Low,2022-10-27 15:02:00,2022-10-28 03:13:00,bug - UI - font - cascadia-code,The Download for Windows link points to [https://product-downloads.atlassian.com/software/sourcetree/windows/ga/SourceTreeSetup-3.4.9.exe]a It should point to[https://product-downloads.atlassian.com/software/sourcetree/windows/ga/SourceTreeSetup-3.4.10.exe]a 
Note when reset to other branch commit,Done,Low,2022-09-28 10:58:00,2023-01-04 04:53:00,bug - reset - branch,"The dropdown that lets you select which organization to show repositories from is blank.I am using Sourcetree 3.4.9 authenticated with OAuth to a Bitbucket hosted by Atlassian.!image-2022-09-28-12-53-24-052.png|width=616,height=211!Related questions on Atlassian community:[Why is the dropdown for Organization Repos showing... (atlassian.com)|https://community.atlassian.com/t5/Sourcetree-questions/Why-is-the-dropdown-for-Organization-Repos-showing-blank/qaq-p/2058592#U2147502][Workspaces are ""blank"" when selecting remote repos... (atlassian.com)|https://community.atlassian.com/t5/Sourcetree-questions/Workspaces-are-quot-blank-quot-when-selecting-remote-repos-in/qaq-p/1967986#M41171]Related stack overflow:[bitbucket - Workspaces are ""blank"" when selecting remote repos in Sourcetree - Stack Overflow|https://stackoverflow.com/questions/71423053/workspaces-are-blank-when-selecting-remote-repos-in-sourcetree]"
Tabs are not refreshed automatically,Done,Low,2020-01-30 11:37:00,2020-11-17 14:43:00,bug - UI - tabs - refresh,The initial box comes up for the install. I click BitBucket. It opens a page and says authentication successful you can close this. Then nothing else happens. The Next button never becomes highlighted to continue with the installationa And what got downloaded was version 3.3.6 but it's not in the list. How do I get an older version that maybe will work
Didcount calculator unclear error message when entering letters into index field,Done,Low,2020-01-22 14:35:00,2020-11-10 15:16:00,bug - UI - error-message,"The last couple versions seem to have broken something. I noticed it around the same time as the fix for populating the branch name when pushing a local branch to origin. The behavior is when I perform an operation like checking out a different branch by double-clicking, the UI never updates to show the new branch checked out. Or if there is a change I need to pull from origin and I click 'Pull' the UI doesn't update to show that the branch is up-to-date. I've tried the following: * I uninstalled, deleted <login>\AppData\Local\Atlassian, reinstalled, re-added my repo and still get the same behavior * It has to do with one local repo in particular. I've added other local repos, even clones of the same repo, and they seem to work fine. The repo is pretty large. I Done Sourcetree, tried a git clean -xfd, reloaded Sourcetree and the problem persists.The version is 3.3.7 but the dropdown below isn't allowing it."
Creating new branch does not create branch on remote,Done,Low,2020-05-12 23:49:00,2020-11-10 05:30:00,bug - branch - remote,"The lastest version of SourceTree suffers from huge rendering stalls which make it unusable. Attaching a mixed-mode debugger and breaking execution during a stall yields the following stack trace:a a ... WindowsCodecsExt.dll!CIcmColorTransform::Initialize() Unknown WindowsCodecsExt.dll!IWICColorTransform_Initialize_Proxy() Unknown PresentationCore.ni.dll!00007fffdce261fd() Unknown [Managed to Native Transition]  PresentationCore.dll!System.Windows.Media.Imaging.ColorConvertedBitmap.FinalizeCreation() Unknown PresentationCore.dll!System.Windows.Media.Imaging.BitmapSource.CreateCachedBitmap(System.Windows.Media.Imaging.BitmapFrame frame, System.Windows.Media.Imaging.BitmapSourceSafeMILHandle wicSource, System.Windows.Media.Imaging.BitmapCreateOptions createOptions, System.Windows.Media.Imaging.BitmapCacheOption cacheOption, System.Windows.Media.Imaging.BitmapPalette palette) Unknown PresentationCore.dll!System.Windows.Media.Imaging.BitmapFrameDecode.FinalizeCreation() Unknown PresentationCore.dll!System.Windows.Media.Imaging.BitmapSource.CompleteDelayedCreation() Unknown PresentationCore.dll!System.Windows.Media.Imaging.BitmapSource.WicSourceHandle.get() Unknown PresentationCore.dll!System.Windows.Media.Imaging.BitmapSource.DUCECompatiblePtr.get() Unknown PresentationCore.dll!System.Windows.Media.Imaging.BitmapSource.UpdateBitmapSourceResource(System.Windows.Media.Composition.DUCE.Channel channel, bool skipOnChannelCheck) Unknown PresentationCore.dll!System.Windows.Media.Imaging.BitmapSource.AddRefOnChannelCore(System.Windows.Media.Composition.DUCE.Channel channel) Unknown PresentationCore.dll!System.Windows.Media.Imaging.BitmapSource.System.Windows.Media.Composition.DUCE.IResource.AddRefOnChannel(System.Windows.Media.Composition.DUCE.Channel channel) Unknown PresentationCore.dll!System.Windows.Media.RenderData.System.Windows.Media.Composition.DUCE.IResource.AddRefOnChannel(System.Windows.Media.Composition.DUCE.Channel channel) Unknown PresentationCore.dll!System.Windows.UIElement.RenderContent(System.Windows.Media.RenderContext ctx, bool isOnChannel) Unknown PresentationCore.dll!System.Windows.Media.Visual.RenderRecursive(System.Windows.Media.RenderContext ctx) Unknown PresentationCore.dll!System.Windows.Media.Visual.UpdateChildren(System.Windows.Media.RenderContext ctx, System.Windows.Media.Composition.DUCE.ResourceHandle handle) Unknown ...a a The control being rendered is a `SourceTree.UI.Theme.Wpf.Controls.ThemeImage`, and the bitmap that is being rendered has the URI ""pack://application:,,,/SourceTree.UI.Theme.Wpf;Component/Icons/FileStatus_Dark/modified.tiff"".I don't know anything about WPF and cannot tell if this is a WPF bug, but the call to `System.Windows.Media.Imaging.BitmapSource.CreateCachedBitmap()` happens many times for many UI operations in SourceTree, and every call costs ~1.2 sec which really adds up, especially because the UI thread is unresponsive during that time."
Differing behavior - launching terminal,Done,Low,2020-01-22 11:45:00,2020-11-10 15:17:00,bug - terminal - behavior,"The option ""Refresh automatically when files change"" no longer works in 3.3.7. It was working fine in 3.3.6. What used to happen was when SourceTree gained focus, if anything had changed it would auto refresh. This no longer occurs. (NOTE: option ""Refresh when application is not in focus"" is disabled)In fact even operations initiated in Sourcetree no longer refresh. For example creating or applying a stash doesn't actually update the repo view, you have to manually hit F5 to force a refresh. Again this was working fine in 3.3.6.This is causing major issues for us as it means you are operating in a stale view of the repo unless you keep constantly hitting F5 to force a full refresh."
Force push setting is reset during upgrade 3.4.4 -> 3.4.5,Done,Low,2021-06-17 14:46:00,2022-03-09 06:12:00,bug - force-push - upgrade,The SourceTree application remains open for a couple of seconds before it crashes without an error.a  I will work on checking the event logs and also will provide a recording to this story for more context.
Typing Commit Messages,Done,Low,2022-02-14 10:15:00,2022-02-18 04:23:00,bug - commit - message,"The title says it all, someone might wanna fix this."
Push new branch to remote doesn't work,Done,Low,2019-10-04 21:52:00,2020-10-30 14:48:00,bug - push - branch,"There was a vulnerability in Sourcetree for macOS and windows that could reveal Git user credentials via maliciously crafted URL by an attacker, This vulnerability is triggered when the affected version of Git is used to execute a git clone command on a malicious URL.Affected versions of Atlassian Sourcetree For Mac allow remote attackers to view sensitive information via an Information Disclosure vulnerability in Git.Affected versions of Atlassian Sourcetree for Windows allow remote attackers to view sensitive information via an Information Disclosure vulnerability in Git.*Affected versions:* * Windows version 3.2.2 and earlier*Fixed versions:* * Windows versiona 3.3.9*Released Sourcetree for Windows versiona 3.3.9*a that contains fixes for these issues and can be downloaded froma [https://www.sourcetreeapp.com/].For additional details, see thea [full advisory|https://confluence.atlassian.com/pages/viewpage.action?spaceKey=SOURCETREEKB&title=SourceTree+Security+Advisory+2020-09-02]"
Logical tree level for local branches,Done,Low,2021-03-16 15:11:00,2021-03-16 15:59:00,bug - UI - tree-view,"There was an argument injection vulnerability in SourceTree for Windows introduced through git-lfs. An attacker could create a malicious repository which, after being cloned in SourceTree for Windows and enabled with git-lfs, is able to exploit this issue to gain code execution on the system.a *This is the result of an incomplete fix for CVE-2020-27955**Affected versions:* * Versiona 3.4.2 and earliera *Fix* * You can download the latest version ofa the [standard installer|https://product-downloads.atlassian.com/software/sourcetree/windows/ga/SourceTreeSetup-3.3.9.exe] or the [enterprise installer|https://product-downloads.atlassian.com/software/sourcetree/windows/ga/SourcetreeEnterpriseSetup_3.3.9.msi].a For additional details, see the [full advisory|https://confluence.atlassian.com/display/SOURCETREEKB/SourceTree+for+Windows+Security+Advisory+24th+March+2021]"
Sourcetree crashes when remote repository is not available,Done,Low,2020-09-10 08:36:00,2021-01-15 05:27:00,bug - crash - remote-repository,"There was an argument injection vulnerability in SourceTree for Windows introduced through git-lfs. An attacker could create a malicious repository which, after being cloned in SourceTree for Windows and enabled with git-lfs, is able to exploit this issue to gain code execution on the system.*Affected versions:* * Versiona 3.3.9a and earliera *Fix* * You can download the latest version ofa the [standard installer|https://product-downloads.atlassian.com/software/sourcetree/windows/ga/SourceTreeSetup-3.3.9.exe] or the [enterprise installer|https://product-downloads.atlassian.com/software/sourcetree/windows/ga/SourcetreeEnterpriseSetup_3.3.9.msi].a For additional details, see the [full advisory|https://confluence.atlassian.com/display/SOURCETREEKB/SourceTree+for+Windows+Security+Advisory+24th+March+2021]"
Context Menu slow with large repository with many branches,Done,Low,2022-05-13 08:51:00,2022-05-31 05:13:00,bug - performance - context-menu,"This github blog, [https://github.blog/2022-04-12-git-security-vulnerability-announced/] ,a  recommend that everyone use git v2.35.2.a But I could not update embedded git in sourcetree.a Now should I use system git ?Here is my steps to update embedded git: # Open *SourceTree* # Go to *Tool* -> *Option* # Select *Git* tab # In *Git version* section, push *Update Embedded*"
Choosing resolve using mine asks me to confirm that I want to resolve using theirs,Done,Low,2021-11-18 13:56:00,2022-05-31 05:10:00,bug - merge - conflict-resolution,"This message appears every time I open SourceTree:!image-2022-05-06-11-39-23-787.png!The embedded and system git installed are 2.36.0.Any attempt to push a large file gives me this:git -c diff.mnemonicprefix=false -c core.quotepath=false --no-optional-locks push -v --tags origin master:mastererror: cannot spawn git-credential-helper-selector: Function not implementederror: cannot spawn git-credential-helper-selector: Function not implementedPushing to https://bitbucket.org/mourant/tab-model-2.0.giterror: cannot spawn git-lfs: Function not implementederror: failed to push some refs to 'xxx.git'Completed with errors, see above."
Error MessageBox do not shown when there are conflicts during git cherry pick,Done,Low,2022-10-27 16:57:00,2022-10-28 03:13:00,bug - cherry-pick - conflict,"This popup keep coming back.I updated my system git, and change the setting in sourcetree to use either System and embedded GIT.!https://community.atlassian.com/t5/image/serverpage/image-id/217257i6C42C06EC4C71FF2/image-size/large?v=v2&px=999!"
Can't start SourceTree after updating to 3.4.10,Done,Low,2022-12-04 23:15:00,2022-12-09 06:06:00,bug - startup - update,Try to upgrade to 3.4.10 but it got an error. Now I can't start SourceTree.
Can't use SourceTree or fully log in,Done,Low,2020-01-13 17:28:00,2020-11-10 15:40:00,bug - authentication - login,updated sourcetree to version 3.3.6 - on this version any action that is done on file status bat is not refreshing view. I can stage file but is is not moving to staged filesa 
"Source Tree External difference comparison, no response",Done,Low,2019-12-21 15:26:00,2020-03-25 15:27:00,bug - external-diff - comparison,"Updating from version 3.4.9 to 3.4.10 fails with the following message:{code:java}Method not found: 'Void SharpCompress.Readers.IReaderExtensions.WriteEntryToFile(SharpCompress.Readers.IReader, System.String, SharpCompress.Readers.ExtractionOptions)'. {code}As a result of this failure I get an empty `app-3.4.10` folder which prevents me from starting SourceTree from that point onward. I need to manually remove that folder to get SourceTree working again.a Please advise on how I can update to the new version without issues.a *Steps to reproduce* * Start SourceTree version 3.4.9 * Wait for the update icon at the top right to appear * Click the icon and click the button to update toa version 3.4.10 * Wait for the popup to appear stating the error message described above.*Environment* * Sourcetree for windows version 3.4.9 * Windows 11 Pro 22H2 (also happened on the version before that, I updated last Saturday); build 22621.674 * Hardware ** Intel i7 12700H ** 32GB RAM ** 500GB SSD with ~319 GB available.*Attachments*!image-2022-11-07-08-43-47-342.png!!image-2022-11-07-08-43-52-482.png!"
Sourcetree Stop during Clone -> advanced setting ,Done,Low,2021-12-19 05:29:00,2022-03-09 06:13:00,bug - clone - crash,"Used version: 3.4.7Repository in Bitbucket just created and its empty.Try to clove it - App is closing automatically.Error from windows logs:{code:java}Application: SourceTree.exeFramework Version: v4.0.30319Description: The process was terminated due to an unhandled exception.Exception Info: System.IndexOutOfRangeExceptiona a at SourceTree.Repo.RepoHandlerGitOld.GetDefaultBranch(System.String)a a at SourceTree.ViewModel.CloneNewDialogViewModel+<>c__DisplayClass212_0.<RefreshRemoteBranches>b__1()a a at System.Threading.Tasks.Task`1[[System.__Canon, mscorlib, Version=4.0.0.0, Culture=neutral, PublicKeyToken=b77a5c561934e089]].InnerInvoke()a a at System.Threading.Tasks.Task.Execute()a a at System.Runtime.ExceptionServices.ExceptionDispatchInfo.Throw()a a at System.Runtime.CompilerServices.TaskAwaiter.HandleNonSuccessAndDebuggerNotification(System.Threading.Tasks.Task)a a at System.Runtime.CompilerServices.TaskAwaiter`1[[System.__Canon, mscorlib, Version=4.0.0.0, Culture=neutral, PublicKeyToken=b77a5c561934e089]].GetResult()a a at SourceTree.ViewModel.CloneNewDialogViewModel+<RefreshRemoteBranches>d__212.MoveNext()a a at System.Runtime.ExceptionServices.ExceptionDispatchInfo.Throw()a a at System.Runtime.CompilerServices.TaskAwaiter.HandleNonSuccessAndDebuggerNotification(System.Threading.Tasks.Task)a a at System.Runtime.CompilerServices.TaskAwaiter.GetResult()a a at SourceTree.ViewModel.CloneNewDialogViewModel+<CheckSource>d__211.MoveNext()Exception Info: ReactiveUI.UnhandledErrorExceptiona a at ReactiveUI.RxApp+<>c__DisplayClass11_0.<.cctor>b__2()a a at System.Reactive.Concurrency.Scheduler.Invoke(System.Reactive.Concurrency.IScheduler, System.Action)a a at System.Reactive.Concurrency.DispatcherScheduler+<>c__DisplayClass12_0`1[[System.__Canon, mscorlib, Version=4.0.0.0, Culture=neutral, PublicKeyToken=b77a5c561934e089]].<Schedule>b__0()a a at System.Windows.Threading.ExceptionWrapper.InternalRealCall(System.Delegate, System.Object, Int32)a a at System.Windows.Threading.ExceptionWrapper.TryCatchWhen(System.Object, System.Delegate, System.Object, Int32, System.Delegate)a a at System.Windows.Threading.DispatcherOperation.InvokeImpl()a a at MS.Internal.CulturePreservingExecutionContext.CallbackWrapper(System.Object)a a at System.Threading.ExecutionContext.RunInternal(System.Threading.ExecutionContext, System.Threading.ContextCallback, System.Object, Boolean)a a at System.Threading.ExecutionContext.Run(System.Threading.ExecutionContext, System.Threading.ContextCallback, System.Object, Boolean)a a at System.Threading.ExecutionContext.Run(System.Threading.ExecutionContext, System.Threading.ContextCallback, System.Object)a a at MS.Internal.CulturePreservingExecutionContext.Run(MS.Internal.CulturePreservingExecutionContext, System.Threading.ContextCallback, System.Object)a a at System.Windows.Threading.DispatcherOperation.Invoke()a a at System.Windows.Threading.Dispatcher.ProcessQueue()a a at System.Windows.Threading.Dispatcher.WndProcHook(IntPtr, Int32, IntPtr, IntPtr, Boolean ByRef)a a at MS.Win32.HwndWrapper.WndProc(IntPtr, Int32, IntPtr, IntPtr, Boolean ByRef)a a at MS.Win32.HwndSubclass.DispatcherCallbackOperation(System.Object)a a at System.Windows.Threading.ExceptionWrapper.InternalRealCall(System.Delegate, System.Object, Int32)a a at System.Windows.Threading.ExceptionWrapper.TryCatchWhen(System.Object, System.Delegate, System.Object, Int32, System.Delegate)a a at System.Windows.Threading.Dispatcher.LegacyInvokeImpl(System.Windows.Threading.DispatcherPriority, System.TimeSpan, System.Delegate, System.Object, Int32)a a at MS.Win32.HwndSubclass.SubclassWndProc(IntPtr, Int32, IntPtr, IntPtr)a a at MS.Win32.UnsafeNativeMethods.DispatchMessage(System.Windows.Interop.MSG ByRef)a a at System.Windows.Threading.Dispatcher.PushFrameImpl(System.Windows.Threading.DispatcherFrame)a a at System.Windows.Application.RunDispatcher(System.Object)a a at System.Windows.Application.RunInternal(System.Windows.Window)a a at SourceTree.App.Main() {code}"
Create local and remote repository from existing project in one step,Done,Low,2020-01-11 17:30:00,2020-11-10 15:11:00,feature - repository - creation,"Using Sourcetree Version: 3.3.6Windows 10 Home (Version 1909, OS Build 18363.535)This is a new PC with a fresh install of SourceTree and I noticed that any operations require a manual refresh (F5) for them to actually show up and display properly under the branch listing and commit window. For example, if I attempt to switch to another branch on my list, The ""Switching Branch"" dialog shows up and the code/files does/do get updated properly.a  But the display itself does not get updated properly until I hit F5. This is a minor annoyance.a "
Impossible to access to the Remote Account page,Done,Low,2021-03-17 16:38:00,2021-04-09 07:25:00,bug - remote - account,Version: ??? - 3.4.3Windows 10 ProHave been using Sourcetree for years now.I don't remember what version I was using when this issue first started but I just upgraded to 3.4.3 and it is still happening.Recently when every I click on New tab > Remote it crashes. I have two Remote repositories: Bitbucket (default/first) and GitHub. Show Organization Repos is checked. It appears to be cashing when trying to query/populate the repo drop down.a a a a 
Cannot install Sourcetree for Windows v.2.4.8.0 on Windows 8,Done,Low,2020-07-25 12:26:00,2020-11-10 05:27:00,bug - installation - windows-8,"Version: 3.2.6The search function stops working after a while.Repo Steps:1) type in part of a known file name2) see the results3) use the BackSpace key to delete the previous search4) repeat these step, about 3-4 times. The search stops working.a Actually, it appears that the search stops working as soon as the results returns back nothing. I have to close the search box and change commits a few times before the search box starts working again.a a "
Timezones not used to display local time in commit summary,Done,Low,2020-07-04 10:42:00,2020-11-10 05:29:00,bug - timezone - commit,"We have migrated from Mercurial and several of our web URL filenames have special UNICODE characters (like: \273 and \267).*Issue 1* However, when these files are checked-out the UNICODE character (\302) is being appended to the other UNICODE character. Thus{code:java}\273{code}is being convert to{code:java}\302\273{code}thus the files looks as if they have been renamed, when in fact they haven't.a *Issue 2*While trying to stage these files (using SourceTree), we get the following error:{code:java}git-c diff.mnemonicprefix=false -c core.quotepath=false --no-optional-locks rm -q -f --ThinkTecture/IdentityManager/Home ï¿½ IdentityManager-IdentityManager Wiki.urlfatal: pathspec 'ThinkTecture/IdentityManager/Home ï¿½ IdentityManager-IdentityManager Wiki.url' did not match any filesCompleted with errors, see above.{code}However, we can stage them if we use git -A from bash.a We have SourceTree's Git Version set to System.a 2.23.0/LibGit2Sharp 0.25.4+g06e64a2235.libgit2-4aecb64 + git-lfs v2.8.0Path: c:\program files\git\cmd\git.exe"
Sort remote repositories dropdown list items,Done,Low,2023-01-16 06:19:00,2023-03-10 04:38:00,bug - remote - repositories - sort,"We have tens, maybe hundreds of user groupings and it is hard to orientate when there is no sort.!image-2023-01-16-12-09-39-572.png|width=635,height=392!"
Unable to use System Mercurial on Sourcetree for Windows,Done,Low,2022-08-15 14:38:00,2023-03-10 04:43:00,bug - mercurial - system,"We have tens, maybe hundreds repositories and it is hard to orientate when there is no sort.a "
Cannot push after upgrading,Done,Low,2022-07-08 14:43:00,2022-07-12 10:24:00,bug - push - upgrade,"What is Atlassians rating for this vulnerability ? * SharpCompress before 0.21.0 is vulnerable to directory traversal, allowing attackers to write to arbitrary files via a ../ (dot dot slash) in a Zip archive entry that is mishandled during extraction. This vulnerability is also known as 'Zip-Slip'. * C:\Program Files (x86)\Atlassian\Sourcetree\SharpCompress.dlla [0.17.1.0]"
Intermitent GitHub/GitLab login window is shown,Done,Low,2021-02-22 06:00:00,2021-10-22 11:34:00,bug - authentication - github - gitlab,"When browsing for remote repositories, SourceTree nicely shows the list of all available Github repositories for my account. When I enter text in the Search box however (text that I know should give me a match), the list goes empty and a red cross icon overlay appears on my Github account. As soon as I clear the search box, the icon overlay dissappears and I get the full list of repos again. Since we have a large amount of repos the search is quite important.Note: my SourceTree Windows version is actually 3.3.8, but Jira doesn't allow me to select that version.*Reproduction* * Open a new tab * Click on the Remote button * Select the appropriate Github account from the list of remote accounts * Watch the list of Github repos populate * Enter text in the Search box that should return a match*Expected result* * The list of repositories is filtered by the entered text*Actual result* * The list of repos turns empty * A red cross icon overlay appears on top of the Github account gravatar * A hover over of the red cross shows mentioning ... validation failed ... (see image)!image-2020-07-28-16-43-56-370.png!"
Setting lost in repository settings dialog.,Done,Low,2020-09-17 09:22:00,2021-01-22 10:31:00,bug - settings - repository,"When changing te remote repository path through Settings > Remotes > Edit, SourceTree crashes after a short while (10 - 30 secs)."
Allow copy and paste of URL generated by Refresh OAuth Token,Done,Low,2020-01-14 08:13:00,2021-02-22 06:01:00,feature - OAuth - URL-copy,"When changing the remote repository path through Settings > Remotes > Edit, SourceTree crashes after a short while (10 - 30 secs)."
"After click menu item ""Copy Path To Clipboard"" app hangs on several seconds",Done,Low,2019-12-04 12:03:00,2020-11-17 14:12:00,bug - UI - copy-path - performance,When click the terminal icon on right top corner button there is nothing happen. The terminal is not opened on SourceTree 3.3.6. This issue occur after I installed the update on 13/01/2020
git mv command is not working properly for folder renaming,Done,Low,2022-09-23 11:47:00,2022-10-19 10:55:00,bug - git-mv - folder-renaming,"When diff tool is Custom and set as below, it works well for single file from File Status tab, but click to External Diff button for stash does nothinga !image-2022-06-07-18-21-34-764.png!!image-2022-06-07-18-21-36-798.png!a "
New branch through hg flow throws error,Done,Low,2019-10-10 15:33:00,2020-10-30 15:09:00,bug - hg-flow - branch,"When I add or modify files locally, Source Tree does not seem to register those changes. The File Status tab says ""Nothing to commit"". Any thoughts?"
Sourcetree history does not update and UI does not update after you Stage files or do a commit on a second monitor,Done,Low,2020-01-19 15:47:00,2020-11-10 15:15:00,bug - UI - refresh - multi-monitor,"When I do any of the following, operation is performed and completed but the UI does not reflect it.||Action||Result||UI View||Current Fix||Result of Fix|||Change Branch|New branch is selected|UI still shows old branch as selected, in bold.|Press F5 to Refresh UI|UI shows new branch selected in bold||Click on Stage All or Stage Selected|Files are moved to Staged Files area|UI still shows empty Staged Files area|Press F5 to Refresh UI|Staged files area shows selected files||Click on Pull Button|Branch is updated|UI does not show that pull was completed. Still shows bubble with number.|Press F5 to Refresh UI|UI shows pull was completed and bubble showing number goes away|These are just a few examples. I am using Windows 10 Pro version 1909. Sourcetree shows version 3.3.6 in Help -> About Sourcetree."
Remote details in a github repository settings don't get saved,Done,Low,2020-07-25 12:54:00,2020-11-10 05:27:00,bug - github - remote-settings,"When I install and start the latest version of Sourcetree, the program crashes after the start. I have to install the old version again, otherwise Sourcetree is not usable for me. This problem has been with me for months.a The last working version is 3.0.17.a After the crash comes an error message with a report option. I use these. But unfortunately there is no improvement with the new updates.The latest version I tried to install is 3.2.6.a I have the latest version of Git installed. 2.23.0"
Sourcetree erroneously closing pageant on exit,Done,Low,2021-04-09 20:53:00,2021-04-22 12:46:00,bug - pageant - exit,When I open the installer the logo pops up and then nothing happens. I have tried running it as administrator but this doesn't work either.a The error says:a *CompositionExceptiona [Errors occurred during discovery.]*a Any help with this would be greatly appreciated!
Terminal Is Not Opened,Done,Low,2020-01-15 00:01:00,2020-11-10 15:13:00,bug - terminal - startup,"When I perform an action the view is not updated to reflect the output of the action. Like, when I doubleclick on a branch, the new branch isn't bolded,, and if I stage a file, the file is staged, but the view isn't updated to reflect that.This happens for me on my new laptop (i9-9980-HK processor) and with a sizeable git repository (100.000+ files). On smaller repositories all works ok. Using <F5> to refesh the view also works.The sourcetree version I use on this new laptop is 3.3.6. My old laptop had no problems like this with the 3.3.4 version, but was much less powerfull (with a i7-7000u range processor.My workaround for now is to press <F5> after each action, so it works, but I would be happy if this issue could be resolved.a Note that I selected Bitbucket and version 3.2.2, but that was because I cannot select the correct versions."
Diff view does not show for mercurial repositories,Done,Low,2023-01-04 15:16:00,2023-01-16 04:22:00,bug - diff - mercurial,When i select a file in history or in uncommitted changes i don't see the diff of the file!image-2023-01-04-16-15-19-797.png!
Unable to save sourcetree to computer,Done,Low,2020-04-01 12:29:00,2020-11-10 15:36:00,bug - installation - save,"When I stage or unstage a file, the screen does not get updated. The only way to see if the files are actually staged, is by pressing 'F5' so the view completely refreshes.Previously the screen updated the view automatically (as I would have expected it to do), so this is something what worked which is now broken.a "
Window position is restored higher than when it shut down,Done,Low,2022-10-20 08:38:00,2022-10-20 08:44:00,bug - UI - window-position,"When I start SourceTree, I get the dos SSH popup then the SourceTree app appears in the back.a  The SourceTree app then crashes usually before I type in the passphrase or just after.It took 4 attempts to start the app today.a  Each of the crashes had an event log entry like the one below.a Faulting application name: SourceTree.exe, version: 3.4.9.0, time stamp: 0x62875751Faulting module name: KERNELBASE.dll, version: 10.0.22621.457, time stamp: 0xf9b807f0Exception code: 0xe0434352Fault offset: 0x000000000008faecFaulting process id: 0x0x57F8Faulting application start time: 0x0x1D8CF40BC48EF00Faulting application path: C:\Users\jm\AppData\Local\SourceTree\app-3.4.9\SourceTree.exeFaulting module path: C:\WINDOWS\System32\KERNELBASE.dllReport Id: 042226f8-0b77-42a0-b99d-bf2797c509c0Faulting package full name:a Faulting package-relative application ID:a "
Upgrade from 3.4.9 failing.,Done,Low,2022-12-29 16:33:00,2023-01-02 04:07:00,bug - update - crash,"When I tried to upgrade from 3.4.9 to 3.4.10, then a new folder would be created, but without any files and SourceTree would not start. After deleting the directory 3.4.9 would work again.a Now trying to upgrade to 3.4.11 I am getting this error:_Method not found: 'Void SharpCompress.Readers.IReaderExtensions.WriteEntryToFile(SharpCompress.Readers.IReader, System.String, SharpCompress.Readers.ExtractionOptions)'._"
Error when creating pull request from SourceTree,Done,Low,2023-01-11 16:15:00,2023-01-16 11:53:00,bug - pull-request - error,"When I try to create a pull request from SourceTree to Bitbucket Cloud, I get the following error message: ""Something went wrong Error loading source branch: ..."" in the web browser.The url that sourcetree generates when trying to create the pull request seems to be the problem.a a "
Remotes are no longer refreshing automatically,Done,Low,2019-11-04 09:51:00,2020-10-30 15:30:00,bug - remote - refresh,When I try to fetch is appearing a Error message about CAPTCHA. I go to the website and log out and log back as is said in the message. I go to the support page and reset the CAPTCHA. But the error is still there. How can I solve it?
Github Login required despite no repository or login of github used!,Done,Low,2021-04-09 21:01:00,2021-04-12 06:55:00,bug - authentication - github,"when i try to merge the master branch into my branch, and i get a conflict of a file i changed and was deleted on the master branch, i cannot resolve the conflict.a when i want to launch the external diff command the external diff command does not come up and the waiting window stays open forever until i cancel it manually.when i say resolve take theirs - it says the file is locked by the file system.when i say resolve take mine - source tree crashes.a About says that i have version 3.4.3 not 3.4.3 beta, but could not select 3.4.3.However the same behaviour was before i updated."
Failed update from 3.4.9,Done,Low,2023-02-05 10:18:00,2023-02-06 11:18:00,bug - update - crash,"When I try to update the application from the Options -> Update menu, I get the following error:{{Method not found: 'Void SharpCompress.Readers.IReaderExtensions.WriteEntryToFile(SharpCompress.Readers.IReader, System.String, SharpCompress.Readers.ExtractionOptions)'.}}"
Error when updating to 3.4.10,Done,Low,2022-12-04 23:01:00,2022-12-09 06:06:00,bug - update - error,"When I update to 3.4.10 I get the following errorMethod not found: 'Void SharpCompress.Readers.IReaderExtensions.WriteEntryToFile(SharpCompress.Readers.IReader, System.String, SharpCompress.Readers.ExtractionOptions)'."
Unable to create pull request on bitbucket server ,Done,Low,2021-01-16 15:26:00,2021-01-22 10:11:00,bug - pull-request - bitbucket,When opening a new tab when a select Remote it crashes the application
Names for patches,Done,Low,2019-10-10 07:26:00,2020-10-30 14:57:00,bug - patches - naming,"When reporting a bug, I was presented with this form. The box highlights a link on that page that: # links to a very old version (2.0.19.1) # when clicked produces a forbidden error pageg!image-2020-10-20-06-52-05-093.png!"
Repositories not visible,Done,Low,2020-05-12 22:42:00,2020-11-17 08:57:00,bug - repositories - visibility,"When setting the taskbar to autohide, sourcetree is the only application that when maximised prevents the taskbar from showinga  when moving my mouse to the bottom of the screen."
Clone crash when I put URL with SourceTree V3.4.7,Done,Low,2022-02-05 15:48:00,2022-02-07 05:41:00,bug - clone - crash,"When trying to clone a remote repository from Bitbucket Server the application crashes.However, the process in Windows stays active and ""not responding"".Killing the process through Task Manager leaves the user.config corrupted and a restart of SourceTree goes through the setup again.Happens on every attempt to clone. Happens even after complete wiping of SourceTree installation.Existing local repositories with Bitbucket server connection seem to work normal.The following exception is found in the Windows Event Log:{noformat}Application: SourceTree.exeFramework Version: v4.0.30319Description: The process was terminated due to an unhandled exception.Exception Info: System.IndexOutOfRangeExceptiona a  at SourceTree.Repo.RepoHandlerGitOld.GetDefaultBranch(System.String)a a  at SourceTree.ViewModel.CloneNewDialogViewModel+<>c__DisplayClass212_0.<RefreshRemoteBranches>b__1()a a  at System.Threading.Tasks.Task`1[[System.__Canon, mscorlib, Version=4.0.0.0, Culture=neutral, PublicKeyToken=b77a5c561934e089]].InnerInvoke()a a  at System.Threading.Tasks.Task.Execute()a a  at System.Runtime.ExceptionServices.ExceptionDispatchInfo.Throw()a a  at System.Runtime.CompilerServices.TaskAwaiter.HandleNonSuccessAndDebuggerNotification(System.Threading.Tasks.Task)a a  at System.Runtime.CompilerServices.TaskAwaiter`1[[System.__Canon, mscorlib, Version=4.0.0.0, Culture=neutral, PublicKeyToken=b77a5c561934e089]].GetResult()a a  at SourceTree.ViewModel.CloneNewDialogViewModel+<RefreshRemoteBranches>d__212.MoveNext()a a  at System.Runtime.ExceptionServices.ExceptionDispatchInfo.Throw()a a  at System.Runtime.CompilerServices.TaskAwaiter.HandleNonSuccessAndDebuggerNotification(System.Threading.Tasks.Task)a a  at System.Runtime.CompilerServices.TaskAwaiter.GetResult()a a  at SourceTree.ViewModel.CloneNewDialogViewModel+<CheckSource>d__211.MoveNext()Exception Info: ReactiveUI.UnhandledErrorExceptiona a  at ReactiveUI.RxApp+<>c__DisplayClass11_0.<.cctor>b__2()a a  at System.Reactive.Concurrency.Scheduler.Invoke(System.Reactive.Concurrency.IScheduler, System.Action)a a  at System.Reactive.Concurrency.DispatcherScheduler+<>c__DisplayClass12_0`1[[System.__Canon, mscorlib, Version=4.0.0.0, Culture=neutral, PublicKeyToken=b77a5c561934e089]].<Schedule>b__0()a a  at System.Windows.Threading.ExceptionWrapper.InternalRealCall(System.Delegate, System.Object, Int32)a a  at System.Windows.Threading.ExceptionWrapper.TryCatchWhen(System.Object, System.Delegate, System.Object, Int32, System.Delegate)a a  at System.Windows.Threading.DispatcherOperation.InvokeImpl()a a  at MS.Internal.CulturePreservingExecutionContext.CallbackWrapper(System.Object)a a  at System.Threading.ExecutionContext.RunInternal(System.Threading.ExecutionContext, System.Threading.ContextCallback, System.Object, Boolean)a a  at System.Threading.ExecutionContext.Run(System.Threading.ExecutionContext, System.Threading.ContextCallback, System.Object, Boolean)a a  at System.Threading.ExecutionContext.Run(System.Threading.ExecutionContext, System.Threading.ContextCallback, System.Object)a a  at MS.Internal.CulturePreservingExecutionContext.Run(MS.Internal.CulturePreservingExecutionContext, System.Threading.ContextCallback, System.Object)a a  at System.Windows.Threading.DispatcherOperation.Invoke()a a  at System.Windows.Threading.Dispatcher.ProcessQueue()a a  at System.Windows.Threading.Dispatcher.WndProcHook(IntPtr, Int32, IntPtr, IntPtr, Boolean ByRef)a a  at MS.Win32.HwndWrapper.WndProc(IntPtr, Int32, IntPtr, IntPtr, Boolean ByRef)a a  at MS.Win32.HwndSubclass.DispatcherCallbackOperation(System.Object)a a  at System.Windows.Threading.ExceptionWrapper.InternalRealCall(System.Delegate, System.Object, Int32)a a  at System.Windows.Threading.ExceptionWrapper.TryCatchWhen(System.Object, System.Delegate, System.Object, Int32, System.Delegate)a a  at System.Windows.Threading.Dispatcher.LegacyInvokeImpl(System.Windows.Threading.DispatcherPriority, System.TimeSpan, System.Delegate, System.Object, Int32)a a  at MS.Win32.HwndSubclass.SubclassWndProc(IntPtr, Int32, IntPtr, IntPtr)a a  at MS.Win32.UnsafeNativeMethods.DispatchMessage(System.Windows.Interop.MSG ByRef)a a  at System.Windows.Threading.Dispatcher.PushFrameImpl(System.Windows.Threading.DispatcherFrame)a a  at System.Windows.Application.RunDispatcher(System.Object)a a  at System.Windows.Application.RunInternal(System.Windows.Window)a a  at SourceTree.App.Main(){noformat}"
I cannot log in to my Repository in Source Tree after Creating App password,Done,Low,2020-07-28 14:45:00,2021-08-23 10:43:00,bug - authentication - app-password,"When trying to update to 3.4.6, a checksum error pops:!image-2021-08-18-13-12-34-175.png|width=445,height=396!"
Cannot upgrade from 3.4.9.0 to 3.4.10,Done,Low,2022-11-25 04:19:00,2022-11-30 06:47:00,bug - update - crash,When trying to upgrade get this error.My system is Windows 11 upgraded from Windows 10 Pro.a Does Windows 11 miss some .NET API required for upgrading?!image-2022-11-25-20-13-45-579.png!
Unreadable text in high contrast mode,Done,Low,2019-10-30 18:10:00,2020-11-05 12:19:00,bug - UI - high-contrast - text,"When typing a commit message, Sourcetree stutters and my processor load goes to 25%. I use a dual core with hyperthreading, so I guess that means 100% load on one core.a It drops to zero after you stop typing.It's been happing for a while now with multiple versions. On Windows 7, now Sourcetree 3.2.6.3544."
Honour the 'git config diff.lfs.textconv cat' settings,Done,Low,2020-05-13 06:42:00,2022-11-01 04:36:00,bug - git-config - LFS,"When using dark theme, shortcut menu items are not visible when renaming a brancha "
Sourcetree rebase interactive is broken in 3.4.0,Done,Low,2021-01-06 10:21:00,2021-01-22 10:33:00,bug - rebase - interactive,"When you right click on a commit in the history view, and then select thea Rebase children of <commit> interactively... context menu option: the view pops up, but it doesn't show the available commits that you want to squash, or the buttons that allow you to edit the final commit message etc.Also, the Full Output contains a K in the prefix, and a space before the full stop. See below:[KSuccessfully rebased and updated ."
"""Log Selected..."" should specify the selected revision on the command-line as well",Done,Low,2022-10-25 10:34:00,2022-11-15 04:50:00,feature - log - command-line,When you use get cherry pick and you have conflicts no error message box shown.Previous version (3.4.9) displays error message box in that case.
The adjustable border line between staged and unstaged sections is 1 pixel wide,Done,Low,2019-10-10 14:07:00,2020-10-30 15:07:00,bug - UI - border - staging,"Whenever I'm trying to create a new branch through the hg flow process, it get the following error message:The name is invalid. Ref names must follow git ref-format rules: https://www.kernel.org/pub/software/scm/git/docs/git-check-ref-format.htmlCompleted with errors, see above.Note: It does work if I don't use spaces..."
Clone Remote Repositories against Bitbucket Server does not find repos in projects whose name beings with period,Done,Low,2020-03-11 19:10:00,2021-01-19 06:09:00,bug - clone - bitbucket - projects,"Windows 10.0.18363 x64 - GITSourceTree version 3.3.9I have this very frequent bug lately (multiple times a day). When I view the files diffs (staging or commit), if I scroll down to the bottom of the file, it will freeze the UI and I have to close the process to restart.Not all files trigger this freeze, but when one does, it will freeze everytime when I scrolldown (so I can reproduce the bug easily on my end). It seems related to the Diff ""context"" since, when I reduce it, the freeze doesn't occur on the same files (behavior change).The freeze is instant, as soon as the Diff panel hits the end-of-file, it freezes.I didn't have this bug in the previous version (3.3.6)"
"When Windows has dark theme enabled, please use dark colors on UI",Done,Low,2020-01-21 09:13:00,2020-03-25 15:27:00,bug - UI,"With expected max level of grain humidity of 50% the calculator accepts the meaning of 50.90%, which exceeds the limit"
Laptop charger issue,Done,Critical,2025-02-21 15:24:00,2025-02-21 18:03:00,Laptop charger issue,Laptop charger issue
2 Support Users | Machine Hanging Issues,Done,Critical,2025-02-12 19:30:00,2025-02-20 00:12:00,hardware-issues,2 Support Users | Machine Hanging Issues
Active/Inactive Toggle in Template and Section window,Done,Critical,2025-02-12 13:26:00,2025-02-14 00:05:00,Active/Inactive Toggle in Template and Section window,"Implemented an Active Toggle in the Template and Section windows to allow toggling between active and inactive templates/sections. By default, the system will display active data."
Login Page Not Responding After Proceeding with Location/Entity Choice ,Done,Critical,2025-02-10 19:45:00,2025-02-14 00:05:00,Login Page Not Responding After Proceeding with Location/Entity Choice,"When the user enters their credentials on the login page and clicks the login button, they are prompted to select a location in case of single entity or select entity if multiple entities are available. However, upon clicking ""Proceed,"" the window becomes stuck."
UI is getting disturbed.,Done,Critical,2025-02-10 16:55:00,2025-02-14 00:05:00,UI is getting disturbed.,The treatment goal is not properly allign
Headphones - Required,Done,Critical,2025-02-07 22:55:00,2025-02-11 23:02:00,Headphones - Required,Head phones given are not working properly as per clients the voice is quite low and has distortion . Please replace them on Priority 
Teams Issue,Done,Critical,2025-02-06 18:32:00,2025-02-11 23:03:00,Teams Issue,Teams Issue
Battery needs to be replaced.,Done,Critical,2025-02-05 18:47:00,2025-02-11 19:21:00,hardware-issues,The system battery needs to be replaced in the Billing department.
2 headset Required ,Done,High,2025-02-05 18:45:00,2025-02-05 20:18:00,2 headset Required :,2 headsets are  Required for the billing team.
Create New Member Credentials,Done,High,2025-02-05 18:42:00,2025-02-06 22:18:00,New-User-Credentials,Billing Team Member: Name Khawaja Muhammad Huraira 
Screen is appeaing blank,Done,Critical,2025-02-05 18:06:00,2025-02-14 00:05:00,Screen is appeaing blank,Book appointment > Generate web kiosk link > Click on web kiosk link > Screen is appeaing blank
Invalid URL is apeparing for self scheduling,Done,Critical,2025-02-05 17:49:00,2025-02-14 00:05:00,Invalid URL is apeparing for self scheduling,Create multi-use appointment link message in patient message > Open link >  Invalid URL is appearing for self-scheduling unable to test the further flow
Invalid URL is appearing,Done,Critical,2025-02-05 17:35:00,2025-02-14 00:05:00,Invalid URL is appearing,Invalid URL is appearing
New Joiner AI Engineer Farhan Ahmad Needs access to Azure Machine to continue work on AI Model.,Done,Critical,2025-02-03 21:49:00,2025-02-03 22:51:00,DUO,New Joiner AI Engineer Farhan Ahmad Needs access to Azure Machine to continue work on AI Model.
CPT codes are not appearing in encounter,Done,Critical,2025-01-31 20:01:00,2025-02-14 00:05:00,CPT codes are not appearing in encounter,Order Immunization > Immunization CPT are not appearing in Encounter.
Lab Req# are appearing same for both patients,Done,Critical,2025-01-31 20:00:00,2025-02-14 00:05:00,Lab Req# are appearing same for both patients,Order Lab > Paper Requisition >  Create Macro > Run macros in another patient > Lab Req# appears the same for both patients
Unable to add result in Lab result,Done,Critical,2025-01-31 20:00:00,2025-02-14 00:05:00,Unable to add result in Lab result,Order Lab > Paper Requisition > Enter Result > Create Macro > Run macros in another patient> Now the lab is added but unable to add the result
Following issues observed in expired password testing,Done,Critical,2025-01-30 19:52:00,2025-02-14 00:05:00,Following issues observed in expired password testing,Following issues observed in expired password testing
Authenticator app issue,Done,Critical,2025-01-29 19:39:00,2025-01-29 21:16:00,mfa,"one of my team user faizan Sajid is having authenticator app issue, Kindly resolve . "
microsoft office activation failed,Done,Critical,2025-01-29 19:18:00,2025-01-29 21:11:00,Software_Issue,Muhammad Farhan ( new joinee ) is not able to use Microsoft office as he receives a message product activation failed 
CC dropdown,Done,Critical,2025-01-29 18:58:00,2025-02-14 00:05:00,CC dropdown,Start visit> unable to open question dropdown in HPI section
UI Issues after Menu Change,Done,High,2025-01-28 20:20:00,2025-02-14 00:05:00,UI Issues after Menu Change,UI Issues after Menu Change
Signoff service is not working,Done,Critical,2025-01-28 19:44:00,2025-02-14 00:05:00,Signoff service is not working,Signoff service is not working on PT entity 
Comments are not appearing in grid,Done,Critical,2025-01-28 12:43:00,2025-02-14 00:05:00,Comments are not appearing in grid,Comments are not appearing in the grid
Resolved Treatment Goal must not show in Patient Chart ,Done,Critical,2025-01-28 12:40:00,2025-02-14 00:05:00,Resolved Treatment Goal must not show in Patient Chart,Treatment Goal whose status is resolved must not shown in Patient Chart
Column must be change,Done,Critical,2025-01-28 12:37:00,2025-02-14 00:05:00,Column must be change,The caption must be the same in Visit and Chat for the column Status
Create New Member Credentials ,Done,Critical,2025-01-27 21:43:00,2025-02-04 19:15:00,New-User-Credentials,Create New Member Credentials 
Remove EDI enrollment ticktes from Home > Support center > My tickets section,Done,Critical,2025-01-27 19:51:00,2025-02-14 00:05:00,Remove EDI enrollment ticktes from Home,Remove EDI enrollment ticktes from Home > Support center > My tickets section
New profile menu,Done,Critical,2025-01-27 15:27:00,2025-02-14 00:05:00,New profile menu,"Clinical Designer menu is now located within the left side navigation under the ""Clinical Toggle."" "
Health Education document-related issues,Done,High,2025-01-24 20:42:00,2025-02-14 00:05:00,Health Education document-related issues,Health Education document-related issues
User account creation | 146 Jump Server ,Done,Critical,2025-01-23 20:13:00,2025-01-23 20:31:00,New-User-Credentials,User account creation | 146 Jump Server 
Column value restrictions and behavior in Visit sections,Done,High,2025-01-23 15:56:00,2025-02-14 00:05:00,Column value restrictions and behavior in Visit sections,Column value restrictions and behavior in Visit sections
Delete button UI still issue,Done,Critical,2025-01-23 13:09:00,2025-02-14 00:05:00,Delete button UI still issue,Delete button UI still issue
Update button name is still missing,Done,Critical,2025-01-23 12:45:00,2025-02-14 00:05:00,Update button name is still missing,Update button name is still missing
Need to replace mouse.,Done,High,2025-01-22 21:53:00,2025-01-22 21:56:00,hardware-issues,Need to replace mouse.
Patient-Portal,Done,Critical,2025-01-22 21:46:00,2025-01-27 12:23:00,Patient-Portal,"Support Portal, ticket: 1973618"
"Automation Workflow is not functioning in ""Treatment Plan""",Done,High,2025-01-22 17:36:00,2025-02-14 00:05:00,"Automation Workflow is not functioning in ""Treatment Plan""","Automation Workflow is not functioning in ""Treatment Plan"""
UI isues,Done,Critical,2025-01-21 20:14:00,2025-02-14 00:05:00,UI isues,UI isues
Status column is missing in grid,Done,Critical,2025-01-21 20:14:00,2025-02-14 00:05:00,Status column is missing in grid,# Visit > Plan > Treament plan > Goal > Status column is missing in the grid as mentioned in the document.
Tooltip data must be correct.,Done,Critical,2025-01-21 20:14:00,2025-02-14 00:05:00,Tooltip data must be correct.,Tooltip data must be correct.
Window is not getting refresh,Done,Critical,2025-01-21 20:14:00,2025-02-14 00:05:00,Window is not getting refresh,Stat Visit > Plan > treatment plan > Goal > Window must refresh after every order.
Time is also appearing in visit date column,Done,Critical,2025-01-21 20:14:00,2025-02-14 00:05:00,Time is also appearing in visit date column,Time is also appearing in visit date column
Data get removed,Done,Critical,2025-01-21 20:14:00,2025-02-14 00:05:00,Data get removed,# Start Visit > Plan > Order and Close treatment plan > Open detail > Link to goal/Unlink to goal > Order > Window automatically refresh > after refresh the Search Observation is removed.
"Multiple issues in ""Visit Template"" update window",Done,High,2025-01-21 19:48:00,2025-02-14 00:05:00,"Multiple issues in ""Visit Template"" update window","Multiple issues in ""Visit Template"" update window"
"Issues in ""Section Detail"" update window",Done,High,2025-01-21 19:45:00,2025-02-14 00:05:00,"Issues in ""Section Detail"" update window","Issues in ""Section Detail"" update window"
Printer not turning ON,Done,High,2025-01-21 19:27:00,2025-01-21 20:29:00,hardware-issues,Printer not turning ON
Laptop time Changer ,Done,Critical,2025-01-21 18:58:00,2025-01-21 20:15:00,Laptop time Changer,Please correct time on Laptop of Asra Hasan - it should be Islamabad standard time 
Screen required ,Done,Critical,2025-01-21 18:55:00,2025-01-21 19:48:00,Screen required,Need a computer screen for new hire - Muhammad Farhan 
Self-Scheduling,Done,Blocker,2025-01-20 23:50:00,2025-01-23 20:05:00,Self-Scheduling,Self-Scheduling
Printer to be setup,Done,High,2025-01-20 18:57:00,2025-01-20 19:04:00,hardware-issues,Printer to be setup
"Jump Server: 10.60.45.245 (212.69.146.145), 10.50.45.245",Done,High,2025-01-20 18:48:00,2025-01-20 20:43:00,New-User-Credentials,Can you please create a new RDP user for Jump Server/10.60.45.245 (212.69.146.145) and 10.50.45.245 for Imdad ul haq.
Eligibility Rejection Not Cleared When 'Active' Option is Selected in Insurance Tab,Done,Critical,2025-01-20 18:18:00,2025-02-14 00:05:00,Eligibility Rejection Not Cleared When 'Active' Option is Selected in Insurance Tab,Eligibility Rejection Not Cleared When 'Active' Option is Selected in Insurance Tab
Required headset,Done,Lowest,2025-01-20 18:07:00,2025-01-20 18:16:00,headphones,Required headset
Health Education: Deleted Document Still Appears in Visit,Done,High,2025-01-20 17:19:00,2025-02-14 00:05:00,Health Education: Deleted Document Still Appears in Visit,Health Education: Deleted Document Still Appears in Visit
Clinical Designer Changes,Done,Critical,2025-01-17 21:56:00,2025-02-14 00:05:00,Clinical Designer Changes,Clinical Designer Changes
Excel statement  issue fixed,Done,Critical,2025-01-17 19:49:00,2025-02-14 00:05:00,Excel statement  issue fixed,Excel statement  issue fixed
teams login issue,Done,Critical,2025-01-17 19:33:00,2025-01-20 16:50:00,Software_Issue,teams login issue
Macros renamed as Shortcuts,Done,Low,2025-01-17 17:55:00,2025-02-14 00:05:00,Macros renamed as Shortcuts,Macros option from visit gear icon is renamed to Shortcuts.
Message added for RTF file type.,Done,Low,2025-01-17 17:41:00,2025-02-14 00:05:00,Message added for RTF file type.,Message added for RTF file type.
Update button Name change,Done,Critical,2025-01-17 15:17:00,2025-02-14 00:05:00,Update button Name change,"The 'Update' buttons in the Clinical Profiles window have been enhanced. Each button will now display the corresponding profile name, followed by the word 'Update'. For example, the 'Update' button in the Procedure Profile section will now appear as 'Update Procedure'."
Lab test and lab test group window,Done,Critical,2025-01-17 14:12:00,2025-02-14 00:05:00,Lab test and lab test group window,Lab test and lab test group window
Clinical Profiles Updates,Done,Critical,2025-01-17 14:07:00,2025-02-14 00:05:00,Clinical Profiles Updates,Clinical Profiles Updates
My Sections Detail Window Update,Done,Critical,2025-01-17 14:00:00,2025-02-14 00:05:00,My Sections Detail Window Update,My Sections Detail Window Update
Visit Template Updates,Done,Critical,2025-01-17 13:57:00,2025-02-14 00:05:00,Visit Template Updates,Visit Template Updates
VPN Installation,Done,High,2025-01-16 21:38:00,2025-01-17 20:29:00,Software_Issue,VPN Installation
Wrong Plan associated with tickets under below mentioned scenario.,Done,Critical,2025-01-15 18:20:00,2025-02-14 00:05:00,Wrong Plan associated with tickets under below mentioned scenario.,Wrong Plan associated with tickets under below mentioned scenario.
Head phone required,Done,Critical,2025-01-09 21:00:00,2025-01-10 20:18:00,headphones,New headphones are required by Usman Naeem in rcm . Please do the needful
usb hub required,Done,Critical,2025-01-09 20:58:00,2025-01-10 20:18:00,USB-Hub,Hanzala Imam from rcm requires a usb hub.
Google Chrome not working,Done,High,2025-01-09 20:48:00,2025-01-09 21:36:00,Software_Issue,Google Chrome not working
"System is displaying the entity name instead of the users email in the ""Entered By"" field of clinical profile table grids.",Done,High,2025-01-08 20:08:00,2025-02-14 00:05:00,"System is displaying the entity name instead of the usera ™s email in the ""Entered By"" field of clinical profile table grids.","System is displaying the entity name instead of the usera ™s email in the ""Entered By"" field of clinical profile table grids."
TO Date filter in Predictive DSI does not retrieve records created on the current day ,Done,High,2025-01-08 20:03:00,2025-02-14 00:05:00,TO Date filter in Predictive DSI does not retrieve records created on the current day,TO Date filter in Predictive DSI does not retrieve records created on the current day 
Please add the new project of Admin Support Portal.,Done,Critical,2025-01-07 17:00:00,2025-01-07 17:09:00,Please add the new project of Admin Support Portal.,Please add the new project of Admin Support Portal.
"Unable to add attribute info, resulting in a 500 error.",Done,High,2025-01-07 14:02:00,2025-01-10 18:42:00,"Unable to add attribute info, resulting in a 500 error.","Unable to add attribute info, resulting in a 500 error."
Unable to attach documents under lab Result & Problem List due to missing fields.,Done,Critical,2025-01-07 02:01:00,2025-01-10 18:44:00,Unable to attach documents under lab Result & Problem List due to missing fields.,Unable to attach documents under lab Result & Problem List due to missing fields.
Wrong spelling for Snomed ID and UI gets disturbed,Done,Critical,2025-01-06 20:59:00,2025-01-09 11:57:00,Wrong spelling for Snomed ID and UI gets disturbed,Wrong spelling for Snomed ID and UI gets disturbed
DUO Creation,Done,Critical,2025-01-06 19:06:00,2025-01-07 15:09:00,DUO,DUO Creation
OMT forms,Done,High,2025-01-06 17:32:00,2025-01-08 17:20:00,OMT forms,OMT forms
Zillal Shakeel - Support | Unable to reset Microsoft Office Password,Done,Critical,2025-01-03 21:58:00,2025-01-17 19:56:00,Password,Zillal Shakeel - Support | Unable to reset Microsoft Office Password
Unexpected Behavior in SNOMED ID Search Window Pagination,Done,Critical,2025-01-03 20:40:00,2025-02-14 00:05:00,Unexpected Behavior in SNOMED ID Search Window Pagination,Unexpected Behavior in SNOMED ID Search Window Pagination
"Restriction on Character Limit for Name, Description, Comment, and Sentence Fields in PEHR.",Done,Low,2025-01-03 20:11:00,2025-02-14 00:05:00,"Restriction on Character Limit for Name, Description, Comment, and Sentence Fields in PEHR.","Restriction on Character Limit for Name, Description, Comment, and Sentence Fields in PEHR."
EBDSI trigger window should auto close while switching modules.,Done,High,2025-01-03 19:24:00,2025-01-10 18:42:00,EBDSI trigger window should auto close while switching modules.,EBDSI trigger window should auto close while switching modules.
Enter by and Entry Date column is missing,Done,Critical,2025-01-03 12:55:00,2025-02-14 00:05:00,Enter by and Entry Date column is missing,Enter by and Entry Date column is missing
Comments/Sentence field should be at the end of all fields,Done,Critical,2025-01-03 12:43:00,2025-02-14 00:05:00,Comments/Sentence field should be at the end of all fields,Comments/Sentence field should be at the end of all fields
Comment filed is missing,Done,Critical,2025-01-03 12:30:00,2025-02-14 00:05:00,Comment filed is missing,Comment filed is missing
"Double-clicking or rapidly clicking the ""Create"" or ""Update"" buttons results in duplicate profiles or criteria being created.",Done,High,2025-01-02 21:04:00,2025-01-10 18:42:00,"Double-clicking or rapidly clicking the ""Create"" or ""Update"" buttons results in duplicate profiles or criteria being created.","Double-clicking or rapidly clicking the ""Create"" or ""Update"" buttons results in duplicate profiles or criteria being created."
Add member to the mentioned email groups.,Done,High,2025-01-02 20:43:00,2025-01-07 15:12:00,EmailAccess,Add member to the mentioned email groups.
Suggestion dropdown issue,Done,Critical,2025-01-02 19:49:00,2025-01-10 18:42:00,Suggestion dropdown issue,# Search suggestion is not working properly in Medication and Question.
Hyperlink indication issue,Done,Critical,2025-01-02 19:41:00,2025-02-14 00:05:00,Hyperlink indication issue,When user click on document name in the grid nothing opens and no hyperlink indication is appearing for document name as well.
AI Code For Sign off visit,Done,High,2025-01-02 19:21:00,2025-01-09 11:58:00,AI Code For Sign off visit,AI Code For Sign off visit
Hide Skip Payment,Done,High,2025-01-02 19:21:00,2025-01-09 11:58:00,Hide Skip Payment,"Hide skip payment checkbox option on basis of advance option ""Hide Skip Payment"", when user tries to verify appointment in tele visit waiting bucket"
Health education Document,Done,Critical,2025-01-02 19:19:00,2025-02-14 00:05:00,Health education Document,System should allow import document for Health Education
PEHR 13 Auto Downloading service Restart,Done,Critical,2024-12-31 19:02:00,2024-12-31 19:29:00,PEHR 13 Auto Downloading service Restart,PEHR 13 Auto Downloading service Restart
Laptop Battery Replacement,Done,Critical,2024-12-31 18:12:00,2025-01-17 19:57:00,hardware-issues,Laptop Battery Replacement
"Authenticator Reset, Outlook Issue, and System Space Problem",Done,High,2024-12-31 02:34:00,2025-01-17 19:57:00,Teams,"Authenticator Reset, Outlook Issue, and System Space Problem"
New Headset Required,Done,Critical,2024-12-30 19:23:00,2025-01-17 19:57:00,hardware-issues,New Headset Required
Forgot Password,Done,Critical,2024-12-30 18:42:00,2024-12-30 18:49:00,Password,Forgot Password
EBDSI Components Scrollbar,Done,Critical,2024-12-30 18:41:00,2025-02-14 00:05:00,EBDSI Components Scrollbar,"All buckets like Medication, Lab etc, should have component level scrollbar like age group."
Laptop Power Issue,Done,Critical,2024-12-30 18:26:00,2024-12-30 18:51:00,hardware-issues,Laptop Power Issue
Discrepancies Between EMR and PEHR in Procedure Rules,Done,High,2024-12-30 18:14:00,2025-01-10 18:42:00,Discrepancies Between EMR and PEHR in Procedure Rules,Discrepancies Between EMR and PEHR in Procedure Rules
Convert vonage 2FA Number,Done,Critical,2024-12-30 15:32:00,2024-12-30 19:10:00,Convert vonage 2FA Number,Need to change the vonage verification number from 03075017522 to 03151588089 of user adanahmad@practiceehr.con
Search Window Opens in Incorrect Position,Done,High,2024-12-30 13:39:00,2025-01-10 18:43:00,Search Window Opens in Incorrect Position,Search Window Opens in Incorrect Position
Allergy-Specific Reaction Issue,Done,High,2024-12-30 13:36:00,2025-01-10 18:43:00,Allergy-Specific Reaction Issue,"*Unexpected Behavior:* Allergy Rule is not functioning correctly for three specific reactions, while it works fine for others. After discussing with Talha, he informed me that the issue is related to EPM team. The reactions are being saved with incorrect names instead of their actual reaction names."
Issues Identified During Testing on Clinical (Health Education & HM Follow up) Profiles,Done,High,2024-12-30 13:35:00,2025-02-14 00:05:00,Issues Identified During Testing on Clinical (Health Education & HM Follow up) Profiles,Issues Identified During Testing on Clinical (Health Education & HM Follow up) Profiles
"Alignment Issue - ""Document Type"" Input Filter",Done,Low,2024-12-30 13:31:00,2025-01-10 18:43:00,"Alignment Issue - ""Document Type"" Input Filter","Alignment Issue - ""Document Type"" Input Filter"
 Assigned-To Dropdown Issue,Done,Low,2024-12-30 13:25:00,2025-02-14 00:05:00,Assigned-To Dropdown Issue,Assigned-To Dropdown Issue
"Remove ""Assessment"" Label Text from EBDSI Profile",Done,High,2024-12-30 13:19:00,2025-01-02 18:45:00,"Remove ""Assessment"" Label Text from EBDSI Profile","Remove ""Assessment"" Label Text from EBDSI Profile"
Predictive DSI Profiles Displaying Across All Entities,Done,High,2024-12-27 20:58:00,2025-01-02 18:45:00,Predictive DSI Profiles Displaying Across All Entities,Predictive DSI Profiles Displaying Across All Entities
Exception on Profile Update,Done,Critical,2024-12-27 20:55:00,2025-01-10 18:43:00,Exception on Profile Update:,Exception on Profile Update:
Gender Mismatch in Attribute Info Window,Done,High,2024-12-27 20:53:00,2025-01-02 18:45:00,Gender Mismatch in Attribute Info Window:,Gender Mismatch in Attribute Info Window:
Headphones Required,Done,High,2024-12-26 23:10:00,2025-01-17 19:57:00,headphones,Headphones Required:
Error while updating visit assisting provider ,Done,Critical,2024-12-26 23:02:00,2025-01-02 18:46:00,Error while updating visit assisting provider,Error while updating visit assisting provider 
Issue with Evidence-Based DSI Feedback Report,Done,High,2024-12-24 20:28:00,2025-01-02 18:46:00,Issue with Evidence-Based DSI Feedback Report,Issue with Evidence-Based DSI Feedback Report
one system(laptop) in Billing is not working and needs immediate action.,Done,Critical,2024-12-23 20:27:00,2025-01-17 20:44:00,one system(laptop) in Billing is not working and needs immediate action.,one system(laptop) in Billing is not working and needs immediate action.
Unable to update Financial visit detail,Done,Critical,2024-12-23 19:08:00,2025-01-02 18:46:00,Unable to update Financial visit detail,"# Unable to update financial visit, error appears *Column 'ASSISTING_PROV_SEQ_NUM' does not belong to table VISITS_DETAIL.*"
Select option missing in Drop down,Done,Critical,2024-12-23 19:07:00,2025-01-02 18:46:00,Select option missing in Drop down,# Select option is missing in assisting provider dropdown in financial visit detail window. Available in Charge detail and Encounter form assisting provider dropdown
Wrong Assisting provider Shown in Financial visit Detail window for All visits,Done,Critical,2024-12-23 19:04:00,2025-01-02 18:46:00,Wrong Assisting provider Shown in Financial visit Detail window for All visits,Wrong Assisting provider Shown in Financial visit Detail window for All visits
System issue,Done,Low,2024-12-21 02:29:00,2025-01-18 00:47:00,System issue,System issue
New User Credentials,Done,High,2024-12-20 20:07:00,2025-01-02 20:38:00,User,New User Credentials
Work station changed and no internet connectivity and Power Cable required for LED,Done,Critical,2024-12-20 18:36:00,2024-12-20 23:06:00,Work station changed and no internet connectivity and Power Cable required for LED,Work station changed and no internet connectivity and Power Cable required for LED
"""Description"" Filter Not Working in Recommendation Search Window",Done,High,2024-12-20 18:21:00,2025-01-02 18:46:00,"""Description"" Filter Not Working in Recommendation Search Window","""Description"" Filter Not Working in Recommendation Search Window"
Reopn visit,Done,High,2024-12-20 17:27:00,2025-01-02 18:45:00,Reopn visit,"For the blob client on Reopne, the visit will be migrated."
Vulnerability Assessment for SOC 2 Compliance,Done,Critical,2024-12-20 06:35:00,2025-01-13 22:34:00,ACCESS,Vulnerability Assessment for SOC 2 Compliance
"The Ameer Baz system is malfunctioning and needs replacement. Please check and replace it promptly. Also, the RAM in the Danish system requires updating. Thank you",Done,Critical,2024-12-20 00:40:00,2024-12-20 01:26:00,"The Ameer Baz system is malfunctioning and needs replacement. Please check and replace it promptly. Also, the RAM in the Danish system requires updating. Thank you","The Ameer Baz system is malfunctioning and needs replacement. Please check and replace it promptly. Also, the RAM in the Danish system requires updating. Thank you"
System Login issue,Done,Critical,2024-12-19 23:22:00,2024-12-20 00:46:00,System Login issue,System Login issue
Practice EHR ,Done,Critical,2024-12-19 19:42:00,2024-12-19 20:25:00,Practice EHR,Was unable to login to my account .
After creating the procedure its should be active,Done,Critical,2024-12-19 18:49:00,2025-01-02 18:45:00,After creating the procedure its should be active,After creating the new procedure it should be marked active
Modifier updated in profile are not appearing,Done,Critical,2024-12-19 18:36:00,2025-01-02 18:45:00,Modifier updated in profile are not appearing,Setup > Clinical profile > Procedure > Add any procedure by adding modifier in detail > update > new visit > enter same procedure > modifier is not appearing 
By clicking today in calender today's data must be auto populated,Done,Low,2024-12-19 17:16:00,2025-01-10 18:43:00,By clicking today in calender today's data must be auto populated,Attributes info > After clicking today button in calendar today's data must be auto populated
Calendar must autoclose,Done,Low,2024-12-19 17:12:00,2025-01-10 18:43:00,Calendar must autoclose,"Attributes info > After clicking reset and today button, the calendar must autoclose"
Application gets crash ,Done,Critical,2024-12-19 15:03:00,2025-01-02 18:45:00,Application gets crash,Setup > clinical designer > Decision Support Interventions > Evidence-Based DSI > Search > attribute > select  Date of birth or Release Date > press backspace and remove complete date in Date of birth or Release Date  > blank screen appears
Abdul Moeez - Software Installation Required,Done,Low,2024-12-19 01:59:00,2024-12-19 20:53:00,Abdul Moeez - Software Installation Required,Abdul Moeez - Software Installation Required
Hamza Sohail - All Relevant Software Installation Required,Done,High,2024-12-19 01:18:00,2024-12-19 02:53:00,Hamza Sohail - All Relevant Software Installation Required,Hamza Sohail - All Relevant Software Installation Required
System RAM Update ,Done,Critical,2024-12-19 00:38:00,2024-12-19 02:51:00,hardware-issues,Laptop needs RAM update and windows update
Teams audio not working,Done,Critical,2024-12-19 00:35:00,2024-12-19 02:51:00,Teams,Unable to use microphone for Teams application
Muneeb Sohail - Previous Hard Disk Data Required,Done,Low,2024-12-18 23:56:00,2025-01-09 22:59:00,hardware-issues,Muneeb Sohail - Previous Hard Disk Data Required
Emails not Received - Client Success Shared,Done,Critical,2024-12-18 21:35:00,2024-12-18 22:18:00,EmailAccess,Emails not Received - Client Success Shared
"Predictive DSI - ""From"" and ""To"" Date Filters Not Working",Done,High,2024-12-18 21:03:00,2025-01-02 18:45:00,"Predictive DSI - ""From"" and ""To"" Date Filters Not Working","Predictive DSI - ""From"" and ""To"" Date Filters Not Working"
Need new headphone and laptop for new resource.,Done,Critical,2024-12-18 20:54:00,2024-12-19 02:56:00,Need new headphone and laptop for new resource.,Need new headphone and laptop for new resource.
Data in Test field is getting removed,Done,Critical,2024-12-18 19:50:00,2025-01-02 18:45:00,Data in Test field is getting removed,"Create Evidence based DSI > Add Test > create the evidence > Delete any filed from (Age, Assessment, Medication, Allergy, Lab Result, Questions, Implantable device) > reopen the evidence by refreshing > Test is removed."
Question is not working,Done,Critical,2024-12-18 19:47:00,2025-01-02 18:45:00,Question is not working,Add Question on Evidence Based DSI > update > Dona ™t answer the question in visit > EBDSI is still populating in patient Chart EBDSI tab.
Allergy is not working,Done,Critical,2024-12-18 19:44:00,2025-01-02 18:45:00,Allergy is not working,Add allergy on Evidence-Based DSI > update > Add same allergy in visit > EBDSI is not populating in patient Chart EBDSI tab
UI is getting desturbed in attributes info window,Done,Low,2024-12-18 19:39:00,2025-02-14 00:05:00,UI is getting desturbed in attributes info window,Attributes Info > add date > save > again open Attributes info > change the month > UI is getting disturbed.
Attributes info date is still appearing after resetting and updating,Done,Critical,2024-12-18 19:36:00,2025-01-02 18:45:00,Attributes info date is still appearing after resetting and updating,Attributes info > reset Date of Birth or Release date > update > again open attributes info date is again appearing.
Hamza Sohail - Laptop Request,Done,High,2024-12-18 01:20:00,2024-12-18 01:23:00,Teams,My teams is not working fine.
Assisting Provider field not getting reset accordingly.,Done,High,2024-12-18 00:56:00,2024-12-18 18:53:00,hardware-issues,Hamza Sohail - Laptop Request
"EBDSI - ""Release Date"" and ""DOB"" Fields Pre-selected with Default Value",Done,High,2024-12-17 21:24:00,2025-01-02 18:44:00,Assisting Provider field not getting reset accordingly.,Assisting Provider field not getting reset accordingly.
Remove system setup button,Done,High,2024-12-17 20:58:00,2025-01-10 18:43:00,"EBDSI - ""Release Date"" and ""DOB"" Fields Pre-selected with Default Value","EBDSI - ""Release Date"" and ""DOB"" Fields Pre-selected with Default Value"
"EBDSI - Attribute Info"" Icon Should Display Only After Profile Creation",Done,Critical,2024-12-17 20:56:00,2025-01-02 18:44:00,Remove system setup button,a If system setup button has no functionality it should be removed from practiceEHR
System setup bar should be removed,Done,High,2024-12-17 20:55:00,2025-01-02 18:46:00,"EBDSI - Attribute Info"" Icon Should Display Only After Profile Creation","EBDSI - Attribute Info"" Icon Should Display Only After Profile Creation"
"EBDSI - Create"" Button Does Not Change to ""Update"" After New DSI Profile Creation",Done,Critical,2024-12-17 20:54:00,2025-01-02 18:46:00,System setup bar should be removed,If system setup bar has no functionality it should be removed.
EBDSI - Ethnicity Field Blank in PEHR After Saving,Done,Low,2024-12-17 20:51:00,2025-01-10 18:43:00,"EBDSI - Create"" Button Does Not Change to ""Update"" After New DSI Profile Creation","After creating a new DSI profile, the ""Create"" button should change to ""Update."" Currently, it remains as ""Create."""
EBDSI - Gender Mismatch in Attribute Info,Done,High,2024-12-17 15:25:00,2025-01-02 18:46:00,EBDSI - Ethnicity Field Blank in PEHR After Saving,EBDSI - Ethnicity Field Blank in PEHR After Saving
"EBDSI - Criteria Selection in Create Window a Default ""OR"" Operation Missing",Done,High,2024-12-17 15:22:00,2025-01-02 18:46:00,EBDSI - Gender Mismatch in Attribute Info,EBDSI - Gender Mismatch in Attribute Info
PEHR Allergy Exception (QA Environment Only),Done,Low,2024-12-17 13:27:00,2025-01-02 18:46:00,"EBDSI - Criteria Selection in Create Windowa “ Default ""OR"" Operation Missing","EBDSI - Criteria Selection in Create Windowa “ Default ""OR"" Operation Missing"
Data is getting removed from sentence view.,Done,High,2024-12-17 13:09:00,2025-01-02 18:46:00,PEHR Allergy Exception (QA Environment Only),PEHR Allergy Exception (QA Environment Only)
EBDSI - Age Group Validationa “ Invalid Month Range,Done,Critical,2024-12-17 13:05:00,2025-01-02 18:46:00,Data is getting removed from sentence view.,"Add data in front of blue text > Delete the black text, blue text is also deleted randomly."
Macros are not working in physical Exam section.,Done,Low,2024-12-17 13:02:00,2025-01-10 18:43:00,EBDSI - Age Group Validationa “ Invalid Month Range,EBDSI - Age Group Validationa “ Invalid Month Range
Unable to create macro with special character,Done,Critical,2024-12-17 13:02:00,2025-01-02 18:46:00,Macros are not working in physical Exam section.,Macros are not working in physical Exam section.
EBDSI - Occurrence Value Resetting to Zero After Profile Creation/Update,Done,Critical,2024-12-17 13:02:00,2025-01-02 18:46:00,Unable to create macro with special character,Exception appears when the user creates macros with a special character.
Maximum three tickets shown under plan profile > New Enrollment window.,Done,High,2024-12-17 12:48:00,2025-01-02 18:46:00,EBDSI - Occurrence Value Resetting to Zero After Profile Creation/Update,EBDSI - Occurrence Value Resetting to Zero After Profile Creation/Update
CDS Intervention Testing points,Done,High,2024-12-17 00:56:00,2025-02-14 00:05:00,Maximum three tickets shown under plan profile,Maximum three tickets shown under plan profile > New Enrollment window.
Random New visit creation error without Plan,Done,High,2024-12-16 21:40:00,2025-01-07 20:07:00,CDS Intervention Testing points,CDS Intervention Testing points
Visit Detail - Assisting Provider,Done,Critical,2024-12-13 20:07:00,2025-01-02 18:46:00,Random New visit creation error without Plan,Random New visit creation error without Plan
Sentence view Editing,Done,High,2024-12-13 20:00:00,2025-01-07 18:56:00,Visit Detail - Assisting Provider,"Assisting Provider field added in Visit Detail tab. It will show the providers dropdown. Upon ready to bill, this field should be copied over to both financial visit and all the charges"
Scheduling Jump - Concern,Done,Critical,2024-12-13 19:56:00,2025-01-02 18:46:00,Sentence view Editing,Only text in black color will be editable.
Implementation Boxes change,Done,Critical,2024-12-13 19:55:00,2025-01-02 18:47:00,Scheduling Jump - Concern,"There is a scheduling concern we often come across when training new clients. When a new Scheduling Jump Option is created from the Setup tab, the Jump To field distorts and does not show the added option in the dropdown. The tab needs to be refreshed or relogged-in in order for the change to reflect.a "
Fax Recevied - Blurred Documents Issue,Done,Low,2024-12-13 19:50:00,2025-01-02 18:48:00,Implementation Boxes change,Implementation Boxes change
Macro HPI change,Done,High,2024-12-13 19:39:00,2025-01-02 18:49:00,Fax Recevied - Blurred Documents Issue,Fax Recevied - Blurred Documents Issue
Suggestion on Enrollment ticket comments.,Done,High,2024-12-13 19:35:00,2025-01-07 20:09:00,Macro HPI change,View all question will also move to visit and chief complaints will be added. (HPI section)
Routine OS Update | New DALLAS | VMs | Windows Update,Done,Low,2024-12-12 00:42:00,2025-01-02 18:49:00,Suggestion on Enrollment ticket comments.,Suggestion on Enrollment ticket comments.
Pay online portal > Payment window gets disabled.,Done,Critical,2024-12-11 16:14:00,2024-12-17 03:47:00,Windows_update,Routine OS Update | New DALLAS | VMs | Windows Update
Comments for few Medicaid payer id are not according to provided hierarchy,Done,High,2024-12-05 01:17:00,2024-12-23 19:43:00,Pay online portal,Pay online portal > Payment window gets disabled.
On Support Portal Initial comments missed with the tickets created from PEHR.,Done,High,2024-12-05 01:14:00,2025-01-02 18:49:00,Comments for few Medicaid payer id are not according to provided hierarchy,Comments for few Medicaid payer id are not according to provided hierarchy
Tickets not shown under plan profile > New Enrollment window with Medicare Railroad given ids.,Done,High,2024-12-05 01:11:00,2025-01-08 18:27:00,On Support Portal Initial comments missed with the tickets created from PEHR.,On Support Portal Initial comments missed with the tickets created from PEHR.
New DALLAS | Physical Hosts | Windows Update,Done,High,2024-12-05 01:07:00,2025-01-08 18:29:00,Tickets not shown under plan profile,Tickets not shown under plan profile > New Enrollment window with Medicare Railroad given ids.
Medicare Railroad & Medicare DME ticket comments not reflecting accordingly in PractiecEHR.,Done,Critical,2024-11-28 00:51:00,2024-12-17 03:47:00,Windows_update,New DALLAS | Physical Hosts | Windows Update
New 2X User - LIKC Client,Done,High,2024-11-25 22:14:00,2025-01-02 18:49:00,Medicare Railroad & Medicare DME ticket comments not reflecting accordingly in PractiecEHR.,Medicare Railroad & Medicare DME ticket comments not reflecting accordingly in PractiecEHR.
Jump Server/10.60.46.246 - User Required,Done,High,2024-11-12 23:31:00,2024-12-17 03:47:00,2X-User,New 2X User - LIKC Client
New columns & bug fixes under Plan Payment screen,Done,Critical,2024-11-07 23:51:00,2024-12-17 03:47:00,Jump Server/10.60.46.246 - User Required,Jump Server/10.60.46.246 - User Required
ACTIVE | 2X User,Done,Low,2024-11-04 23:20:00,2025-01-01 18:17:00,New columns & bug fixes under Plan Payment screen,New columns & bug fixes under Plan Payment screen
Please run Auto Claim submitter service on QA,Done,High,2024-10-23 21:29:00,2024-12-17 03:47:00,2X-User,ACTIVE | 2X User
Create a new Test Folder for Labcorp Test Environment,Done,Critical,2024-10-23 19:08:00,2024-10-23 19:10:00,Please run Auto Claim submitter service on QA,Please run Auto Claim submitter service on QA
EMR created macros are not found in PracticeEHR ,Done,Critical,2024-10-22 18:13:00,2024-10-22 18:23:00,Create a new Test Folder for Labcorp Test Environment,Create a new Test Folder for Labcorp Test Environment
need files from the mentioned paths,Done,Critical,2024-10-14 13:40:00,2025-01-17 19:49:00,EMR created macros are not found in PracticeEHR,# Newly created macros from EMR are not appearing in PracticeEHR.
New folders creation in Production lab for LABCORP,Done,Critical,2024-10-11 18:58:00,2024-10-11 19:12:00,need files from the mentioned paths,need files from the mentioned paths
Macros Name do not get updated.,Done,Critical,2024-10-10 17:19:00,2024-10-10 17:53:00,New folders creation in Production lab for LABCORP,New folders creation in Production lab for LABCORP
Production | New DALLAS | DOC SVR 233 | Drive Extend,Done,Critical,2024-10-09 17:36:00,2025-01-17 19:49:00,Macros Name do not get updated.,Start Visit > add to Existing Macro > Select Macro (Test) > Change the name of Macro > After update Message appearsa Macro Updated successfully But name is not updated.
Copy Documents for Client The Foot and Ankle Ceneter Entity 7784695103 Cloud 12,Done,Critical,2024-10-08 19:15:00,2024-12-17 03:47:00,Production | New DALLAS | DOC SVR 233 | Drive Extend,Production | New DALLAS | DOC SVR 233 | Drive Extend
Access Required | Treatwrite | data Export | Migration to PEHR,Done,Critical,2024-10-08 19:04:00,2024-10-09 18:35:00,Copy Documents for Client The Foot and Ankle Ceneter Entity 7784695103 Cloud 12,Copy Documents for Client The Foot and Ankle Ceneter Entity 7784695103 Cloud 12
Macro Enhancement,Done,High,2024-10-08 19:00:00,2024-12-17 03:47:00,ACCESS,Access Required | Treatwrite | data Export | Migration to PEHR
Visits files | Production | PEHR | Documents,Done,Critical,2024-10-08 18:43:00,2025-01-17 19:50:00,Macro Enhancement,Macro Enhancement
SFTP | DATA Migration | Data Upload | 515068036,Done,Low,2024-10-07 19:54:00,2024-12-17 03:47:00,Visits_Files,Visits files | Production | PEHR | Documents
Need to Extend the D-Drive 500 GB for the server DAL-SS-PEHR-95 | 10.60.45.95,Done,High,2024-10-04 20:06:00,2024-12-17 03:47:00,SFTP,SFTP | DATA Migration | Data Upload | 515068036
2X-Users | PBI | Billing user | Email Request,Done,High,2024-10-04 16:17:00,2024-12-17 03:47:00,Need to Extend the D-Drive 500 GB for the server DAL-SS-PEHR-95 | 10.60.45.95,Need to Extend the D-Drive 500 GB for the server DAL-SS-PEHR-95 | 10.60.45.95
NDC unit will be populated 1 by  system  on entering CPT  that has NDC # on new charge entry,Done,High,2024-10-03 23:30:00,2024-12-17 03:47:00,2X-User,2X-Users | PBI | Billing user | Email Request
Request for Approval | New DALLAS | Physical Server | Windows Update,Done,Critical,2024-10-03 15:48:00,2024-10-23 18:16:00,NDC unit will be populated 1 by  system  on entering CPT  that has NDC # on new charge entry,NDC unit will be populated 1 by  system  on entering CPT  that has NDC # on new charge entry
Critical | Prod| ActiveASP | EDI Services Setup 11g-32Bit,Done,Critical,2024-10-03 03:11:00,2024-12-17 03:47:00,Request for Approval | New DALLAS | Physical Server | Windows Update,Request for Approval | New DALLAS | Physical Server | Windows Update
F7 window highlighted grey color fixed.,Done,Critical,2024-10-03 01:31:00,2024-10-07 17:45:00,Critical | Prod| ActiveASP | EDI Services Setup 11g-32Bit,"We need to setup 11 g EDI Services for ActiveASP about ticket # +1936875+, created on the PEHR Support Portal."
Visit dates should not be in future validation added in Charge detail window,Done,Critical,2024-09-27 00:22:00,2024-10-23 18:16:00,F7 window highlighted grey color fixed.,F7 window highlighted grey color fixed.
patient/plan follow-up window plan type filter issue fixed.,Done,Critical,2024-09-27 00:21:00,2024-10-23 18:16:00,Visit dates should not be in future validation added in Charge detail window,Visit dates should not be in future validation added in Charge detail window
Additional columns in f12 window,Done,Critical,2024-09-27 00:21:00,2024-10-23 18:16:00,patient/plan follow-up window plan type filter issue fixed.,patient/plan follow-up window plan type filter issue fixed.
payment ledger report 2 columns added,Done,Critical,2024-09-27 00:21:00,2024-10-23 18:16:00,Additional columns in f12 window,Additional columns in f12 window
POS 10- Patient Home address will be reported for POS10,Done,Critical,2024-09-27 00:20:00,2024-10-23 18:16:00,payment ledger report 2 columns added,payment ledger report 2 columns added
WMC issue-   WC/NF form  will  not  included as pwk attachment for IHCFA submission.,Done,Critical,2024-09-27 00:20:00,2024-10-23 18:16:00,POS 10- Patient Home address will be reported for POS10,POS 10- Patient Home address will be reported for POS10
NDC # issue fixed  and  will be populated under charge addl screen.,Done,Critical,2024-09-27 00:20:00,2024-10-23 18:16:00,WMC issue-   WC/NF form  will  not  included as pwk attachment for IHCFA submission.,WMC issue-   WC/NF form  will  not  included as pwk attachment for IHCFA submission.
Send email from statement history,Done,Critical,2024-09-27 00:19:00,2024-10-23 18:15:00,NDC # issue fixed  and  will be populated under charge addl screen.,NDC # issue fixed  and  will be populated under charge addl screen.
QR code will only be print when payment gateway is setup,Done,Critical,2024-09-26 19:04:00,2024-10-02 21:53:00,Send email from statement history,System should send email from statement history where status is Ready 'R' no matter if estatement is on or off. This is to handle where emails are to be sent along with paper.
Payonline statement url issue for PEHR PRO ,Done,Critical,2024-09-24 22:12:00,2024-10-02 21:53:00,QR code will only be print when payment gateway is setup,QR code will only be print when payment gateway is setup
Asset Characterization,Done,Critical,2024-09-24 22:10:00,2024-10-02 21:52:00,Payonline statement url issue for PEHR PRO,Upon statement submission Customer id For Each patient will be of the respective practice for which the patient belong to for Pro clients.
"Add a big ""continue rebase"" button on the screen after resolving conflicts.",Done,High,2024-07-17 20:46:00,2024-07-17 20:47:00,Asset Characterization,Asset Characterization
Copy Paste from History takes ages,Done,High,2022-05-19 20:20:00,2023-03-10 04:44:00,Git,"After resolving conflicts during a rebase is is not obvious for a newbie how to continue.  Adding a big ""continue rebase"" button on the screen would make it clearer."
Sourcetree keeps crashing ,Done,High,2022-05-19 07:35:00,2023-03-10 04:44:00,General,"Problem:When you select one or more history entries and you try to copy them by CTRL-C then it takes to long to get them into clipboard.Reproduce:Selecting one or more entries in history with CTRL or SHIFT. Copy them with CTRL-C, nothing happens, content is not yet in clipboard, SourceTree stucks as you can see in the windows title loosing its color (blocked by Windows), then it wakes up again and finally selected entries are in clipboard."
"Jump to ""History"" after each commit?",Done,High,2022-05-17 23:30:00,2023-03-10 04:44:00,General,"I can get Sourcetree to open, but it crashes a few seconds after I see a window appear. This has been going on a while now and it continued to happen after uninstalling and reinstalling the app.a "
Horizontal Scroll for MouseWheel Event,Done,High,2022-05-17 12:07:00,2023-03-10 04:44:00,General,Command: git -c diff.mnemonicprefix=false -c core.quotepath=false --no-optional-locks ls-remote https://gsplleida.visualstudio.com/_git/TotGSPOutput:Â Error: remote: TF401019: The Git repository with name or identifier TotGSP does not exist or you do not have permissions for the operation you are attempting.fatal: repository 'https://gsplleida.visualstudio.com/_git/TotGSP/' not foundBut this repository is real and my coworkers has connected and using this repositoryÂ 
Git-LFS Not supported,Done,High,2022-05-14 15:06:00,2023-03-10 04:43:00,General,"Please remove this stupid annoying ""feature""https://community.atlassian.com/t5/Sourcetree-questions/How-can-I-avoid-to-jump-to-quot-History-quot-after-each-commit/qaq-p/1910034"
Use of BitBucket App Password in Source Tree,Done,High,2022-05-10 06:23:00,2023-03-10 04:43:00,General,Component: WorkSpace -> Diff AreaNeed: Shift + MouseWheel -> Scroll Left / RightCurrentVer: 3.4.8 does not support this. Appreciate the next change 
SourceTree Shortcut Start In path invalid,Done,High,2022-05-06 15:03:00,2023-03-10 04:43:00,General,"Hello.I recently added a new system drive to my ASUS ROG G751-JY, an M.2 NVMe SSD, in the hopes of gaining a lot of performance with Git and SourceTree, among other tools, by moving my projects from the stock HDD over to an SSD. The stock SSD was out of space, so I got this new one to replace it.When I moved my repository to the new SSD, every SourceTree operation ran extremely slowly, as in it stalled for 20+ seconds just to commit a tiny change or update a view. I tried putting the stock SSD back in and doing the same things, thinking it was the switch from a non-NVMe SSD to an NVMe SSD, but it was the same bad performance.The SSD(s) sit on an M.2 PCI-e interface; the stock one is non-NVMe and the new one is NVMe, so we're also testing the difference between those two. The mainboard's chips limit the bandwidth of the interface to PCI-e 2.0 4X speeds, which should still be magnitudes better than my HDD, but you can see the performance I get.*More info below the results, but you need to see these to care :D**+Time trials of SourceTree:+*Â *HDD 5400 RPM* (ROG G751-JY {*}stock{*}) - *SATA II slot*Â - (Seq. read/write benchmarks: {*}101/93{*}):- Show initial ""File Status""Â  - *37.2* seconds- Stage 1 file, few changes - *3.5* seconds- Show HistoryÂ  Â  Â  Â  Â  Â  Â  Â  Â  Â - *5.3* seconds- Random update on File Status - *1.2* seconds*SSD* *NVMe* (ROG G751-JY {*}stock{*}) - *M.2 slot* (Seq. read/write benchmarks: {*}1140/850{*}):- Show initial ""File Status""Â  - *44.5* seconds{color:#FF0000} (+20%){color}, sometimes 125 seconds {color:#FF0000}(+336%){color}- Stage 1 file, few changes - *22.3* seconds {color:#FF0000}(+637%){color}, sometimes 43 seconds {color:#FF0000}(+1229%){color}- Show HistoryÂ  Â  Â  Â  Â  Â  Â  Â  Â  Â  - *5.3* seconds {color:#ff8b00}(same){color}, sometimes 40 seconds {color:#FF0000}(+811%){color}- Random update on File Status - *18* seconds {color:#FF0000}(+1500%){color}*SSD* *NVMe* ({*}SN850{*}) - *M.2 slot* (Seq. read/write benchmarks: {*}1615/1459{*}):- Show initial ""File Status""Â  - *41.5* seconds {color:#FF0000}(+12%){color}- Stage 1 file, few changes - *21.5* seconds {color:#FF0000}(+614%){color}- Show HistoryÂ  Â  Â  Â  Â  Â  Â  Â  Â  Â - *5.2* seconds {color:#00875a}(-1%){color}- Random update on File Status - *15* seconds {color:#FF0000}(+1250%){color}*SSD*Â {*}NVMe{*}{*}{*} ({*}SN850{*}) - *External USB 3.0 NVMe interface* (Seq. read/write benchmarks: {*}475/454{*}):- Show initial ""File Status"" - *45.1* seconds {color:#FF0000}(+21%){color}- Stage 1 file, few changes Â - *23.5* seconds {color:#FF0000}(671+%){color}- Show History Â  Â  Â  Â  Â  Â  Â  - *45.3* seconds {color:#FF0000}(+855%){color}- Random update on File Status - *20* seconds {color:#FF0000}(+1666%){color}+*Result Elaboration and Discussion*+I only included the sequential read/write marks; for the non-sequential tests, the SSDs are 40-400+ times faster than the HDD. I tried on the system partition and a secondary partition.During these stalls, the CPU was at 10-40% usage (spread evenly across the cores) and the SSD at 0-2%. SourceTree would disappear from the Task Manager for most of the time of these stalls; it does that on HDD as well, but usually only for a short while before returning and updating the UI, but in these cases, SourceTree was gone from Task Manager for these long stalls until it finished. I'm on ethernet cable, so it's not Wi-Fi...nothing is stalled on any performance monitors.And I did multiple tests for each of these results, made sure to turn off virus scanners, also adding exclusions for the folders for safety, everything else turned off and shut down. Ensured they were indexed by Windows, as well, like the original repo, and checked folder security settings. I always run SourceTree as Administrator. All that jazz.I'm down to it being Git or SourceTree, that simply do not function well with my harddrives or their ports, or the drivers/interfaces for my ports/drives/mainboard not being optimized for what Git/SourceTree is doing. I've checked everything with these SSDs. They're formatted and adjusted properly, zipping and unzipping is fast and CPU-capped, games install and run using up to 425 MB/sec, and that's just what I've measured ""in the field"", but benchmarks are as expected for the ports, as well. It's just Git/SourceTree.I know that everything on this machine is 6+ years old, but when everything else seems to be able to take advantage of the new disks, I'm running out of reasons to blame my system."
Cannot open multiple repos with same name,Done,High,2022-05-06 10:42:00,2023-03-10 04:43:00,Git,"This message appears every time I open SourceTree:!image-2022-05-06-11-39-23-787.png!The embedded and system git installed are 2.36.0.Any attempt to push a large file gives me this:git -c diff.mnemonicprefix=false -c core.quotepath=false --no-optional-locks push -v --tags origin master:mastererror: cannot spawn git-credential-helper-selector: Function not implementederror: cannot spawn git-credential-helper-selector: Function not implementedPushing to https://bitbucket.org/mourant/tab-model-2.0.giterror: cannot spawn git-lfs: Function not implementederror: failed to push some refs to 'xxx.git'Completed with errors, see above."
Keeps losing credentials,Done,High,2022-05-06 01:06:00,2023-03-10 04:43:00,General,"I work with an incredibly large repository, with many branches (1000s), and when using the Context Menu (right-click) on things like a branch, to perform actions such as merging into the current branch, opening the context menu can take minutes to load.Â It seems like there is some loading of branches going on when the Context Menu is opened, and was hoping that this loading could be moved into a specific Context Menu action, rather than being applied to the entire thing.Â "
Allow Multiselect Cherry-pick using Interactive Rebase,Done,High,2022-05-05 22:21:00,2023-03-10 04:43:00,Bitbucket,"Hi Atlassian,I'm sure you're already aware but would like to bring to your attention the use of Bitbucket App Passwords in Source Tree as a security risk. I'd call it a high security risk because the app password is needed every time we do a git clone and is immediately visible in plain text upon pasting it behind the username. Further to that, after each git clone, in the settings of the project in source tree, you can actually see the full app password in plain text as well. The plain text app password is visible even on workstations with only standard user access. Meaning that even though our environment is setup where all the devs are standard users (instead of local admin users), an attacker who has successfully got into one of our dev workstations (especially if they are familiar with Source Tree), can actually grab the app password in plain text, save it somewhere alongside the path, setup the same path on their Source Tree on their workstation with that app password and start doing commits, push, pulls etc as that user. If that user uses the same app password for each of their project, then essentially and attacker could use that same app password to do git clones from several projects. If that user uses different app passwords for each of their project, then they might not be aware if an attacker has compromised one of their app passwords to do git clones for whichever project. All this pretty much defeats the purpose of turning on multi-factor authentication.a If there is a better way or more best practice way to authenticate from source tree to Bitbucket (or if our company is just using app passwords wrong entirely), I'm more than happy to hear how we should be doing it instead and push out a new implementation to our devs. But as is, I couldn't figure out a sustainable way to authenticate with Source Tree apart from using app passwords. Have tried using ssh for authentication but that broke after just one day of testing.a Microsoft has plans to deprecate basic authentication and legacy authentication (this year I believe) which to me means that big corps will start moving away from basic authentication, legacy authentication, app passwords entirely eventually. I would like to know if there are plans to build 2FA authentication into the Source Tree app when using with Bitbucket in the near future as that would be absolutely critical security wise I would think.a Regards,Brandon Chuah"
Clone Remote - Failure to validate/accept remote repository path,Done,High,2022-05-02 13:26:00,2023-03-10 04:43:00,General,I was recently trying to determine why Sourcetree was so slow and in the process I ran into an issue with the Shortcut Start In path being invalid.The last part of the path was pointing to an older version folder that no longer existed. That older version may have been 3.6.6.I manually updated the path to the latest version folder and all is working fine. I am not sure if this will help with performance but it certainly will eliminate this as a contributing factor.Please look into why the Start In path is not updated as it should when installing an Sourcetree update.Thank you.
Branches are no longer fetched with my remote,Done,High,2022-04-27 05:12:00,2023-03-10 04:43:00,Git,"{*}Reproduce{*}: # Use file status: # Search for some file # Right-click file -> Log Selected # Close the open log window # Repeat steps 2, 3, and 4{*}Result{*}:Either Sourcetree crashes or Log Selected is no longer available.Â *Workaround:*Restart Sourcetree after closing Log Window or don't close the Log Windows."
source tree closing when adding new clone,Done,High,2022-04-25 15:45:00,2023-03-10 04:43:00,branch,"We have several projects that use a common submodule, albeit often on different branches.(1) Current versions of SourceTree will not open multiple instances of a submodule if the name is the same (Sourcetree 1.9 and before had no problem with this).(2) More egregiously, if you have one instance open, and request to open a second (separate) instance of the submodule (associated with a different project/repo, and possibly on a different branch), SourceTree *simply takes you to the first open instance!* This opens up all sorts of problems with the user thinking they are working on one branch of the submodule, when in fact they are modifying another branch."
Sourcetree Update broke authentication,Done,High,2022-04-23 10:57:00,2023-03-10 04:43:00,General,"It keeps losing my credentials to bitbucket.I will do a push / pull. After doing this, it will lose my credentials and require me to reinsert them.It will also, in this instance, display error box for askpass.exe"
Tries to open xaml files with internet explorer,Done,High,2022-04-21 10:53:00,2023-03-10 04:43:00,Git,"Now that SourceTree has an interactive rebase dialog, the next natural step is to allow us to multi-select several commits from a second branch and ""cherry-pick"" them onto the current branch.This can also be viewed as a rebase operation where a number of the commits from the second branch are already marked to be ""skipped."" But in general, rebase and cherry-pick should be viewed from a technical perspective as interactive rebase operations. For example, and because it makes for popular word-games at Git Tech parties: * ""rebase"" cherry-picks all the commits from one branch onto another. * ""cherry-pick"" rebases a single commit from one branch onto another."
Cannot update embedded git to v2.35.2 on windows sourcetree v3.4.8,Done,High,2022-04-20 16:20:00,2023-03-10 04:43:00,Git,"Now that SourceTree has an interactive rebase dialog, the next natural step is to allow us to multi-select several commits from a second branch and ""cherry-pick"" them onto the current branch.This can also be viewed as a rebase operation where a number of the commits from the second branch are already marked to be ""skipped."" But in general, rebase and cherry-pick should be viewed from a technical perspective as interactive rebase operations. For example, and because it makes for popular word-games at Git Tech parties: * ""rebase"" cherry-picks all the commits from one branch onto another. * ""cherry-pick"" rebases a single commit from one branch onto another."
Add a confirm before aborting a rebase,Done,High,2022-04-19 20:00:00,2023-03-10 04:43:00,remote,"I no longer able to clone a repository from a new computer with 3.4.8. I am 100% sure the file path is correct as I can clone with 3.4.4 on my old computer. With the new version, it does not say it is a Git repository and says there is a ""Error: fatal: protocol error: bad line length character: bmbe"", where bmbe is the start of the file path with my username first. The remote repository is another company computer specified using username and IP address.Another employee has the same issue with 3.4.8, and then we are having a painful process trying to uninstall and reinstall with 3.4.4 where we know the repository issue doesn't exist. When we reinstall with 3.4.4, it crashes immediately or as soon as Clone is selected.!image-2022-04-19-13-55-42-103.png!"
Remote repositories are not listing all repositories,Done,High,2022-04-19 15:39:00,2023-03-10 04:43:00,UX,"I'm using Sourcetree for Windows (11) 3.4.8.0. However, about a week ago, all remote branches disappeared from the main view. A Fetch fails to retrieve them. The config file for the remote repo has:[remote ""origin""]a a  fetch = +refs/heads/*:refs/remotes/origin/*Yet it willa _not_ show the remote branches on the UI. I can manually, via terminal, check out a branch, or check it out via the Checkout command (Shift + Ctrl + U) but I have always been able to simply double click the remote branch name in the UI to do the same thing. I tried uninstalling and reinstalling SourceTree and the problem persists."
Automatic refresh OAuth token,Done,High,2022-04-15 11:02:00,2023-03-10 04:43:00,General,"I tried to add new clone from URL, but the widow closing continuously, tried reinstall and git reinstall but still the same"
Show full project name in top bar,Done,High,2022-04-14 18:11:00,2023-03-10 04:43:00,Bitbucket,"I just updated from SourceTree 3.4.6 to 3.4.8 and now I can't access the remote repositories.Any operation results in this msg:git -c diff.mnemonicprefix=false -c core.quotepath=false --no-optional-locks fetch --prune --tags originServer refused public-key signature despite accepting key!FATAL ERROR: No supported authentication methods available (server sent: publickey)fatal: Could not read from remote repository.Luckily, I also have the GitExtensions tool installed, and it can still access my repos.Why does updating SourceTree break my access?"
Force Push does not work anymore,Done,High,2022-04-14 17:06:00,2023-03-10 04:43:00,Git,SourceTree tries to run Internet Explorer when I request to open a XAML. file. I'm running under Windows 10 and Internet Explorer no longer exists.
sync the repository URLs and certifications to the atlssian account(or other cloud),Done,High,2022-04-14 02:44:00,2023-03-10 04:43:00,Git,"This github blog, [https://github.blog/2022-04-12-git-security-vulnerability-announced/] ,a  recommend that everyone use git v2.35.2.a But I could not update embedded git in sourcetree.a Now should I use system git ?Here is my steps to update embedded git: # Open *SourceTree* # Go to *Tool* -> *Option* # Select *Git* tab # In *Git version* section, push *Update Embedded*"
Support checkout of file at version in log view,Done,High,2022-04-13 17:45:00,2023-03-10 04:43:00,Bitbucket,Sourcetree for Windows crash after a few seconds.
Can not clone bitbucket Repo,Done,High,2022-04-13 14:29:00,2023-03-10 04:43:00,General,"Hello!a I just was in the process of a 100 commit rebase, and accidentally misclicked the abort rebase option which is right underneath continue rebase. Since there is no confirmation of aborting it rewound all my changes.So just wanted to see if it's possible to also warn about aborting the rebase just to be safe."
Untracked branches cannot be pushed,Done,High,2022-04-11 07:31:00,2023-03-10 04:43:00,Bitbucket,"Please reopen the Issue SRCTREEWIN-8529, because the Bug is not solved!Unfortunately, it is not possible for us users to reopen a bug.a But the error continues to occur and repeatedly causes queries and confusion among our users.a "
Checkbox 'push changes immediately' is greyed out and cannot be activated,Done,High,2022-04-08 07:16:00,2023-03-10 04:43:00,General,"Hi,After you removed the support for Basic auth I switched to OAuth but I always get an issue when the OAuth token expires.It doesn't auto refresh. I get an error when pushing/pulling and I then need to open Options, go to Authentication, expand my account, click Edit, and THEN it auto refresh the token and the pushing/pulling works.I tried to update to latest version, 3.4.8 but no change.Seems like a bug to meRegards,Patric"
Push screen does not show tracked branches,Done,High,2022-04-07 23:39:00,2023-03-10 04:43:00,Git,"I cloned a repository and try to add it's submodules to a folder. Three of the four submodules worked just fine but this one. Very repeatable. Updated to 3.4.8 to see if it was fixed but I still experience the crash.Â Â {code:java}Application: SourceTree.exeFramework Version: v4.0.30319Description: The process was terminated due to an unhandled exception.Exception Info: System.IndexOutOfRangeExceptionÂ  Â at SourceTree.Repo.RepoHandlerGitOld.GetDefaultBranch(System.String)Â  Â at SourceTree.ViewModel.CloneNewDialogViewModel+<>c__DisplayClass212_0.<RefreshRemoteBranches>b__1()Â  Â at System.Threading.Tasks.Task`1[[System.__Canon, mscorlib, Version=4.0.0.0, Culture=neutral, PublicKeyToken=b77a5c561934e089]].InnerInvoke()Â  Â at System.Threading.Tasks.Task.Execute()Â  Â at System.Runtime.ExceptionServices.ExceptionDispatchInfo.Throw()Â  Â at System.Runtime.CompilerServices.TaskAwaiter.HandleNonSuccessAndDebuggerNotification(System.Threading.Tasks.Task)Â  Â at System.Runtime.CompilerServices.TaskAwaiter`1[[System.__Canon, mscorlib, Version=4.0.0.0, Culture=neutral, PublicKeyToken=b77a5c561934e089]].GetResult()Â  Â at SourceTree.ViewModel.CloneNewDialogViewModel+<RefreshRemoteBranches>d__212.MoveNext()Â  Â at System.Runtime.ExceptionServices.ExceptionDispatchInfo.Throw()Â  Â at System.Runtime.CompilerServices.TaskAwaiter.HandleNonSuccessAndDebuggerNotification(System.Threading.Tasks.Task)Â  Â at System.Runtime.CompilerServices.TaskAwaiter.GetResult()Â  Â at SourceTree.ViewModel.CloneNewDialogViewModel+<CheckSource>d__211.MoveNext()Exception Info: ReactiveUI.UnhandledErrorExceptionÂ  Â at ReactiveUI.RxApp+<>c__DisplayClass11_0.<.cctor>b__2()Â  Â at System.Reactive.Concurrency.Scheduler.Invoke(System.Reactive.Concurrency.IScheduler, System.Action)Â  Â at System.Reactive.Concurrency.DispatcherScheduler+<>c__DisplayClass12_0`1[[System.__Canon, mscorlib, Version=4.0.0.0, Culture=neutral, PublicKeyToken=b77a5c561934e089]].<Schedule>b__0()Â  Â at System.Windows.Threading.ExceptionWrapper.InternalRealCall(System.Delegate, System.Object, Int32)Â  Â at System.Windows.Threading.ExceptionWrapper.TryCatchWhen(System.Object, System.Delegate, System.Object, Int32, System.Delegate)Â  Â at System.Windows.Threading.DispatcherOperation.InvokeImpl()Â  Â at MS.Internal.CulturePreservingExecutionContext.CallbackWrapper(System.Object)Â  Â at System.Threading.ExecutionContext.RunInternal(System.Threading.ExecutionContext, System.Threading.ContextCallback, System.Object, Boolean)Â  Â at System.Threading.ExecutionContext.Run(System.Threading.ExecutionContext, System.Threading.ContextCallback, System.Object, Boolean)Â  Â at System.Threading.ExecutionContext.Run(System.Threading.ExecutionContext, System.Threading.ContextCallback, System.Object)Â  Â at MS.Internal.CulturePreservingExecutionContext.Run(MS.Internal.CulturePreservingExecutionContext, System.Threading.ContextCallback, System.Object)Â  Â at System.Windows.Threading.DispatcherOperation.Invoke()Â  Â at System.Windows.Threading.Dispatcher.ProcessQueue()Â  Â at System.Windows.Threading.Dispatcher.WndProcHook(IntPtr, Int32, IntPtr, IntPtr, Boolean ByRef)Â  Â at MS.Win32.HwndWrapper.WndProc(IntPtr, Int32, IntPtr, IntPtr, Boolean ByRef)Â  Â at MS.Win32.HwndSubclass.DispatcherCallbackOperation(System.Object)Â  Â at System.Windows.Threading.ExceptionWrapper.InternalRealCall(System.Delegate, System.Object, Int32)Â  Â at System.Windows.Threading.ExceptionWrapper.TryCatchWhen(System.Object, System.Delegate, System.Object, Int32, System.Delegate)Â  Â at System.Windows.Threading.Dispatcher.LegacyInvokeImpl(System.Windows.Threading.DispatcherPriority, System.TimeSpan, System.Delegate, System.Object, Int32)Â  Â at MS.Win32.HwndSubclass.SubclassWndProc(IntPtr, Int32, IntPtr, IntPtr)Â  Â at MS.Win32.UnsafeNativeMethods.DispatchMessage(System.Windows.Interop.MSG ByRef)Â  Â at System.Windows.Threading.Dispatcher.PushFrameImpl(System.Windows.Threading.DispatcherFrame)Â  Â at System.Windows.Application.RunDispatcher(System.Object)Â  Â at System.Windows.Application.RunInternal(System.Windows.Window)Â  Â at SourceTree.App.Main(){code}Â Thanks,Â  Â Nick"
"App passsword works to get project list, but not read remote directory",Done,High,2022-04-06 11:01:00,2023-03-10 04:43:00,UX,"I usually have around 20 tabs open, for neither of them the full name fits into the width of the tab due to some internal naming conventions resulting in pretty long names. This means that whenever I browse through the tabs, I always have to to wait for the mouseover hint to identify which project I'm looking at.a It would be really helpful if the full name of the tab currently in focus could be shown somewhere without having to wait for the mouseover hint. I could imagine two ways to achieve this: # show the project name in blue bar at the top (there is sufficient space on the right) # Have a size of the currently focused tab be as large as needed to show the full project name (actually, it would be helpful to do that for all tab names and not shortening them at all)The way it is right now, identifying the tab I'm looking for is really annoying."
Ability to customize the font size of the interface,Done,High,2022-04-04 11:01:00,2023-03-10 04:43:00,Git,For a long time already force push does not work. It does not even show any error or any progress when pushing and just returns to the previous dialogue.
Can't clone Bitbucket private repo on sourcetree,Done,High,2022-04-01 13:14:00,2023-03-10 04:43:00,UX,"Hi all,on Windows 10 (64bit) with the Dark Theme, the most annoying glitch is the one about the colors of the cut/copy/paste *context menu*Â (e.g. right-click on a {_}selected string{_}):!https://community.atlassian.com/t5/image/serverpage/image-id/186408iAC3C44CC88C338E1/image-size/large?v=v2&px=999!!https://community.atlassian.com/t5/image/serverpage/image-id/186409i60068780D44B018D/image-size/large?v=v2&px=999!_I have the main OS (Windows) in Italian, that's why you see the menu items ""Taglia"" (Cut), ""Copia"" (Copy), ""Incolla"" (Paste)._I haveÂ *SourceTree v3.4.8* forÂ {*}Windows 10 64bit{*}.If you could solve this it would be GREATLY appreciated!Thank you very much"
Tabs are not show when restart SourceTree.,Done,High,2022-04-01 10:14:00,2023-03-10 04:43:00,General,sync the repository URLs and certifications to the atlssian account(or other cloud)
Cannot add custom action,Done,High,2022-03-30 11:38:00,2023-03-10 04:43:00,General,"There's currently 'Open selected version', but this option is problematic for a lot of file types, since actually opening the file straight with whatever program is associated with that file type is more often than not what I want to do. Instead I'd want an option that is 'Checkout selected version', ideally it would pop a classic save file dialog where I can choose where to put & name the file, afterwards it would be nice if a file explorer instance could be started at that location. Alternatively it could check it out at a predetermined location automatically and then open a file explorer at that location, but that the first options is probably a better approach."
Cannot execute Sourcetree after install...,Done,High,2022-03-29 20:50:00,2023-03-10 04:43:00,Bitbucket,"i try to clone a repo from Bitbucket. i login, then i copy the HTTPS url and then i try to clone in sourcetree.URL looks like this: [https://myusername@bitbucket.org/xyz/xyz.git] (not actually xyz buta *EXPECTED BEHAVIOUR*i clones the repo to the disk, using OAuth with my bitbucket account i connected via Settingsa *ACTUAL BEHAVIOUR*CredentialHelperSelector window pops up. it wants to login, but Bitbucket is not accepting this auth method since last year!image-2022-03-29-22-48-28-292.png!a "
Push extremely slow,Done,High,2022-03-29 15:49:00,2023-03-10 04:43:00,,"Untracked branches cannot be pushed to remotes because they do not appear in the list of branches on the _Push_ modal. This worked on v3.2.0-beta (and every version before that), but does not work on v3.2.6.This is a critical bug and makes Sourcetree unusable.a This is v3.2.0-beta:!st-push-untracked-3.2.0-beta.gif!a This is 3.2.6:!st-push-untracked-3.2.6.gif!"
Bitbucket Oauth and Basic Authentication Not Working After Following Resolution Steps,Done,High,2022-03-28 13:23:00,2023-03-10 04:43:00,General,"We have the issue that some users are able to authenticate on Bitbucket Server using git or the weblogin, but not Sourcetree.Â The error message is:Authentication failedFailed to check login for user [username] You do not have permission to access URL 'https://.../rest/api/1.0/users/username' please check the user credentials associated with this account. The request returned with status code 'Unauthorized'. Authentication failed. Please check your credentials and try again.Â We changed the Bitbucket server back to http and checked the http-traffic.There we see for the authentication a Base64-String containing username and password.This is the case for git as well as for Sourcetree.Â But when decoding the Sourcetree Base64-String you can see that certain characters are replaced by ""?"". So far this is the case for ""Â§"" as well as for german umlauts (Ã¤,Ã¶,Ã¼).Â As git is doing the correct encoding this seems to be a Bug in Sourcetree.This happens with 3.4.1 as well as 3.4.6.Â For us the workaround is to avoid these characters in the password."
Window starts halfway out of the screen (multiple screens),Done,High,2022-03-25 13:24:00,2023-03-10 04:43:00,UX,"Since the update to 3.4.8 I cannot activate the checkbox 'push changes immediately to origin/master' anymore. It doesn't matter which branch is checked out. The text shows the correct tracked remote branch that already exists (in GitLab, where I want to push to).After committing it is possible to push to origin by a simple click on the 'Push' menu button and confirming the following dialog without changing anything.This issue came with version 3.4.8.a "
Select which account to use when cloning a repository,Done,High,2022-03-24 13:42:00,2023-03-10 04:43:00,General,"Just recently I have not been able to push changes to my remote repo using the UI ""Push"" screen.a  The ""Branches to push"" list is empty.a  So when i click the ""Push"" button at the bottom of the screen, nothing happens. If I open a terminal window and type ""git push"" it works fine.a  I can also pull and fetch fine from the UI.a  Thanks"
Resolve Conflicts -> Mine/Theirs when popping from Stash both confirm commit id of last commit,Done,High,2022-03-23 14:28:00,2023-03-10 04:43:00,Git,"I created an app password and gave it every single priveledge I could because I kept getting errors. Despite this, while I can read all the repositories, when I try to clone one, I get the following error:Command: git -c diff.mnemonicprefix=false -c core.quotepath=false --no-optional-locks ls-remote https://robseiberlich@bitbucket.org/isdevteam/seiberlich-intranet.gitOutput:a Error: remote: Bitbucket Cloud recently stopped supporting account passwords for Git authentication.remote: See our community post for more details: https://atlassian.community/t5/x/x/ba-p/1948231remote: App passwords are recommended for most use cases and can be created in your Personal settings:remote: https://bitbucket.org/account/settings/app-passwords/fatal: Authentication failed for 'https://bitbucket.org/isdevteam/seiberlich-intranet.git/'Not sure what else to do since I already am using an app password and it is telling me to use an app password.a "
App Password is not working for an overseas user,Done,High,2022-03-23 12:02:00,2023-03-10 04:43:00,General,The current software interface font is too smalla Especially that area in the middle of the software
Custom Action Bug happened between version 3.4.5 and 3.4.6 (trusted_tester),Done,High,2022-03-22 13:16:00,2023-03-10 04:43:00,Bitbucket,"Hello,a I am pretty bad with command line so I always use Sourcetree to manage my Bitbucket repo. Since the last update to AppPassword, it's impossible for me to clone any repo on my laptop which is ""private"". I already tried: # Use ""OAuth"" login directly by Sourcetree # Use ""Basic"" login with my username + AppPasswordWith both solution I can clone my ""shared"" repo but I can't clone my ""private"" repo. I get the following error :a _Commande: git -c diff.mnemonicprefix=false -c core.quotepath=false --no-optional-locks ls-remote https://vvuagniaux@bitbucket.org/vf-devteam/test2.git__Sortie:_a _Erreur: remote: Bitbucket Cloud recently stopped supporting account passwords for Git authentication.__remote: See our community post for more details: https://atlassian.community/t5/x/x/ba-p/1948231__remote: App passwords are recommended for most use cases and can be created in your Personal settings:__remote: https://bitbucket.org/account/settings/app-passwords/__fatal: Authentication failed for '[https://bitbucket.org/vf-devteam/test2.git/']_a I am using Sourcetree V3.4.8 on Windows 10. I tried on 2 different laptop and result is same everytime.a I use HTTPS to clone my repo. Here is an example of my https request :a [https://vvuagniaux@bitbucket.org/vf-devteam/test2.git]a Thank you for your great feedback"
Navigate back or forward,Done,High,2022-03-21 14:33:00,2023-03-10 04:43:00,General,"Hi,I use version 3.4.8 of SourceTree.When I start my SourceTree I allways have to add the project tabs manually.I checked if the option ""Re-open repository tabs at startup"" is enabled already.Also I tried to deinstall and reinstall source tree many times (with different versions).Can you help me to hold the tabs open?"
Exception while tracking LFS extensions,Done,High,2022-03-20 20:49:00,2023-03-10 04:43:00,Bitbucket,I can't add a custom actiona 
Make it easier to see Added Files,Done,High,2022-03-18 15:46:00,2023-03-10 04:43:00,General,"I have tried installing the latest version 3.4.8.0 and I still have this issue. Have uninstalled, rebooted reinstalled countless times with countless versions. Nothing fixes the issue. Any help?From log:ERROR [2022-03-18 09:31:52,069] [1] [Sourcetree.Composition.VSMef.Net48.CompositionExceptionHelper] [Log] - CompositionException [Import ""SourceTree.Security.DefaultSshKeyManager.Agents"" could not be satisfied.]"
Branches arrangement,Done,High,2022-03-18 13:15:00,2023-03-10 04:43:00,General,"Hi,about a week ago my push requests started to take a ridiculous long time, up to 2-3 minutes each time. I have worked with the same repo for five years, and never experienced anything like this. When looking at the output, it seems the most time is spent counting remote objects, whatever that means - it seems that there are about 160 000 objects that ""has to"" be counted.a Nothing remarkable has happened to my repo, i.e., no significant changes in size or content.I have updated SourceTree to the latest version, and also updated the embedded Git in it, but that didn't affect anything, as far as I can see. My operating system is Windows 10, 64 bit version, with all the latest updates installed.Any suggestion is welcome, since this is a huge pain in the *** right now.a RegardsFredrika PS. The About window in SourceTree tells me the version is 3.4.8, even though that version is listed as Unreleased in the ""Affects Version/s"" list below.DS."
Selected commit being reset when dragging SourceTree to other display,Done,High,2022-03-17 18:21:00,2023-03-10 04:43:00,Bitbucket,"I upgraded my Sourcetree version and followed [the instructions|https://community.atlassian.com/t5/Sourcetree-articles/Bug-Fix-Sourcetree-for-Windows-authentication-error-when/ba-p/1965968] and I still receive an error when trying to clone one of my remote connected repositories.Error: ""This is not a valid source path/URL.Followed these instructions several times without success:Command: git -c diff.mnemonicprefix=false -c core.quotepath=false --no-optional-locks ls-remote https://tlindenbaum@bitbucket.org/osfteam/sfdc_dev_active_inbound_to_qa.gitOutput:a Error: remote: Bitbucket Cloud recently stopped supporting account passwords for Git authentication.remote: See our community post for more details: https://atlassian.community/t5/x/x/ba-p/1948231remote: App passwords are recommended for most use cases and can be created in your Personal settings:remote: https://bitbucket.org/account/settings/app-passwords/fatal: Authentication failed for 'https://bitbucket.org/osfteam/sfdc_dev_active_inbound_to_qa.git/'a a "
"Old version of Pageant included with SourceTree 3.4.7, causes key loss",Done,High,2022-03-17 16:19:00,2023-03-10 04:43:00,General,"I have multiple screens arranged as shown:{{[2][3]}}{{a a [1]}}When I close Sourcetree on screen 3, the next time I start Sourcetree, the top half of the window is hidden above the top of screen 3, so I can't click the title to move it. (I have to use Alt-space M to move)"
Default for Production branch in GitFlow should be main not master,Done,High,2022-03-17 10:35:00,2023-03-10 04:43:00,Git,"I have multiple GitHub accounts with different permissions.When cloning a remote repository, there should be an option to choose which user account to use since different users may have different visibility."
"OAuth Fails, Unable to get Secret",Done,High,2022-03-16 16:46:00,2023-03-10 04:43:00,General,The Sourcetree application recently installed on my machine closes soon after the application starts.
SourceTree Windows app crashes upon launch,Done,High,2022-03-15 16:37:00,2023-03-10 04:43:00,UX,"After doing a stash-pop and going to resolve conflicts, regardless of if I pick ""mine"" or ""theirs"" I get the same popup:!image-2022-03-15-11-33-22-279.png!However the file is not set to the state of that commit (but rather to the stash's state) if I pick ""theirs"" (which is confusing, I want MY files! I understand why the terms are called ""mine"" and ""theirs"" because of which branch is checked out, but come on)."
Launch SSH agent fails code -1 with system git and OpenSSH,Done,High,2022-03-14 14:08:00,2023-03-10 04:43:00,Bitbucket,"Hello,a !image-2022-03-14-09-05-28-140.png|width=946,height=239!The person overseas keeps getting the error message above. We tried creating an SSH key, deleting the password and userhosts files from the Sourcetree directory, and reauthorizing multiple times. We need assistance immediately because it locked them out of all development.a a "
case sensitivity,Done,High,2022-03-08 15:08:00,2023-03-10 04:43:00,Beta,"When there is a space in the filename or file path and one tries to run a custom action on that file (Custom Action script with the parameter of $FILE) the script doesn't work.a  In version 3.4.5 and earlier, Sourcetree would surround the parameter $FILE with quotation marks (when there is a space in the filename).a  Starting with version 3.4.6 it doesn't surround the filename with quotation marks so the filename that is input for the script is wrong (the space in the filename splits the input name into two).a  This is very important for our office since we use these scripts extensively for our work.a  (trusted_tester)."
Sourcetree error: Too many invalid password attempts. The requested URL returned error: 403,Done,High,2022-03-07 02:47:00,2023-03-10 04:43:00,ChangeSetViewManager,It would be great to have back/forward buttons that navigate back and forward in the commit history. I use this feature a lot in the other source control products I use (GitAhead and TortoiseHg). It's a useful thing when navigating around your history using search or just scrolling.
Failed to list repositories for user ,Done,High,2022-03-01 15:08:00,2023-03-10 04:42:00,Git,1. Installed Bitbucket LFS Media Adapter2. Initialized LFS repository3. Added LFS track extensions (i.e.: *.mp4)4. Click OK button5. Big modal shown with exception:'git lfs track' failed with code 2: Exception 0xc0000005 0x8...............runtime: unknown pc 0x177facc.....a 
ssh-agent.exe taks to much CPU,Done,High,2022-02-26 00:06:00,2023-03-10 04:42:00,Git,"Currently, the only way I have found to show newly added files in *SourceTree's*a  File Status pane is to select All to filter by.a  I would like to see newly added files while NOT showing ignored files.a  Alternatively, show newly added files (with a different icon) when Modified is selected.a  It happens too often that newly added files are not included in a commit because SourceTree _only_ shows them if I list *ALL* files, which includes the possibly 100's of ignored files."
Local Repositories  Bookmark Bar does not refresh,Done,High,2022-02-22 22:01:00,2023-03-10 04:42:00,branch,Please make the Branches section to either arrange by date branch checked out or give the ability to rearrange the order of the list of branches.
Force push on repository with submodules does not work,Done,High,2022-02-22 08:23:00,2023-03-10 04:42:00,General,"I have a 3-monitor setup. When I first select a specific commit, then drag the SourceTree window from 1 display to my laptop monitor's display (which has another resolution) SourceTree seems to select the most recent commit again."
Stash view should show dates,Done,High,2022-02-20 19:02:00,2023-03-10 04:42:00,General,"It appears that SourceTree 3.4.7 comes bundled with Pageant 0.70, but the released Putty version of Pageant is 0.76 at this time. The difference in the two causes the keys to be lost and an error message to be displayed when pushing to the server. Replacing the SourceTree/tools/putty files with the latest from the release Putty fixes this issue."
SourceTree Windows app crashes while cloning if GitHub repo is empty,Done,High,2022-02-18 15:10:00,2023-03-10 04:42:00,Git,!image-2022-02-18-10-09-58-823.png!
Cloning Bitbucket Server Repo via HTTP crashes SourceTree app,Done,High,2022-02-18 10:04:00,2023-03-10 04:42:00,Bitbucket,"When attempting to refresh OAuth credentials, a webpage is opened that claims authentication is successful and the page can be Done:!image-2022-02-18-04-03-01-922.png!However, when returning to SourceTree, it says Authentication failed. Unable to get secret. Error reading JObject from JsonReader. Path "", line 0, position 0.!image-2022-02-18-04-00-22-813.png!a "
branches checked out in different worktree not shown in the left panel,Done,High,2022-02-14 10:15:00,2023-03-10 04:42:00,General,The SourceTree application remains open for a couple of seconds before it crashes without an error.a  I will work on checking the event logs and also will provide a recording to this story for more context.
Stashes diff view only show one file,Done,High,2022-02-13 10:43:00,2023-03-10 04:42:00,Git,"I think you have this error already logged in ~2016 and apparently resolved but now it's back for me and have tried various troubleshooting steps like ensuring that the ssh-agent command runs for various users in different shells and terminals, but can't reproduce the error anywhere else.Specifically, this happens if my agent is OpenSSH (not pageant), and when Git Version is set to System (not embedded). Switching away either of those doesn't throw anymore.!image-2022-02-13-11-42-44-526.png!"
SourceTree does not start (as.atlassian.com),Done,High,2022-02-09 13:49:00,2023-03-10 04:42:00,branch,Sourcetree has troubles when two branches has the same name with character case difference (Bitbucket handles it fine).It keeps telling me the local branch is ahead of the origin when they're at the same commit.Deleting the branch with the wrong name is a solution but it shouldn't mess with how Sourcetree handles branches
"can not access repositories, authentication always fails",Done,High,2022-02-07 11:22:00,2023-03-10 04:42:00,Git,"I have been using Sourcetree with OAuth via bitbucket without any problems.I had to change my password for bitbucket login and since then I am getting the following error while trying to perform any action via sourcetree.*""git -c diff.mnemonicprefix=false -c core.quotepath=false --no-optional-locks fetch --no-tags origin**remote: Too many invalid password attempts. Log in at https://id.atlassian.com/ to restore access.**fatal: unable to access 'https://bitbucket.org/xxx/xxx.git/': The requested URL returned error: 403**Completed with errors, see above.""*In order to resolve this, I have tried the following ways but had no success. * Created an app password and tried to use it in source tree (via Basic auth) but no help (although app password worked in git client/command line) * I have tried logging out of bitbucket.com and logging in multiple times, but get the same error each time. * Deleted all instances of bitbucket & sourcetree from a windows password manager. * Deleted {{passwd}}a file froma {{C:\Users\[user]\AppData\Local\Atlassian\SourceTree}} * In Tools > Options > Git tab then update my Git version using the ""Update Embedded"" also tried switching to a system in the Tools > Options > Git Version in the same * Reinstalled sourcetree several times still the error persists.Neither of the suggested workarounds has worked. Any help is appreciated."
Authentication Failed - Unable to resolve,Done,High,2022-02-06 17:55:00,2023-03-10 04:42:00,Git,With Tortoise Git the GUI is very efficient when you are typing the commit text.For example:[https://community.atlassian.com/t5/image/serverpage/image-id/181626i8711D63C554D02DF/image-size/large?v=v2&px=999]As you type the name of a file included in the commit it is offered in a droplist. I miss this feature in SourceTree.
http.proxy set to www.google.com:80 when set proxy to OS default,Done,High,2022-02-05 15:48:00,2023-03-10 04:42:00,Bitbucket,In version 3.4.4 it was working. The application started to crash when accessing the remote repository.I updated to version 3.4.7 and now it generates the message: Failed to list repositories for user [xxxxx]I can't see the remote repositories.
Please make warning LESS SCARY about a detached head,Done,High,2022-02-04 13:57:00,2023-03-10 04:42:00,Git,"Sometimes it happens thea {{ssh-agent.exe}} process takes to much CPU (about 33% on my Intel i5 2.5GHz) and I have to restart the SourceTree. Note, I have authentication by the ssh key, so maybe disabling the ssh-agent.exe would help, see SRCTREEWIN-6154.a Similar problems is reported for the GitHub, too, see [http://stackoverflow.com/questions/26547024/github-for-windows-ssh-agent-exe-using-high-cpu-100-disk] And check the {{moggizx}} comment about the SourceTree - upvoted 6 times."
Spaces in File path of Custom Action,Done,High,2022-02-02 16:27:00,2023-03-10 04:42:00,General,"Local Repositoriesa Bookmark Bar does not refresh. It shows Modifications, but once the repository in question is commited / pushed, the Sidebar is not updated. It keeps showing the repositories as modified until the application is restarted.a Also, if the sidebar was opened with ""no changes"" and changes performed while the application is running are not reflected properly.a "
Failed to start (System.BadImageFormatException),Done,High,2022-02-01 06:28:00,2023-03-10 04:42:00,Git,"If I use the force push check box on a repository that has no submodules it works fine, but all other instances the dialog just disappears and reappears and nothing happens, no errors, just nothing.I work around this by running git push -f in the terminal."
commit view show in branchs,Done,High,2022-01-30 21:06:00,2023-03-10 04:42:00,General,"It would be handy to be able to see the dates when stashes were created.a a Also it would be handy to be able to see just the list of files without their contents.a Thanks,Neal"
Add extended integration with Team Foundation Server (TFS) 2015 and Visual Studio Online,Done,High,2022-01-26 14:39:00,2023-03-10 04:42:00,General,"When I go on the Clone section and I put the URL, the program just crash. The problem happen with SourceTree V3.4.7. But when I was using an older version (SourceTree V3.4.4) I never have this issu.The program is on a Windows PC.Â The list of all what I tried for the moment:-Run with Administrator mode.-Uninstall and install again the program.-Uninstall and install again the program with administrator mode.-Delete all account register on the program.Â "
git.exe fsmonitor process did not exit after close sourcetree ,Done,High,2022-01-24 11:36:00,2023-03-10 04:42:00,General,"The title says it all, someone might wanna fix this."
Crash when clone remote EMPTY (private) GitHUB repository,Done,High,2022-01-24 11:10:00,2023-03-10 04:42:00,General,"When trying to clone a remote repository from Bitbucket Server the application crashes.However, the process in Windows stays active and ""not responding"".Killing the process through Task Manager leaves the user.config corrupted and a restart of SourceTree goes through the setup again.Happens on every attempt to clone. Happens even after complete wiping of SourceTree installation.Existing local repositories with Bitbucket server connection seem to work normal.The following exception is found in the Windows Event Log:{noformat}Application: SourceTree.exeFramework Version: v4.0.30319Description: The process was terminated due to an unhandled exception.Exception Info: System.IndexOutOfRangeExceptiona a  at SourceTree.Repo.RepoHandlerGitOld.GetDefaultBranch(System.String)a a  at SourceTree.ViewModel.CloneNewDialogViewModel+<>c__DisplayClass212_0.<RefreshRemoteBranches>b__1()a a  at System.Threading.Tasks.Task`1[[System.__Canon, mscorlib, Version=4.0.0.0, Culture=neutral, PublicKeyToken=b77a5c561934e089]].InnerInvoke()a a  at System.Threading.Tasks.Task.Execute()a a  at System.Runtime.ExceptionServices.ExceptionDispatchInfo.Throw()a a  at System.Runtime.CompilerServices.TaskAwaiter.HandleNonSuccessAndDebuggerNotification(System.Threading.Tasks.Task)a a  at System.Runtime.CompilerServices.TaskAwaiter`1[[System.__Canon, mscorlib, Version=4.0.0.0, Culture=neutral, PublicKeyToken=b77a5c561934e089]].GetResult()a a  at SourceTree.ViewModel.CloneNewDialogViewModel+<RefreshRemoteBranches>d__212.MoveNext()a a  at System.Runtime.ExceptionServices.ExceptionDispatchInfo.Throw()a a  at System.Runtime.CompilerServices.TaskAwaiter.HandleNonSuccessAndDebuggerNotification(System.Threading.Tasks.Task)a a  at System.Runtime.CompilerServices.TaskAwaiter.GetResult()a a  at SourceTree.ViewModel.CloneNewDialogViewModel+<CheckSource>d__211.MoveNext()Exception Info: ReactiveUI.UnhandledErrorExceptiona a  at ReactiveUI.RxApp+<>c__DisplayClass11_0.<.cctor>b__2()a a  at System.Reactive.Concurrency.Scheduler.Invoke(System.Reactive.Concurrency.IScheduler, System.Action)a a  at System.Reactive.Concurrency.DispatcherScheduler+<>c__DisplayClass12_0`1[[System.__Canon, mscorlib, Version=4.0.0.0, Culture=neutral, PublicKeyToken=b77a5c561934e089]].<Schedule>b__0()a a  at System.Windows.Threading.ExceptionWrapper.InternalRealCall(System.Delegate, System.Object, Int32)a a  at System.Windows.Threading.ExceptionWrapper.TryCatchWhen(System.Object, System.Delegate, System.Object, Int32, System.Delegate)a a  at System.Windows.Threading.DispatcherOperation.InvokeImpl()a a  at MS.Internal.CulturePreservingExecutionContext.CallbackWrapper(System.Object)a a  at System.Threading.ExecutionContext.RunInternal(System.Threading.ExecutionContext, System.Threading.ContextCallback, System.Object, Boolean)a a  at System.Threading.ExecutionContext.Run(System.Threading.ExecutionContext, System.Threading.ContextCallback, System.Object, Boolean)a a  at System.Threading.ExecutionContext.Run(System.Threading.ExecutionContext, System.Threading.ContextCallback, System.Object)a a  at MS.Internal.CulturePreservingExecutionContext.Run(MS.Internal.CulturePreservingExecutionContext, System.Threading.ContextCallback, System.Object)a a  at System.Windows.Threading.DispatcherOperation.Invoke()a a  at System.Windows.Threading.Dispatcher.ProcessQueue()a a  at System.Windows.Threading.Dispatcher.WndProcHook(IntPtr, Int32, IntPtr, IntPtr, Boolean ByRef)a a  at MS.Win32.HwndWrapper.WndProc(IntPtr, Int32, IntPtr, IntPtr, Boolean ByRef)a a  at MS.Win32.HwndSubclass.DispatcherCallbackOperation(System.Object)a a  at System.Windows.Threading.ExceptionWrapper.InternalRealCall(System.Delegate, System.Object, Int32)a a  at System.Windows.Threading.ExceptionWrapper.TryCatchWhen(System.Object, System.Delegate, System.Object, Int32, System.Delegate)a a  at System.Windows.Threading.Dispatcher.LegacyInvokeImpl(System.Windows.Threading.DispatcherPriority, System.TimeSpan, System.Delegate, System.Object, Int32)a a  at MS.Win32.HwndSubclass.SubclassWndProc(IntPtr, Int32, IntPtr, IntPtr)a a  at MS.Win32.UnsafeNativeMethods.DispatchMessage(System.Windows.Interop.MSG ByRef)a a  at System.Windows.Threading.Dispatcher.PushFrameImpl(System.Windows.Threading.DispatcherFrame)a a  at System.Windows.Application.RunDispatcher(System.Object)a a  at System.Windows.Application.RunInternal(System.Windows.Window)a a  at SourceTree.App.Main(){noformat}"
Log 4 vulnerability,Done,High,2022-01-20 20:35:00,2023-03-10 04:42:00,Git,"When the repository contains multiple detached worktrees and they are opened in SourceTree, some branches checked out in different worktrees are not shown in the left panel (the tree of branches).This is a major bug, because in our workflow we often merge from branches checked out in different worktrees."
Sourcetree Graphics Problems,Done,Highest,2022-01-18 08:16:00,2023-03-10 04:42:00,Stash,"Hello!When clicking on a stash under the ""Stashes"" list, the diff view opens but only shows the first file from the stash and not the rest.This used to work and was a great feature, would be great to see it fixed.Thanks!"
Sourcetree crash on startup,Done,Highest,2022-01-16 18:16:00,2023-03-10 04:42:00,UX,"Since a few days SourceTrees does not start up anymore. I even reinstalled it but it still does not start.I will attach the log file from a start up, but I guess the important lines are the following:a ERROR [2022-01-16 18:40:47,379] [1] [SourceTree.Model.Repository] [Log] - Repository: [] does not existERROR [2022-01-16 18:40:47,395] [1] [SourceTree.Model.Repository] [Log] - Repository: [] does not existERROR [2022-01-16 18:40:47,410] [1] [SourceTree.Model.Repository] [Log] - Repository: [] does not existERROR [2022-01-16 18:40:49,713] [PriorityScheduler: 0] [SourceTree.Analytics.Services.AnalyticsService] [Log] - POST Interaction submission FAILEDSystem.Net.Http.HttpRequestException: An error occurred while sending the request. ---> System.Net.WebException: Der Remotename konnte nicht aufgelï¿½st werden: 'as.atlassian.com'a a bei System.Net.HttpWebRequest.EndGetRequestStream(IAsyncResult asyncResult, TransportContext& context)a a bei System.Net.Http.HttpClientHandler.GetRequestStreamCallback(IAsyncResult ar)a a --- Ende der internen Ausnahmestapelï¿½berwachung ---a It does not find the server 'as.atlassian.com' and indeed I can not access via ping.a "
SourceTree doesn't support GBK encoding format files.,Done,Highest,2022-01-14 03:47:00,2023-03-10 04:42:00,General,OS: Windows 11 ProVersion: 21H2OS Build: 22000.434Source Tree Version: 3.4.7.0Â !image-2022-01-14-04-46-44-650.png!
Multiple keys with same alias.,Done,Highest,2022-01-12 08:56:00,2023-03-10 04:42:00,Bitbucket,"Connecting to a Bitbucket account in Sourcetree no longer works.Adding a Hosting account works, and authentication works.But after adding the account a red X icon is shown on the account with the text:""Failed to list teams for user [...]""""This endpoint has been removed. See our documentation for more information.""On a side note, it would be nice if I could upload screenshots here.Â "
Source Tree is Crashing without any message while cloning remote repository.,Done,Highest,2022-01-11 16:18:00,2023-03-10 04:42:00,Bitbucket,"can not access repositories, authentication always fails. I can log into Bitbucket on the web fine, but source tree no longer works,a "
Add ability to copy list of file from commit and url for commit,Done,Highest,2022-01-10 18:59:00,2023-03-10 04:42:00,Stash,"Continue to receive the attached error when attempting to connect account.a Additionally, when attempting to clone remote repository locally, does not recognize the URL (copied from Bitbucket) provided as a repository!image-2022-01-10-13-59-12-513.png|width=409,height=401!"
Make Linux version available,Done,Highest,2022-01-05 15:47:00,2023-03-10 04:42:00,General,"h2. DetailWhen set proxy to `OS default`, the `http.proxy` config of Git was set to `http.proxy=http://www.google.com:80`.h2. Steps to reproduce# Set proxy in Tool - Options# `git config --global -l` and here's the right proxy config `http.proxy=http://127.0.0.1:1080`# Clear proxy in Tool - Options (set to `OS default`)# `git config --global -l` and here's `http.proxy=http://www.google.com:80`.Reproduced in v3.4.6."
Errors During Installation,Done,Highest,2022-01-04 09:13:00,2023-03-10 04:42:00,Git,"I wanted to follow a perfectly normal and feasible scenario: check out an old commit, to test for comparison.a Trying that resulted in a warning that scared the SHlT out of me:""Checking out this commit will create a detached HEAD, and you will no longer be on any branch (unless you subsequently create a new one).""a I only dared to move on after searching the web about this action, and making an extra backup.a This is unnecessary and even WRONG.The warning should tell what COULD happen, and how to avoid that.a It got even WORSE when I RETURNED to the previous head, without any changes.""You are about to leave a detached HEAD and your current commit isn't reachable by others branches, which means they will not appear in the log after this action.""a That sounds asif a disaster has ALREADY happened.a Please give more sensible and CORRECT warnings, without unnecessary SCARING people and WASTING their time.a a "
Folder icons for Local repositories overlap text,Done,Highest,2022-01-04 07:39:00,2023-03-10 04:42:00,Bitbucket,some errors show up as shown in the screenshot and when I try to clone the repo the sourcetree software crashes and closes.!image-2022-01-04-12-38-58-699.png!
Cannot Remove Keys from SSH Agent,Done,Highest,2022-01-03 21:46:00,2023-03-10 04:42:00,General,"I have been using Sourcetree 3.4.4.a  We use custom actions extensively for many different uses.a  When I would run custom action with the $FILE parameter that has a space in the file path or file name, the Sourecetree would automatically add quotes around the entire file path.a  For example when I try to run lockfile.bat on 'testfile unit2.txt' it would run as 'lockfile.bat ""testfile unit2.txt""'.a  That way the entire filename is sent to the batch as one unit.However when we updated to Sourcetree version 3.4.6 this has stopped.a  Now it would run 'lockfile.bat testfile unit2.txt' and it would send two separate inputs 1)testfile and 2) unit2.txtI am not sure what changed in between these versions but is that something that will be recovered in new versions?"
Versionstring not update after auto-update,Done,Highest,2022-01-03 14:07:00,2023-03-10 04:42:00,General,"After installing SourceTree for Windows 10 64bit machine with both 32/64 bit .NET Frameworks updated to latest versions the app is not opened. In the log there is this stacktrace:{noformat}2022-01-03T12:00:56: LogHost: Initializing to normal modeERROR [2022-01-03 12:01:21,561] [1] [SourceTree.App] [Log] - Failed to startSystem.BadImageFormatException: Could not load file or assembly 'PresentationFramework-SystemXml, Version=4.0.0.0, Culture=neutral, PublicKeyToken=b77a5c561934e089' or one of its dependencies. The module was expected to contain an assembly manifest.File name: 'PresentationFramework-SystemXml, Version=4.0.0.0, Culture=neutral, PublicKeyToken=b77a5c561934e089'a a at System.Reflection.RuntimeAssembly._nLoad(AssemblyName fileName, String codeBase, Evidence assemblySecurity, RuntimeAssembly locationHint, StackCrawlMark& stackMark, IntPtr pPrivHostBinder, Boolean throwOnFileNotFound, Boolean forIntrospection, Boolean suppressSecurityChecks)a a at System.Reflection.RuntimeAssembly.InternalLoadAssemblyName(AssemblyName assemblyRef, Evidence assemblySecurity, RuntimeAssembly reqAssembly, StackCrawlMark& stackMark, IntPtr pPrivHostBinder, Boolean throwOnFileNotFound, Boolean forIntrospection, Boolean suppressSecurityChecks)a a at System.Activator.CreateInstance(String assemblyString, String typeName, Boolean ignoreCase, BindingFlags bindingAttr, Binder binder, Object[] args, CultureInfo culture, Object[] activationAttributes, Evidence securityInfo, StackCrawlMark& stackMark)a a at System.Activator.CreateInstance(String assemblyName, String typeName)a a at MS.Internal.AssemblyHelper.LoadExtensionFor(String name)a a at MS.Internal.AssemblyHelper.ExtensionsForSystemXml(Boolean force)a a at MS.Internal.SystemXmlHelper.IsXmlNode(Object item)a a at System.Windows.Controls.ContentPresenter.DataTypeForItem(Object item, DependencyObject target, Type& type)a a at System.Windows.FrameworkElement.FindTemplateResourceInternal(DependencyObject target, Object item, Type templateType)a a at System.Windows.Controls.ContentPresenter.DefaultSelector.SelectTemplate(Object item, DependencyObject container)a a at System.Windows.Controls.ContentPresenter.ChooseTemplate()a a at System.Windows.Controls.ContentPresenter.EnsureTemplate()a a at System.Windows.Controls.ContentPresenter.OnPreApplyTemplate()a a at System.Windows.FrameworkElement.ApplyTemplate()a a at System.Windows.FrameworkElement.MeasureCore(Size availableSize)a a at System.Windows.UIElement.Measure(Size availableSize)a a at System.Windows.Controls.Grid.MeasureOverride(Size constraint)a a at System.Windows.FrameworkElement.MeasureCore(Size availableSize)a a at System.Windows.UIElement.Measure(Size availableSize)a a at System.Windows.Controls.Control.MeasureOverride(Size constraint)a a at System.Windows.FrameworkElement.MeasureCore(Size availableSize)a a at System.Windows.UIElement.Measure(Size availableSize)a a at System.Windows.Controls.StackPanel.StackMeasureHelper(IStackMeasure measureElement, IStackMeasureScrollData scrollData, Size constraint)a a at System.Windows.Controls.StackPanel.MeasureOverride(Size constraint)a a at System.Windows.FrameworkElement.MeasureCore(Size availableSize)a a at System.Windows.UIElement.Measure(Size availableSize)a a at System.Windows.Controls.Grid.MeasureCell(Int32 cell, Boolean forceInfinityV)a a at System.Windows.Controls.Grid.MeasureCellsGroup(Int32 cellsHead, Size referenceSize, Boolean ignoreDesiredSizeU, Boolean forceInfinityV, Boolean& hasDesiredSizeUChanged)a a at System.Windows.Controls.Grid.MeasureOverride(Size constraint)a a at System.Windows.FrameworkElement.MeasureCore(Size availableSize)a a at System.Windows.UIElement.Measure(Size availableSize)a a at System.Windows.Controls.DockPanel.MeasureOverride(Size constraint)a a at System.Windows.FrameworkElement.MeasureCore(Size availableSize)a a at System.Windows.UIElement.Measure(Size availableSize)a a at MS.Internal.Helper.MeasureElementWithSingleChild(UIElement element, Size constraint)a a at System.Windows.Controls.ContentPresenter.MeasureOverride(Size constraint)a a at System.Windows.FrameworkElement.MeasureCore(Size availableSize)a a at System.Windows.UIElement.Measure(Size availableSize)a a at System.Windows.Controls.Border.MeasureOverride(Size constraint)a a at System.Windows.FrameworkElement.MeasureCore(Size availableSize)a a at System.Windows.UIElement.Measure(Size availableSize)a a at System.Windows.Controls.Grid.MeasureOverride(Size constraint)a a at System.Windows.FrameworkElement.MeasureCore(Size availableSize)a a at System.Windows.UIElement.Measure(Size availableSize)a a at System.Windows.Window.MeasureOverrideHelper(Size constraint)a a at System.Windows.Window.MeasureOverride(Size availableSize)a a at System.Windows.FrameworkElement.MeasureCore(Size availableSize)a a at System.Windows.UIElement.Measure(Size availableSize)a a at System.Windows.Interop.HwndSource.SetLayoutSize()a a at System.Windows.Interop.HwndSource.set_RootVisualInternal(Visual value)a a at System.Windows.Window.SetRootVisual()a a at System.Windows.Window.SetRootVisualAndUpdateSTC()a a at System.Windows.Window.SetupInitialState(Double requestedTop, Double requestedLeft, Double requestedWidth, Double requestedHeight)a a at System.Windows.Window.CreateSourceWindow(Boolean duringShow)a a at System.Windows.Window.ShowHelper(Object booleanBox)a a at System.Windows.Window.ShowDialog()a a at SourceTree.UI.WelcomeWizardManager.Run()a a at SourceTree.UI.OnboardingManager.Run()a a at SourceTree.AppRoot.Onboard()a a at SourceTree.AppRoot.OnboardIfRequired()a a at SourceTree.AppRoot.<OnStartup>d__24.MoveNext()--- End of stack trace from previous location where exception was thrown ---a a at System.Runtime.ExceptionServices.ExceptionDispatchInfo.Throw()a a at System.Runtime.CompilerServices.TaskAwaiter.HandleNonSuccessAndDebuggerNotification(Task task)a a at System.Runtime.CompilerServices.TaskAwaiter.GetResult()a a at SourceTree.App.<OnStartup>d__4.MoveNext()WRN: Assembly binding logging is turned OFF.To enable assembly bind failure logging, set the registry value [HKLM\Software\Microsoft\Fusion!EnableLog] (DWORD) to 1.Note: There is some performance penalty associated with assembly bind failure logging.To turn this feature off, remove the registry value [HKLM\Software\Microsoft\Fusion!EnableLog].{noformat}There is no .NET entry in the system PATH variable.The app was reinstalled multiple times even with deleting C:\Users\<user>\AppData\Local\Atlassian folder to prevent reusing some hidden settings.However, it works fine on another machine with same configuration."
Cloning a repository that doesn't contain any branch and commit crashes the app,Done,Highest,2021-12-25 02:30:00,2023-03-10 04:42:00,branch,"When the project contains many branches and I want to see which branches contain the current commit, it becomes more difficult to view it through the history view."
Denial of service when cloning an empty git repository,Done,Highest,2021-12-23 13:23:00,2023-03-10 04:42:00,Git,Team Foundation Server 2015 supports pull requests through their web application and API. It would be a great addition to be able to create and complete these pull requests straight from SoucreTree. I believe TFS 2015 Update 2 has better API support as it's required by the Visual Studio Code extension for TFS.With this in mind it would be awesome to have TFS added as an option when configuring the optional extended integration settings for your repository.
graphic artifacts,Done,Highest,2021-12-23 07:29:00,2023-03-10 04:42:00,Bitbucket,Sourcetree is using /2.0/teams endpoint to fetch a list of repositories the user has access to. It would be better to have it replaced with the new /2.0/workspaces endpoint
Error at cloning Repository ,Done,Highest,2021-12-20 08:50:00,2023-03-10 04:42:00,Git,"On windows, Sourcetree.exe will starta ""git.exe fsmonitor--daemon run"" process for every local repository(even not opened in tab), I didn't found how to disable this feature, and what's worse, those process will keep running/existing after I close/shutdown the SourceTree.exe, and it'll prevent any action on my local repository folder, I have to kill them all one by one in task manager. It's strange, and kind of bug.Additional info: * SourceTree version: 3.4.7 * git version:a a a 2.32.0.windows.2 * OS: Window 10 Professional 1803 (17134.1304)"
Sourcetree crashes when trying to pull a repository (after  being recognized as a valid git repository),Done,Highest,2021-12-19 05:29:00,2023-03-10 04:42:00,General,"Hello,SourceTree 3.4.7.OS: Windows 10 Pro x64 (20H2)*Problem* # Create empty, without any files, private repository on GitHUB # Try to clone it by SourceTree for Windows # Get the crash of SourceTree application*Workaround*Adding at least one file to repository. License, for example.a "
Userpics in commits,Done,Highest,2021-12-16 21:30:00,2023-03-10 04:42:00,General,"On Friday 12/10, a critical vulnerability tied to Apache log4j (CVE-2021-44228) was identified and a Red Alert was opened to identify and remediate this issue.a  This vulnerability enables an attacker to download and execute malicious code with any string that is logged by log4j, so we must remediate this immediately.Is SourceTree impacted?If so:a we need the following questions answered:Is the vendor planning on providing an update to address this vulnerability? (Y/N):What date is the vendor planning on releasing the update?:If you had to open a support ticket with the vendor, what is the ticket number?:a Please respond to [erika.burrows@palmettogba.com|mailto:erika.burrows@palmettogba.com] or forward to the correct person to answer. Thank you!!"
Update-Dialog unreadable in Dark-mode,Done,Highest,2021-12-10 23:14:00,2023-03-10 04:42:00,General,"Whenever I use Sourcetree I get consistent graphics ""glitches"". When I mouse over menu items, icons, items in lists, etc. they either disappear or get replaced with blown up graphics. [Screenshot|[https://drive.google.com/file/d/1ywc1fNmLH2ko7chKfh0o_OoPL7YaZyWy/view?usp=sharing].]a This has happened sporadically for a couple of years now, but infrequently enough it has been no big deal. Recently I upgraded to Windows 11 and the problem is not constant, yielding Sourcetree nearly unusable."
SourceTree doesn't open nor reinstall (after Windows 10 Update),Done,Highest,2021-12-10 08:53:00,2023-03-10 04:42:00,General,"My Sourcetree Enterprise suddenly stopped working on my Windows 10 64-Bit machine.The Application Starts, shows the welcome splashscreen, and then terminates.Upgrading to the newest version 3.4.7 didn't solved the issue.Also following a lot of tipps and tricks on the net, hinting to delete the following folders, after an uninstall and install then again didn't help.Deleted folders before reinstall: * ...\AppData\Local\Atlassian * ...\AppData\Local\SourceTree * ...\AppData\Roaming\AtlassianIn the windows event log the following errors can be found, after the crash:!https://attachments.office.net/owa/johannes.raila%40egoproducts.com/service.svc/s/GetAttachmentThumbnail?id=AAMkAGEyMDYwOWI0LTZjM2MtNGQxOC1iODA5LWNjMWE3MWYxNzljMwBGAAAAAAAW9GQ7fV6TTrbFBSJPcu3DBwDVmEJBmDhBQLPBIwsTERvBAAAAAAEJAADVmEJBmDhBQLPBIwsTERvBAAM%2B4QGKAAABEgAQAIJzkBU9AA5Nq12rV70g8%2Fw%3D&thumbnailType=2&token=eyJhbGciOiJSUzI1NiIsImtpZCI6IkZBRDY1NDI2MkM2QUYyOTYxQUExRThDQUI3OEZGMUIyNzBFNzA3RTkiLCJ0eXAiOiJKV1QiLCJ4NXQiOiItdFpVSml4cThwWWFvZWpLdDRfeHNuRG5CLWsifQ.eyJvcmlnaW4iOiJodHRwczovL291dGxvb2sub2ZmaWNlLmNvbSIsInVjIjoiMTIwOTVkM2MzNzkzNGI5MGIxMDhkNjA0NDgxZTExZDciLCJzaWduaW5fc3RhdGUiOiJbXCJrbXNpXCJdIiwidmVyIjoiRXhjaGFuZ2UuQ2FsbGJhY2suVjEiLCJhcHBjdHhzZW5kZXIiOiJPd2FEb3dubG9hZEBiMGI0YzVmMi02NGRlLTQ0ZWYtODkwNC02NTc0MWJjYTU3MDIiLCJpc3NyaW5nIjoiV1ciLCJhcHBjdHgiOiJ7XCJtc2V4Y2hwcm90XCI6XCJvd2FcIixcInB1aWRcIjpcIjExNTM4MzYyOTY4MzM5NDM0NzFcIixcInNjb3BlXCI6XCJPd2FEb3dubG9hZFwiLFwib2lkXCI6XCI1Nzg4NTFmNC01N2U3LTRhYmEtOWU3ZS01MDc3OTYyY2E0YThcIixcInByaW1hcnlzaWRcIjpcIlMtMS01LTIxLTEzMjE0MTkyMjEtMTI0MDI2NzgwMC02NTQ3NTMzNTAtNTgyMDI2XCJ9IiwibmJmIjoxNjM5MTI2MDM5LCJleHAiOjE2MzkxMjY2MzksImlzcyI6IjAwMDAwMDAyLTAwMDAtMGZmMS1jZTAwLTAwMDAwMDAwMDAwMEBiMGI0YzVmMi02NGRlLTQ0ZWYtODkwNC02NTc0MWJjYTU3MDIiLCJhdWQiOiIwMDAwMDAwMi0wMDAwLTBmZjEtY2UwMC0wMDAwMDAwMDAwMDAvYXR0YWNobWVudHMub2ZmaWNlLm5ldEBiMGI0YzVmMi02NGRlLTQ0ZWYtODkwNC02NTc0MWJjYTU3MDIiLCJoYXBwIjoib3dhIn0.j0_qYB1mQTEJybXJ6LcZvGyHidDZDM1XMcBrPQKHUd9_GoIsbbHyKE72MKUCzvPM-0yNzDnS9xP2sNPCVKzMil-g4awGeVCp2cHCCIzYzFUY4AH5TajE5WCtxNqgbi9JClobJRfB2ixVFIud7LEP2VzGv8HXYlLjt592bH8TzzMO2acMju3avuJt4h00u2t8rFJ2gTVrOcGU3Dh0qjFgFRU3-67CLdYXnzKK3VKTinhoaMw11lTDBIbbYCQ3riWQifQK6hnwScNQvuodJ_KJ2XoKre3Nf7Ykgw3V5Ini8eW8AFvZFmIrm6-5UO_1ebB6-U66YlNh0-BxAdtwgHLvnA&X-OWA-CANARY=VvNArP93EE6dtBncMRD80qDij0O6u9kYQpNdNtPx-cgOOd3piYLkG4FfdTjdzzbtudQqtW3czTo.&owa=outlook.office.com&scriptVer=20211129004.15&animation=true!!https://attachments.office.net/owa/johannes.raila%40egoproducts.com/service.svc/s/GetAttachmentThumbnail?id=AAMkAGEyMDYwOWI0LTZjM2MtNGQxOC1iODA5LWNjMWE3MWYxNzljMwBGAAAAAAAW9GQ7fV6TTrbFBSJPcu3DBwDVmEJBmDhBQLPBIwsTERvBAAAAAAEJAADVmEJBmDhBQLPBIwsTERvBAAM%2B4QGKAAABEgAQAFzmcm384tZCgagxlL4bISE%3D&thumbnailType=2&token=eyJhbGciOiJSUzI1NiIsImtpZCI6IkZBRDY1NDI2MkM2QUYyOTYxQUExRThDQUI3OEZGMUIyNzBFNzA3RTkiLCJ0eXAiOiJKV1QiLCJ4NXQiOiItdFpVSml4cThwWWFvZWpLdDRfeHNuRG5CLWsifQ.eyJvcmlnaW4iOiJodHRwczovL291dGxvb2sub2ZmaWNlLmNvbSIsInVjIjoiMTIwOTVkM2MzNzkzNGI5MGIxMDhkNjA0NDgxZTExZDciLCJzaWduaW5fc3RhdGUiOiJbXCJrbXNpXCJdIiwidmVyIjoiRXhjaGFuZ2UuQ2FsbGJhY2suVjEiLCJhcHBjdHhzZW5kZXIiOiJPd2FEb3dubG9hZEBiMGI0YzVmMi02NGRlLTQ0ZWYtODkwNC02NTc0MWJjYTU3MDIiLCJpc3NyaW5nIjoiV1ciLCJhcHBjdHgiOiJ7XCJtc2V4Y2hwcm90XCI6XCJvd2FcIixcInB1aWRcIjpcIjExNTM4MzYyOTY4MzM5NDM0NzFcIixcInNjb3BlXCI6XCJPd2FEb3dubG9hZFwiLFwib2lkXCI6XCI1Nzg4NTFmNC01N2U3LTRhYmEtOWU3ZS01MDc3OTYyY2E0YThcIixcInByaW1hcnlzaWRcIjpcIlMtMS01LTIxLTEzMjE0MTkyMjEtMTI0MDI2NzgwMC02NTQ3NTMzNTAtNTgyMDI2XCJ9IiwibmJmIjoxNjM5MTI2MDM5LCJleHAiOjE2MzkxMjY2MzksImlzcyI6IjAwMDAwMDAyLTAwMDAtMGZmMS1jZTAwLTAwMDAwMDAwMDAwMEBiMGI0YzVmMi02NGRlLTQ0ZWYtODkwNC02NTc0MWJjYTU3MDIiLCJhdWQiOiIwMDAwMDAwMi0wMDAwLTBmZjEtY2UwMC0wMDAwMDAwMDAwMDAvYXR0YWNobWVudHMub2ZmaWNlLm5ldEBiMGI0YzVmMi02NGRlLTQ0ZWYtODkwNC02NTc0MWJjYTU3MDIiLCJoYXBwIjoib3dhIn0.j0_qYB1mQTEJybXJ6LcZvGyHidDZDM1XMcBrPQKHUd9_GoIsbbHyKE72MKUCzvPM-0yNzDnS9xP2sNPCVKzMil-g4awGeVCp2cHCCIzYzFUY4AH5TajE5WCtxNqgbi9JClobJRfB2ixVFIud7LEP2VzGv8HXYlLjt592bH8TzzMO2acMju3avuJt4h00u2t8rFJ2gTVrOcGU3Dh0qjFgFRU3-67CLdYXnzKK3VKTinhoaMw11lTDBIbbYCQ3riWQifQK6hnwScNQvuodJ_KJ2XoKre3Nf7Ykgw3V5Ini8eW8AFvZFmIrm6-5UO_1ebB6-U66YlNh0-BxAdtwgHLvnA&X-OWA-CANARY=VvNArP93EE6dtBncMRD80qDij0O6u9kYQpNdNtPx-cgOOd3piYLkG4FfdTjdzzbtudQqtW3czTo.&owa=outlook.office.com&scriptVer=20211129004.15&animation=true!!https://attachments.office.net/owa/johannes.raila%40egoproducts.com/service.svc/s/GetAttachmentThumbnail?id=AAMkAGEyMDYwOWI0LTZjM2MtNGQxOC1iODA5LWNjMWE3MWYxNzljMwBGAAAAAAAW9GQ7fV6TTrbFBSJPcu3DBwDVmEJBmDhBQLPBIwsTERvBAAAAAAEJAADVmEJBmDhBQLPBIwsTERvBAAM%2B4QGKAAABEgAQANdf%2FasEYa9KkBQXYPBAbVw%3D&thumbnailType=2&token=eyJhbGciOiJSUzI1NiIsImtpZCI6IkZBRDY1NDI2MkM2QUYyOTYxQUExRThDQUI3OEZGMUIyNzBFNzA3RTkiLCJ0eXAiOiJKV1QiLCJ4NXQiOiItdFpVSml4cThwWWFvZWpLdDRfeHNuRG5CLWsifQ.eyJvcmlnaW4iOiJodHRwczovL291dGxvb2sub2ZmaWNlLmNvbSIsInVjIjoiMTIwOTVkM2MzNzkzNGI5MGIxMDhkNjA0NDgxZTExZDciLCJzaWduaW5fc3RhdGUiOiJbXCJrbXNpXCJdIiwidmVyIjoiRXhjaGFuZ2UuQ2FsbGJhY2suVjEiLCJhcHBjdHhzZW5kZXIiOiJPd2FEb3dubG9hZEBiMGI0YzVmMi02NGRlLTQ0ZWYtODkwNC02NTc0MWJjYTU3MDIiLCJpc3NyaW5nIjoiV1ciLCJhcHBjdHgiOiJ7XCJtc2V4Y2hwcm90XCI6XCJvd2FcIixcInB1aWRcIjpcIjExNTM4MzYyOTY4MzM5NDM0NzFcIixcInNjb3BlXCI6XCJPd2FEb3dubG9hZFwiLFwib2lkXCI6XCI1Nzg4NTFmNC01N2U3LTRhYmEtOWU3ZS01MDc3OTYyY2E0YThcIixcInByaW1hcnlzaWRcIjpcIlMtMS01LTIxLTEzMjE0MTkyMjEtMTI0MDI2NzgwMC02NTQ3NTMzNTAtNTgyMDI2XCJ9IiwibmJmIjoxNjM5MTI2MDM5LCJleHAiOjE2MzkxMjY2MzksImlzcyI6IjAwMDAwMDAyLTAwMDAtMGZmMS1jZTAwLTAwMDAwMDAwMDAwMEBiMGI0YzVmMi02NGRlLTQ0ZWYtODkwNC02NTc0MWJjYTU3MDIiLCJhdWQiOiIwMDAwMDAwMi0wMDAwLTBmZjEtY2UwMC0wMDAwMDAwMDAwMDAvYXR0YWNobWVudHMub2ZmaWNlLm5ldEBiMGI0YzVmMi02NGRlLTQ0ZWYtODkwNC02NTc0MWJjYTU3MDIiLCJoYXBwIjoib3dhIn0.j0_qYB1mQTEJybXJ6LcZvGyHidDZDM1XMcBrPQKHUd9_GoIsbbHyKE72MKUCzvPM-0yNzDnS9xP2sNPCVKzMil-g4awGeVCp2cHCCIzYzFUY4AH5TajE5WCtxNqgbi9JClobJRfB2ixVFIud7LEP2VzGv8HXYlLjt592bH8TzzMO2acMju3avuJt4h00u2t8rFJ2gTVrOcGU3Dh0qjFgFRU3-67CLdYXnzKK3VKTinhoaMw11lTDBIbbYCQ3riWQifQK6hnwScNQvuodJ_KJ2XoKre3Nf7Ykgw3V5Ini8eW8AFvZFmIrm6-5UO_1ebB6-U66YlNh0-BxAdtwgHLvnA&X-OWA-CANARY=VvNArP93EE6dtBncMRD80qDij0O6u9kYQpNdNtPx-cgOOd3piYLkG4FfdTjdzzbtudQqtW3czTo.&owa=outlook.office.com&scriptVer=20211129004.15&animation=true!!https://attachments.office.net/owa/johannes.raila%40egoproducts.com/service.svc/s/GetAttachmentThumbnail?id=AAMkAGEyMDYwOWI0LTZjM2MtNGQxOC1iODA5LWNjMWE3MWYxNzljMwBGAAAAAAAW9GQ7fV6TTrbFBSJPcu3DBwDVmEJBmDhBQLPBIwsTERvBAAAAAAEJAADVmEJBmDhBQLPBIwsTERvBAAM%2B4QGKAAABEgAQAAIvNa7ja%2F5JpG0425f%2B1Zw%3D&thumbnailType=2&token=eyJhbGciOiJSUzI1NiIsImtpZCI6IkZBRDY1NDI2MkM2QUYyOTYxQUExRThDQUI3OEZGMUIyNzBFNzA3RTkiLCJ0eXAiOiJKV1QiLCJ4NXQiOiItdFpVSml4cThwWWFvZWpLdDRfeHNuRG5CLWsifQ.eyJvcmlnaW4iOiJodHRwczovL291dGxvb2sub2ZmaWNlLmNvbSIsInVjIjoiMTIwOTVkM2MzNzkzNGI5MGIxMDhkNjA0NDgxZTExZDciLCJzaWduaW5fc3RhdGUiOiJbXCJrbXNpXCJdIiwidmVyIjoiRXhjaGFuZ2UuQ2FsbGJhY2suVjEiLCJhcHBjdHhzZW5kZXIiOiJPd2FEb3dubG9hZEBiMGI0YzVmMi02NGRlLTQ0ZWYtODkwNC02NTc0MWJjYTU3MDIiLCJpc3NyaW5nIjoiV1ciLCJhcHBjdHgiOiJ7XCJtc2V4Y2hwcm90XCI6XCJvd2FcIixcInB1aWRcIjpcIjExNTM4MzYyOTY4MzM5NDM0NzFcIixcInNjb3BlXCI6XCJPd2FEb3dubG9hZFwiLFwib2lkXCI6XCI1Nzg4NTFmNC01N2U3LTRhYmEtOWU3ZS01MDc3OTYyY2E0YThcIixcInByaW1hcnlzaWRcIjpcIlMtMS01LTIxLTEzMjE0MTkyMjEtMTI0MDI2NzgwMC02NTQ3NTMzNTAtNTgyMDI2XCJ9IiwibmJmIjoxNjM5MTI2MDM5LCJleHAiOjE2MzkxMjY2MzksImlzcyI6IjAwMDAwMDAyLTAwMDAtMGZmMS1jZTAwLTAwMDAwMDAwMDAwMEBiMGI0YzVmMi02NGRlLTQ0ZWYtODkwNC02NTc0MWJjYTU3MDIiLCJhdWQiOiIwMDAwMDAwMi0wMDAwLTBmZjEtY2UwMC0wMDAwMDAwMDAwMDAvYXR0YWNobWVudHMub2ZmaWNlLm5ldEBiMGI0YzVmMi02NGRlLTQ0ZWYtODkwNC02NTc0MWJjYTU3MDIiLCJoYXBwIjoib3dhIn0.j0_qYB1mQTEJybXJ6LcZvGyHidDZDM1XMcBrPQKHUd9_GoIsbbHyKE72MKUCzvPM-0yNzDnS9xP2sNPCVKzMil-g4awGeVCp2cHCCIzYzFUY4AH5TajE5WCtxNqgbi9JClobJRfB2ixVFIud7LEP2VzGv8HXYlLjt592bH8TzzMO2acMju3avuJt4h00u2t8rFJ2gTVrOcGU3Dh0qjFgFRU3-67CLdYXnzKK3VKTinhoaMw11lTDBIbbYCQ3riWQifQK6hnwScNQvuodJ_KJ2XoKre3Nf7Ykgw3V5Ini8eW8AFvZFmIrm6-5UO_1ebB6-U66YlNh0-BxAdtwgHLvnA&X-OWA-CANARY=VvNArP93EE6dtBncMRD80qDij0O6u9kYQpNdNtPx-cgOOd3piYLkG4FfdTjdzzbtudQqtW3czTo.&owa=outlook.office.com&scriptVer=20211129004.15&animation=true!!https://attachments.office.net/owa/johannes.raila%40egoproducts.com/service.svc/s/GetAttachmentThumbnail?id=AAMkAGEyMDYwOWI0LTZjM2MtNGQxOC1iODA5LWNjMWE3MWYxNzljMwBGAAAAAAAW9GQ7fV6TTrbFBSJPcu3DBwDVmEJBmDhBQLPBIwsTERvBAAAAAAEJAADVmEJBmDhBQLPBIwsTERvBAAM%2B4QGKAAABEgAQAIUNRNkok%2F5Hj60ZqprQRjc%3D&thumbnailType=2&token=eyJhbGciOiJSUzI1NiIsImtpZCI6IkZBRDY1NDI2MkM2QUYyOTYxQUExRThDQUI3OEZGMUIyNzBFNzA3RTkiLCJ0eXAiOiJKV1QiLCJ4NXQiOiItdFpVSml4cThwWWFvZWpLdDRfeHNuRG5CLWsifQ.eyJvcmlnaW4iOiJodHRwczovL291dGxvb2sub2ZmaWNlLmNvbSIsInVjIjoiMTIwOTVkM2MzNzkzNGI5MGIxMDhkNjA0NDgxZTExZDciLCJzaWduaW5fc3RhdGUiOiJbXCJrbXNpXCJdIiwidmVyIjoiRXhjaGFuZ2UuQ2FsbGJhY2suVjEiLCJhcHBjdHhzZW5kZXIiOiJPd2FEb3dubG9hZEBiMGI0YzVmMi02NGRlLTQ0ZWYtODkwNC02NTc0MWJjYTU3MDIiLCJpc3NyaW5nIjoiV1ciLCJhcHBjdHgiOiJ7XCJtc2V4Y2hwcm90XCI6XCJvd2FcIixcInB1aWRcIjpcIjExNTM4MzYyOTY4MzM5NDM0NzFcIixcInNjb3BlXCI6XCJPd2FEb3dubG9hZFwiLFwib2lkXCI6XCI1Nzg4NTFmNC01N2U3LTRhYmEtOWU3ZS01MDc3OTYyY2E0YThcIixcInByaW1hcnlzaWRcIjpcIlMtMS01LTIxLTEzMjE0MTkyMjEtMTI0MDI2NzgwMC02NTQ3NTMzNTAtNTgyMDI2XCJ9IiwibmJmIjoxNjM5MTI2MDM5LCJleHAiOjE2MzkxMjY2MzksImlzcyI6IjAwMDAwMDAyLTAwMDAtMGZmMS1jZTAwLTAwMDAwMDAwMDAwMEBiMGI0YzVmMi02NGRlLTQ0ZWYtODkwNC02NTc0MWJjYTU3MDIiLCJhdWQiOiIwMDAwMDAwMi0wMDAwLTBmZjEtY2UwMC0wMDAwMDAwMDAwMDAvYXR0YWNobWVudHMub2ZmaWNlLm5ldEBiMGI0YzVmMi02NGRlLTQ0ZWYtODkwNC02NTc0MWJjYTU3MDIiLCJoYXBwIjoib3dhIn0.j0_qYB1mQTEJybXJ6LcZvGyHidDZDM1XMcBrPQKHUd9_GoIsbbHyKE72MKUCzvPM-0yNzDnS9xP2sNPCVKzMil-g4awGeVCp2cHCCIzYzFUY4AH5TajE5WCtxNqgbi9JClobJRfB2ixVFIud7LEP2VzGv8HXYlLjt592bH8TzzMO2acMju3avuJt4h00u2t8rFJ2gTVrOcGU3Dh0qjFgFRU3-67CLdYXnzKK3VKTinhoaMw11lTDBIbbYCQ3riWQifQK6hnwScNQvuodJ_KJ2XoKre3Nf7Ykgw3V5Ini8eW8AFvZFmIrm6-5UO_1ebB6-U66YlNh0-BxAdtwgHLvnA&X-OWA-CANARY=VvNArP93EE6dtBncMRD80qDij0O6u9kYQpNdNtPx-cgOOd3piYLkG4FfdTjdzzbtudQqtW3czTo.&owa=outlook.office.com&scriptVer=20211129004.15&animation=true!"
Diff view: Show whitespace should display a different symbol for tabs,Done,Highest,2021-12-09 10:24:00,2023-03-10 04:42:00,General,"Trying to clone a repo :I fill the url and click outside the text field.Â During ""Advanced Options"" are loading, sourcetree stop without any error message.This bug happen only since version 3.4.5.The repo is very small it just have a branch ""dev"" and nothing else (no master ""branch"")."
"In Windows 11 environment, minimizing the program and maximizing the program again will cause the page to crash",Done,Highest,2021-12-08 13:35:00,2023-03-10 04:42:00,Git,SourceTree doesn't support GBK encoding format files.
V3.4.6 crashes in Clone dialog,Done,Highest,2021-12-08 08:00:00,2023-03-10 04:42:00,Git,"While trying to fix another bug regarding authentication issues, I followed instructions I had found on stack overflow:[https://stackoverflow.com/questions/22147574/fatal-could-not-read-username-for-https-github-com-no-such-file-or-directo]And now, whenever I try to reset all my files, I get this:""WARNING: Multiple 'url.*..insteadof' keys with the same alias: ""https://github.com/""""When I try to fetch I recieve this error:FATAL ERROR: Network error: Connection refusedfatal: Could not read from remote repository.How can I reset my git config?"
Issues when trtying to Authenticate. ,Done,Highest,2021-12-07 16:19:00,2023-03-10 04:42:00,Bitbucket,Source Tree is Crashing without any message while cloning remote repository.
Issue with local repositories and tabs at startup,Done,Highest,2021-12-07 14:02:00,2023-03-10 04:42:00,Git,In our company part of our dev process is to document our commits in the Jira story we are working on.a  That means listing the commit and list of files.a  It would be very helpful if SourceTree would let you copy the list of files committed and provide the URL to the the commit in the repository.
Graphics issues when mousing over the interface,Done,Highest,2021-12-07 11:39:00,2023-03-10 04:42:00,General,"Some offices use the entire Linux-based infrastructure, it would be important to have a version of the software available for the OS"
Pin Favourite Files in SourceTree,Done,Highest,2021-12-06 06:36:00,2023-03-10 04:42:00,General,"Hi,I received several errors during Sourcetree (3.4.6) installation. I am unsure of severity, etc.I have screenshots."
"Buttons getting disappeared.. while I hover on commit,pull,fetch,stash..",Done,Highest,2021-12-01 16:35:00,2023-03-10 04:42:00,General,All the folder icons in the Local repositories sidebar are over sized and interfere with the text. 100% text size on display.!image-2021-12-01-09-33-29-544.png!Editiona a Windows 10 ProVersiona a 21H1Installed ona a a Ž2021-a Ž05-a Ž06OS builda a 19043.1348Serial numbera a MJ08FVP4Experiencea a Windows Feature Experience Pack 120.2212.3920.0
Unable to stage files or trunks when accented letters are present in the code,Done,Highest,2021-11-29 12:27:00,2023-03-10 04:42:00,General,"I am using SourceTree on Windows.a  I have SSH keys to validate the server connection.a  So, when I start Sourcetree it launches the SSH Agent which then asks me for the passwords for each key. That is fine.However, while I can see an option in SourceTree to ""Add SSH Key"" I cannot see how to remove one.a  My actual problem is that, due to a misleading error message, I re-added the key and it now has the same key multiple times and asks for too many passwords at start-up!a  But, more generally, I would like to be able to list and remove keys from the SSH agent.I have tried using command linea {{ssh-add}}a but it says{quote}Error connecting to agent: No such file or directory{quote}(Tried this both with windows CMD shell and in the Git bash terminal that SourceTree launches)I see a runninga {{ssh-agent.exe}}a process in Task Manager when SourceTree is running - in the Details tab. But in the Services tab it says the service is stopped. So, I guess SourceTree has started it but how do I connect to it? Alternatively, how to tell SourceTree not to start it's own but use the Windows Service?I am using the OpenSSH SSH client (in SourceTree options).If SourceTree is managing the SSH Agent (as it seems to be) and given it gives me the option to add a key, it should either include options to remove one or to launch some other UI (or even CLI) that can do so."
[Major Annoying] Fix index position is reset in the list of Unstaged Files,Done,Highest,2021-11-28 16:48:00,2023-03-10 04:42:00,General,"Sourcetree for Windows does not update the version string in the registry after auto-update. This is unfortunate when using package managers, such as winget, which rely on the registry to retrieve the current version.a On the screenshot you can see the version as reported by ""Apps & Features"" and on the right the version reported by Sourcetree.!image-2021-11-28-17-47-17-086.png!a "
Sourcetree does not let me push to remote branch from by local branch,Done,Highest,2021-11-27 14:05:00,2023-03-10 04:42:00,General,"The biggest issue isn't even the fact that SourceTree doesn't allow importing repositories without branches/commits but the fact that it crashes when it tries to. Instead, an error message should be displayed at least that the repository cannot be imported.Or alternatively there should be an implementation to clone empty repositories as long as it isn't too complicated to do."
Cannot login during app start - webpage is down,Done,Highest,2021-11-26 08:41:00,2023-03-10 04:42:00,Git,"Cloning an empty git repository lead to a denial of service.poc: [https://github.com/firmianay/crash_sourcetree]!image-2021-11-26-16-40-29-291.png|width=277,height=220!"
"Track of ""Clean"" files doesn't work",Done,Highest,2021-11-23 18:25:00,2023-03-10 04:42:00,General,[https://pasteboard.co/cngS3Gi4a3LS.png]https://pasteboard.co/z6RW6LyvDjU2.png
"""Clear all changes"" button",Done,Highest,2021-11-22 11:43:00,2023-03-10 04:42:00,Bitbucket,!image-2021-11-22-10-34-33-096.png!
"Visually and consistently distinguish the ""main"" branch",Done,Highest,2021-11-21 09:23:00,2023-03-10 04:42:00,Git,Source tree crashes when trying to pull a repository (aftera being recognized as a valid git repository)a Can anybody assist?a 
Text unreadable on password edit dialog in dark theme,Done,Highest,2021-11-19 12:30:00,2023-03-10 04:42:00,ChangeSetViewManager,Icons are shown in commits instead of user photosa 
Commit button will not commit when adding a file,Done,Highest,2021-11-19 10:43:00,2023-03-10 04:42:00,General,"Used version: 3.4.7Repository in Bitbucket just created and its empty.Try to clove it - App is closing automatically.Error from windows logs:{code:java}Application: SourceTree.exeFramework Version: v4.0.30319Description: The process was terminated due to an unhandled exception.Exception Info: System.IndexOutOfRangeExceptionÂ  Â at SourceTree.Repo.RepoHandlerGitOld.GetDefaultBranch(System.String)Â  Â at SourceTree.ViewModel.CloneNewDialogViewModel+<>c__DisplayClass212_0.<RefreshRemoteBranches>b__1()Â  Â at System.Threading.Tasks.Task`1[[System.__Canon, mscorlib, Version=4.0.0.0, Culture=neutral, PublicKeyToken=b77a5c561934e089]].InnerInvoke()Â  Â at System.Threading.Tasks.Task.Execute()Â  Â at System.Runtime.ExceptionServices.ExceptionDispatchInfo.Throw()Â  Â at System.Runtime.CompilerServices.TaskAwaiter.HandleNonSuccessAndDebuggerNotification(System.Threading.Tasks.Task)Â  Â at System.Runtime.CompilerServices.TaskAwaiter`1[[System.__Canon, mscorlib, Version=4.0.0.0, Culture=neutral, PublicKeyToken=b77a5c561934e089]].GetResult()Â  Â at SourceTree.ViewModel.CloneNewDialogViewModel+<RefreshRemoteBranches>d__212.MoveNext()Â  Â at System.Runtime.ExceptionServices.ExceptionDispatchInfo.Throw()Â  Â at System.Runtime.CompilerServices.TaskAwaiter.HandleNonSuccessAndDebuggerNotification(System.Threading.Tasks.Task)Â  Â at System.Runtime.CompilerServices.TaskAwaiter.GetResult()Â  Â at SourceTree.ViewModel.CloneNewDialogViewModel+<CheckSource>d__211.MoveNext()Exception Info: ReactiveUI.UnhandledErrorExceptionÂ  Â at ReactiveUI.RxApp+<>c__DisplayClass11_0.<.cctor>b__2()Â  Â at System.Reactive.Concurrency.Scheduler.Invoke(System.Reactive.Concurrency.IScheduler, System.Action)Â  Â at System.Reactive.Concurrency.DispatcherScheduler+<>c__DisplayClass12_0`1[[System.__Canon, mscorlib, Version=4.0.0.0, Culture=neutral, PublicKeyToken=b77a5c561934e089]].<Schedule>b__0()Â  Â at System.Windows.Threading.ExceptionWrapper.InternalRealCall(System.Delegate, System.Object, Int32)Â  Â at System.Windows.Threading.ExceptionWrapper.TryCatchWhen(System.Object, System.Delegate, System.Object, Int32, System.Delegate)Â  Â at System.Windows.Threading.DispatcherOperation.InvokeImpl()Â  Â at MS.Internal.CulturePreservingExecutionContext.CallbackWrapper(System.Object)Â  Â at System.Threading.ExecutionContext.RunInternal(System.Threading.ExecutionContext, System.Threading.ContextCallback, System.Object, Boolean)Â  Â at System.Threading.ExecutionContext.Run(System.Threading.ExecutionContext, System.Threading.ContextCallback, System.Object, Boolean)Â  Â at System.Threading.ExecutionContext.Run(System.Threading.ExecutionContext, System.Threading.ContextCallback, System.Object)Â  Â at MS.Internal.CulturePreservingExecutionContext.Run(MS.Internal.CulturePreservingExecutionContext, System.Threading.ContextCallback, System.Object)Â  Â at System.Windows.Threading.DispatcherOperation.Invoke()Â  Â at System.Windows.Threading.Dispatcher.ProcessQueue()Â  Â at System.Windows.Threading.Dispatcher.WndProcHook(IntPtr, Int32, IntPtr, IntPtr, Boolean ByRef)Â  Â at MS.Win32.HwndWrapper.WndProc(IntPtr, Int32, IntPtr, IntPtr, Boolean ByRef)Â  Â at MS.Win32.HwndSubclass.DispatcherCallbackOperation(System.Object)Â  Â at System.Windows.Threading.ExceptionWrapper.InternalRealCall(System.Delegate, System.Object, Int32)Â  Â at System.Windows.Threading.ExceptionWrapper.TryCatchWhen(System.Object, System.Delegate, System.Object, Int32, System.Delegate)Â  Â at System.Windows.Threading.Dispatcher.LegacyInvokeImpl(System.Windows.Threading.DispatcherPriority, System.TimeSpan, System.Delegate, System.Object, Int32)Â  Â at MS.Win32.HwndSubclass.SubclassWndProc(IntPtr, Int32, IntPtr, IntPtr)Â  Â at MS.Win32.UnsafeNativeMethods.DispatchMessage(System.Windows.Interop.MSG ByRef)Â  Â at System.Windows.Threading.Dispatcher.PushFrameImpl(System.Windows.Threading.DispatcherFrame)Â  Â at System.Windows.Application.RunDispatcher(System.Object)Â  Â at System.Windows.Application.RunInternal(System.Windows.Window)Â  Â at SourceTree.App.Main() {code}"
"I hope you can add the function of jumping to the corresponding submission according to the ""Sha value"" in the submission description",Done,Low,2021-11-18 13:56:00,2023-03-10 04:42:00,UX,"The content of the update dialog is unreadable in Dark-mode on Windows, as seen in the red marked areas.Sourcetree-Version 3.4.6.a !image-2021-11-18-14-55-29-338.png|width=608,height=296!"
Crash on editing remote,Done,Low,2021-11-17 19:32:00,2023-03-10 04:42:00,Git,"After Windows update KB5007186, source tree stopped launching. The splashscreen was shown but the app was never openned nor listed in the task manager.Tried running directly from C:\Users\<username>\AppData\Local\SourceTree\app-3.4.6\SourceTree.exe but the result was the same: splashscreen was shown but the app was never openned nor listed in the task manager.Also tried reinstalling SourceTree (SourceTreeSetup-3.4.6.exe) but the same was happening to the installer: the splashcreen was shown but the installer was never openned.Uninstalled the app from the Control Panel (Programs and Features), and tried to install again. Same result:a splashcreen was shown but the installer was never openned.Removed the SourceTree and Atlassian folders froma C:\Users\<username>\AppData\Local and tried to install again. The same happened,a splashcreen was shown but the installer was never openned. But... going back to thea C:\Users\<username>\AppData\Local folder I saw that the SourceTree folder was created again, with all files inside, including SourceTree.exe.So I tried to run directly again from C:\Users\<username>\AppData\Local\SourceTree\app-3.4.6\SourceTree.exe. Same result as above.Then I found out that there is a folder with some logs: C:\Users\<username>\AppData\Local\SquirrelTemp.So here are the logs from SquirrelSetup.log, when I try to install (SourceTreeSetup-3.4.6.exe):{{2021-11-17 16:18:51> Program: Starting Squirrel Updater: --install .}}{{2021-11-17 16:18:51> Program: Starting install, writing to C:\Users\<username>\AppData\Local\SquirrelTemp}}{{2021-11-17 16:18:51> Program: About to install to: C:\Users\<username>\AppData\Local\SourceTree}}{{2021-11-17 16:18:51> CheckForUpdateImpl: Couldn't write out staging user ID, this user probably shouldn't get beta anything: System.IO.DirectoryNotFoundException: NÃ£o foi possÃ­vel localizar uma parte do caminho 'C:\Users\<username>\AppData\Local\SourceTree\packages\.betaId'.}}{{em System.IO.__Error.WinIOError(Int32 errorCode, String maybeFullPath)}}{{em System.IO.FileStream.Init(String path, FileMode mode, FileAccess access, Int32 rights, Boolean useRights, FileShare share, Int32 bufferSize, FileOptions options, SECURITY_ATTRIBUTES secAttrs, String msgPath, Boolean bFromProxy, Boolean useLongPath, Boolean checkHost)}}{{em System.IO.FileStream..ctor(String path, FileMode mode, FileAccess access, FileShare share, Int32 bufferSize, FileOptions options, String msgPath, Boolean bFromProxy, Boolean useLongPath, Boolean checkHost)}}{{em System.IO.StreamWriter.CreateFile(String path, Boolean append, Boolean checkHost)}}{{em System.IO.StreamWriter..ctor(String path, Boolean append, Encoding encoding, Int32 bufferSize, Boolean checkHost)}}{{em System.IO.File.InternalWriteAllText(String path, String contents, Encoding encoding, Boolean checkHost)}}{{em System.IO.File.WriteAllText(String path, String contents, Encoding encoding)}}{{em Squirrel.UpdateManager.CheckForUpdateImpl.getOrCreateStagedUserId()}}{{2021-11-17 16:18:51> CheckForUpdateImpl: Failed to load local releases, starting from scratch: System.IO.DirectoryNotFoundException: NÃ£o foi possÃ­vel localizar uma parte do caminho 'C:\Users\<username>\AppData\Local\SourceTree\packages\RELEASES'.}}{{em System.IO.__Error.WinIOError(Int32 errorCode, String maybeFullPath)}}{{em System.IO.FileStream.Init(String path, FileMode mode, FileAccess access, Int32 rights, Boolean useRights, FileShare share, Int32 bufferSize, FileOptions options, SECURITY_ATTRIBUTES secAttrs, String msgPath, Boolean bFromProxy, Boolean useLongPath, Boolean checkHost)}}{{em System.IO.FileStream..ctor(String path, FileMode mode, FileAccess access, FileShare share)}}{{em Squirrel.Utility.LoadLocalReleases(String localReleaseFile)}}{{em Squirrel.UpdateManager.CheckForUpdateImpl.<CheckForUpdate>d__2.MoveNext()}}{{2021-11-17 16:18:51> CheckForUpdateImpl: Reading RELEASES file from C:\Users\<username>\AppData\Local\SquirrelTemp}}{{2021-11-17 16:18:51> CheckForUpdateImpl: First run or local directory is corrupt, starting from scratch}}{{2021-11-17 16:18:51> ApplyReleasesImpl: Writing files to app directory: C:\Users\<username>\AppData\Local\SourceTree\app-3.4.6}}{{2021-11-17 16:18:52> LogHost: Rigging execution stub for SourceTree_ExecutionStub.exe to C:\Users\<username>\AppData\Local\SourceTree\SourceTree.exe}}{{2021-11-17 16:18:52> ApplyReleasesImpl: Squirrel Enabled Apps: [C:\Users\<username>\AppData\Local\SourceTree\app-3.4.6\SourceTree.exe]}}{{2021-11-17 16:18:54> ApplyReleasesImpl: Starting fixPinnedExecutables}}{{2021-11-17 16:18:54> ApplyReleasesImpl: Examining Pin: dbeaver.lnk}}{{2021-11-17 16:18:54> ApplyReleasesImpl: Examining Pin: File Explorer.lnk}}{{2021-11-17 16:18:54> ApplyReleasesImpl: Examining Pin: Google Chrome.lnk}}{{2021-11-17 16:18:54> ApplyReleasesImpl: Fixing up tray icons}}{{2021-11-17 16:18:54> ApplyReleasesImpl: cleanDeadVersions: for version 3.4.6}}{{2021-11-17 16:18:54> ApplyReleasesImpl: cleanDeadVersions: exclude folder app-3.4.6}}a Also found these errors in Windows Event Viewer (sorry for the Portuguese in the errors):Event Viewer Error 1:{{Aplicativo: SourceTree.exe}}{{VersÃ£o do Framework: v4.0.30319}}{{DescriÃ§Ã£o: O processo foi terminado devido a uma exceÃ§Ã£o sem tratamento.}}{{InformaÃ§Ãµes da ExceÃ§Ã£o: System.Management.ManagementException}}{{a a em System.Management.ManagementException.ThrowWithExtendedInfo(System.Management.ManagementStatus)}}{{a a em System.Management.ManagementObjectCollection+ManagementObjectEnumerator.MoveNext()}}{{a a em SourceTree.Utils.WindowsOSHelper.GetWindowsVersion()}}{{a a em SourceTree.App..ctor()}}{{a a em SourceTree.App.Main()}}a Event Viewer Error 2:{{Nome do aplicativo com falha: SourceTree.exe, versÃ£o: 3.4.6.0, carimbo de data/hora: 0x611f4316}}{{Nome do mÃ³dulo com falha: KERNELBASE.dll, versÃ£o: 10.0.19041.1348, carimbo de data/hora: 0x76fcd692}}{{CÃ³digo de exceÃ§Ã£o: 0xe0434352}}{{Deslocamento da falha: 0x0000000000034f69}}{{ID do processo com falha: 0x3b08}}{{Hora de inÃ­cio do aplicativo com falha: 0x01d7dbe9187f88fb}}{{Caminho do aplicativo com falha: C:\Users\lloss.CURITIBA\AppData\Local\SourceTree\app-3.4.6\SourceTree.exe}}{{Caminho do mÃ³dulo com falha: C:\WINDOWS\System32\KERNELBASE.dll}}{{ID do RelatÃ³rio: b2b2d89e-163f-40b3-ac8c-58e387fe76c5}}{{Nome completo do pacote com falha:a }}{{ID do aplicativo relativo ao pacote com falha:a }}"
"Stash + ""Keep staged changes"" does not keep changes",Done,Low,2021-11-15 16:41:00,2023-03-10 04:42:00,General,"If the ""Show whitespace"" option is turned on, diff view displays dot symbols for both tabs (four dots) and spaces. If the identation in the file is changed from tab to spaces (and 4 spaces are used for each tab), the user cannot see the whitespace change.I'd suggest to replace tab with ""a»"" plus (tab size - 1) spaces (3 for tab size 4), so the alignment stays the same.Example (tab size = 4):{{a»a a line with one tab}}{{a»a a }}{{a»a a line with two tabs}}{{a»a a }}{{a»a a a»a a }}{{line with three tabs}}a a "
Sourcetree crashes,Done,Low,2021-11-15 08:16:00,2023-03-10 04:42:00,UX,The page will look like the following figureï¼ša !image-2021-11-15-16-12-08-280.png!
Sourcetree is shipping outdated putty binaries,Done,Low,2021-11-14 18:22:00,2023-03-10 04:42:00,Git,we are getting error whenever we try to clone a project
Move existing tag always fails with error,Done,Low,2021-11-13 15:53:00,2023-03-10 04:42:00,Git,Tried to use sourcetreeÂ  to see how it compared to tortoisegit and first impression is rather bad.Â !image-2021-11-13-16-49-37-140.png!!image-2021-11-13-16-50-02-217.png!
End the program when cloning from empty remote repository.,Done,Low,2021-11-12 04:44:00,2023-03-10 04:42:00,General,"After a new installation on a Win10Pro (for workstations) device, I can enter a repo path in the clone dialog (pointing to an established Git repo on my NAS).a  It is correctly identified as a Git repo, but then the wait icon next to Advanced Options begins to spin and a few seconds later the enter Sourcetree window disappears.I uninstalled, and installed 3.3.4, which worked as expected.BTW - 3.4.6 was downloaded today as the default Windows release - it is not identified as beta."
Commit message enhancement,Done,Low,2021-11-10 21:55:00,2023-03-10 04:42:00,Bitbucket,"Everytime i open Sourcetree - i am force to click my settings, and click on the repo under remotes, click generic account. then click off to get rid of the exclamation on remote.!image-2021-11-10-15-51-19-157.png!Earlier this week - I could not resolve the exclamation by remote. i opened an issue within the community to get a solution - and i was advised to open a bug. Here's a link with more details to the issue.a [Is this a bug? or whats happening here? (atlassian.com)|https://community.atlassian.com/t5/Sourcetree-questions/Is-this-a-bug-or-whats-happening-here/qaq-p/1856817?utm_source=atlcomm&utm_medium=email&utm_campaign=accept_as_solution_reminder&utm_content=topic]Version is 3.3.8 - but not in the dropdown"
Can't install sourceTree v. 1.9.13.7 ,Done,Low,2021-11-09 02:41:00,2023-03-10 04:42:00,General,"Hello,When I Done and reopened Sourcetree, it don't keep the last tabs opened. It keep always the same tab that I close a long time ago.In addition, It don't keep the new local repositories. So, I have to add manually the local repositories by hand each time and it is not useful.!image-2021-11-08-12-00-00-233.png!a After close and reopen:!image-2021-11-08-12-00-19-137.png!It worked correctly beforeThanks a lot for your help."
Checksummed file size doesn't match during update,Done,Low,2021-11-08 11:00:00,2023-03-10 04:42:00,General,"Hello,When I Done and reopened Sourcetree, it don't keep the last tabs opened. It keep always the same tab that I close a long time ago.In addition, It don't keep the new local repositories. So, I have to add manually the local repositories by hand each time and it is not useful.!image-2021-11-08-12-00-00-233.png!Â After close and reopen:!image-2021-11-08-12-00-19-137.png!It worked correctly beforeThanks a lot for your help."
Increase the size of this button,Done,Low,2021-11-03 19:10:00,2023-03-10 04:42:00,General,"I'm experiencing multiple graphics issues when mousing over the interface; missing graphics, distorted text, etc.I'm running on Windows 10 Pro, up-to-date.My graphics card is Geforce GTX 1650TiSourcetree is also up-to-date (ver. 3.4.6)."
"Unable to Run/Re-install Sourcetree - ""Sourcetree has stopped working""",Done,Low,2021-11-02 16:49:00,2023-03-10 04:42:00,General,"Hi,I use SourceTree a lot in my day to day work. It would be extremely useful if it had a feature to pin favourite files, such as a .sln, .csproj etc file so that it can be launched directly from SourceTree.I picture it being somewhere in the workspace menu; allowing me to use SourceTree to quickly access and open shortcuts to files in my projects.User could pick the files to pin or automatically have certain File Types bought to the top of the list.Double clicking a file would open it in the default editor, e.g. NotePad or Visual Studio.A splash screen would list all pinned files in all tracked repositories, for easy navigation between each one.!image-2021-11-02-16-45-44-835.png|width=504,height=247!"
Checksum error on update,Done,Low,2021-11-02 10:24:00,2023-03-10 04:42:00,branch,"application is not working properly , buttons are disappearing when i hover and text font a file suddenly increases."
Dictionary file blocks Sourcetree 2.3.1 from starting up,Done,Low,2021-10-21 22:57:00,2023-03-10 04:42:00,General,"I love the fact that I can navigate through the list of Unstaged Files with the arrow keys, and press Space bar to stage a file for commit. Extremely effective!But everytime a file is commited with the Space bar the cursor/index position is reset to the first file in the list. The expected behavior is to move index position to the next file in the list."
Context Men on Files very unresponsive when LFS is activated on Repository,Done,Low,2021-10-21 20:04:00,2023-03-10 04:42:00,branch,Sourcetree does not let me push to remote branch from by local branch when my local branch is behind and I want to make it current with master
Resolve the problem with github OAuth authentification,Done,Low,2021-10-21 07:47:00,2023-03-10 04:42:00,General,"Dear Atlassian,I work in Win10 without admin rights and I could not find any portable version of SourceTree. Therefore, I have been successfully using a few years old SourceTree installed in another device and copied to me. (I am not sure about the version, do not know how to find it without starting the app.) At the initial dialog, second step, I am trying to go to Attlassian as usually. But since this week, the related webpage does not work so I cannot login:!image-2021-10-21-09-42-39-891.png!"
Closing a branch with one commit does not create a new commit,Done,Low,2021-10-13 12:22:00,2023-03-10 04:42:00,Bitbucket,"I don't know what's happen, but I loose lots of files in my project. There have ""Clean"" status in ""Unstage"" section in the Sourcetree and I can't stage and push them to repo or move them to other section. It means that I can't work with my Bitbucket repo anymore.This is also no docs about ""Clean"" status and nobody knows what is ita https://community.atlassian.com/t5/Sourcetree-questions/What-is-quot-Clean-quot-files-and-how-to-stage-them/qaq-p/1821758"
SourceTree Auto off,Done,Low,2021-10-07 07:36:00,2023-03-10 04:42:00,General,"I often find myself selecting all changed files and discarding changes, then selecting all added files and removing themIt would be great to have one ""Clear All Changes"" button, I know there is checkbox when swithing branches but e.g. before pull such a button would be extremely useful"
We use virustotal find sourcetree 3.4.5 has Trojan Horse on it,Done,Low,2021-10-05 09:35:00,2023-03-10 04:42:00,General,"Generally, teams have one branch that's considered the main line of development (usually this is the ""master"" branch, or if using git-flow the ""develop"" branch). It would be helpful if that branch was visually distinctive in the log view's graph.Today I had to inspect the history of several branches, and every time I checked out a branch our ""develop"" line changed color and moved around. This made it difficult to keep track of what happened after doing several operations.I imagine two ways to do this, possibly done together:1. Keep the ""main"" branch fixed as the left-most branch. If the branch at the top of the list isn't the main branch, then its graph starts in the ""second"" column. (mockup attached)2. Choose a color for the main branch. If the main branch is set to blue, then no other branch will be colored blue.Both of these imply that the user can choose, on a per-repository basis, which branch is considered the main one."
Decode URL-encoded characters when cloning a Git repository,Done,Low,2021-09-29 18:09:00,2023-03-10 04:42:00,UX,"Navigate menu: Tools->OptionsSelect tab: General and set Dark ThemeSelect tab: AuthenticationSelect item under: Git Saved PasswordsClick EditThe ""Edit Password"" dialog text and button text is unreadable "
Maximized window under taskbar,Done,Low,2021-09-27 05:13:00,2023-03-10 04:42:00,Git,"When my pending file contains a new file, the commit button will not commit. It displays a dialog and then immediately closes it. I assume this dialog will tell me what's wrong, but it flashes so fast I can't see it.How can I find out what's wrong?a "
Remote option in source tree not working when click on that your windows source tree application crash ,Done,Low,2021-09-26 00:54:00,2023-03-10 04:42:00,General,"In JetBrains IDEA, they made the function of jumping from Sha in the submission description to the corresponding submission.In my opinion, this is a good operation, and I hope you can do the same.Thanks!a *Jetbrains IntelliJ Platform*!image-2021-09-26-08-46-37-216.png!a *Sourcetree(now)*!image-2021-09-26-08-49-26-065.png!"
Force push fails silently,Done,Low,2021-09-24 19:06:00,2023-03-10 04:42:00,General,"So far, this is 100% reproduceable.When editing a remote using the edit button or by double clicking the remote itself, sourcetree will crash."
"Patch-based staging (hunk, line) fails for non-UTF8 encoded files",Done,Low,2021-09-14 15:29:00,2023-03-10 04:42:00,Git,"When I stash my changes but enablea _Keep staged changes_, all changes are deleted anyway.a I'm using SourceTree for Windows version 3.4.6, but I could not select the non-beta version in the dropdown."
"Application crashes silently when opening a local repository, while running without admin privliges",Done,Low,2021-09-13 05:48:00,2023-03-10 04:42:00,Git,"Source tree crashes everytime i open , I have uninstalled and installed many times"
SourceTree does not offer branches for pushing,Done,Low,2021-09-01 03:18:00,2023-03-10 04:42:00,Beta,"When you have multiple, let's say, 20+ unstaged files, and try to discard them by selecting all, right-click, select Discard, this action usually cause the software hangs or fails to response for quite a while. I say it either consumes too much memory or CPU resources.Â Â Sourcetree for Windows version:Â  3.4.6-beta-1.Hardware info of my laptop: !image-2021-09-01-11-17-39-974.png!"
Latest v3.4.5 does not pull any remote tags ,Done,Low,2021-08-26 11:24:00,2023-03-10 04:42:00,General,"SourceTree 3.4.6 is shipping outdated putty binaries:app-3.4.6\tools\putty\ pageant.exe, plink.exe, puttygen.exe""Pageant: Release 0.70.2-Sourcetree""""plink: Release 0.70.2-Sourcetree""""PuTTYgen Release 0.70.2-Sourcetree""Not sure if 0.70.2-Sourcetree is 0.70 or if fixes get backported.a Current Putty Version 0.76 (released 2021-07-17)Sourcetree Putty Version 0.70 (released 2017-07-08)https://www.chiark.greenend.org.uk/~sgtatham/putty/changes.html"
git log failed,Done,Low,2021-08-25 21:48:00,2023-03-10 04:42:00,Git,"For several versions now I have always been unable to Move an existing tag.a !image-2021-08-25-23-44-29-187.png!a error: failed to push some refshint: Updates were rejected because the tag already exists in the remote.a I always have to push a removal of the tags, then fetch updates. Then create it again."
"When I try clone my repo, the sourceTree crashed and Done",Done,Low,2021-08-25 06:00:00,2023-03-10 04:42:00,remote,I created a new repo in Github.There's any files in the repo.a The program ends when I try clone the repo from Github.It just ends without error message.a !image-2021-08-25-14-56-27-314.png!
"Unable to merge with GUI when the merge source branch name contains "",""",Done,Low,2021-08-24 07:44:00,2023-03-10 04:42:00,General,"Allow automatically copying the last used commit message using the up arrow key, because, you know, git bash."
"Amend commit: ""Replace commit text?"" dialog bug",Done,Low,2021-08-24 04:47:00,2023-03-10 04:42:00,General,"Opening local git repository by drag & drop does not work.As far as I checked, it works until 3.4.1.Â  # Open new tab # Drag a local git repository to local repositories tree window # The mouse cursor turns into disabled sign (slashed circle) on empty area # The mouse cursor turns into droppable sign on folder, but no effect on drop"
Commit message window resets,Done,Low,2021-08-23 17:36:00,2023-03-10 04:42:00,General,"After installation in the config. menu its not possible to enter the account, bcs of dead link to attlassian website. And cant skip the authorization page."
Can't push to github after access token changed,Done,Low,2021-08-23 06:59:00,2023-03-10 04:42:00,UX,"Since a few days my sourcetree UI is blurry. Here the menu compared to Visual Studio menu:!image-2021-08-23-08-22-28-019.png|width=923,height=416!But the main problem is, that menu options in context menus disappear when hovering over them:!image-2021-08-23-08-23-34-594.png!!image-2021-08-23-08-23-45-941.png|width=390,height=156!It looks like a problem with text scaling or display scaling.I have selected display scaling 125% in windows diaply settings. Updating sourcetree from 3.4.5 to 3.4.6 or a complete re-install didn't change anything.Â Windows 10 (20H2, Build 19042)Sourcetree 3.4.6Display Scaling 125%Resolutions: 2560x1440 and 1920x1080 (Doesn't work on both)"
When do you update Putty?,Done,Low,2021-08-21 20:51:00,2023-03-10 04:42:00,General,"During an in-app update, the update failed stating ""Checksummed file size doesn't match: C:\Users\\{user}\AppData\Local\Sourcetree\packages\SourceTree-3.4.6-full.nupkg"""
After setting my git account in sourcetree i am getting no unix socket support while pulling branch code,Done,Low,2021-08-19 14:04:00,2023-03-10 04:42:00,General,"During an in-app update, the update failed stating ""Checksummed file size doesn't match: C:\Users\\{user}\AppData\Local\Sourcetree\packages\SourceTree-3.4.6-full.nupkg"""
Support multiple SSH keys,Done,Low,2021-08-18 15:25:00,2023-03-10 04:42:00,UX,Hi!Can I increase the size of this button?The developers on my team sometimes find it difficult to click on it.Perhaps it is worth making it more contrasting against the background and then it will be better.a  !image-2021-08-18-18-21-24-928.png!
SSH passphrase times out,Done,Low,2021-08-18 14:51:00,2023-03-10 04:42:00,Bitbucket,"I ran into this issue a few months ago with version 3.4.3. Every time I tried to run Sourcetree, I got a popup saying ""Sourcetree has stopped working"" and the app would not run. I uninstalled and tried re-installing, but even the installer .exe would not work, I was getting the same popup. I couldn't solve the issue, but once version 3.4.4 came out, I was able to re-install and run it.a Now, many months later, I am having the same issue with version 3.4.4 even though it was working about a month or two ago. I tried the same thing - uninstalled and re-installed the newer version 3.4.5 but I am unable to install once again with the same popup. Is there any way to resolve this issue?!image-2021-08-18-10-45-59-327.png!"
Sourctree terminal is not working with latest Sourcetree 3.4.3,Done,Low,2021-08-18 11:14:00,2023-03-10 04:42:00,UX,"When trying to update to 3.4.6, a checksum error pops:!image-2021-08-18-13-12-34-175.png|width=445,height=396!"
Files deleted after performing update of multiple files,Done,Low,2021-08-18 07:51:00,2023-03-10 04:38:00,General,"Hi. I am having an issue in SourceTree, because it uses log4net, and it has a vulnerabilitya CVE-2018-1285. How can i solve this vulnerabilitu, in order to use SourceTree securily?Thank you."
"Add repository by path doesn't normalize slashes making ""Open in Explorer"" not to work",Done,Low,2021-08-09 07:32:00,2023-03-10 04:38:00,,"once when I was using Sourcetree v2.1.11, every time I start there is comfirn dialog pop up said some dictionary file is invalid and should delete or not, and I chose not for then.today I update my Sourcetree to version 2.3.1 and the app just can not start up.somehow I found a solution: uninstall the version 2.3.1 and reinstall v2.1.11 and start it up, the dictionary file thing dialog shows up again and I chose YES to delete that file and then install the version 2.3.1 and it starts up normally.I'm sorry for nota providing the exact content of the confirm dialog since it won't show up any more, I just remember it's a .dic file related to office/16.0/ blablabla.And SORRY for my poor English.a Sourcetree is a great app, thank you team.a "
"Modal dialog gets stuck behind main window, making program unusable",Done,Low,2021-08-03 12:17:00,2023-03-10 04:38:00,Bitbucket,"When you try to PUSH\PULL, you constantly throw out the ""invalid login"" error.If you go to the site in the browser, log in there, then the error in the SourceTree immediately disappears.I certainly do not teach you, but it seems to me that this should not work!"
"Opening modal popup dialogs like ""Jump to Commit"" should set focus the required text input",Done,Low,2021-07-23 09:24:00,2023-03-10 04:38:00,General,"When LFS is activated on a Bitbucket Repository the file context menu in Sourctree becomes very unresponsive and slow, it takes several seconds for the context menu to show up and also moving mouse cursor from item to item takes several seconds.a The process loga  is adding a line ""git lfs version"" for every menu item change in the context menu, which takes some seconds:a !image-2021-07-23-11-23-07-540.png!"
Jump to commit by commit Id doesn't work with upper-case commit Ids,Done,Low,2021-07-22 12:14:00,2023-03-10 04:38:00,Askpass,"!image-2021-07-22-15-08-51-991.png!a Trying to clone my github repo on fresh/clear just installed Windows!image-2021-07-22-15-09-16-632.png!!image-2021-07-22-15-09-45-724.png!a a a Cancelling here because of:a [https://github.blog/2020-12-15-token-authentication-requirements-for-git-operations/]!image-2021-07-22-15-10-08-413.png!a Error:!image-2021-07-22-15-10-36-495.png!a a OAuth account is configured and set as default for [github.com|http://github.com/]a :!image-2021-07-22-15-11-03-804.png!OAuth token is updated:a !image-2021-07-22-15-11-43-026.png!a a a !image-2021-07-22-15-11-58-877.png!a After that sourcetree resets OAuth account as NOT default for [github.com|http://github.com/]a (I manually switching it ON, but error while cloning is the same as I described upper)a !image-2021-07-22-15-12-35-969.png!a a !image-2021-07-22-15-12-49-884.png!"
Sourcetree will not start beyond splash screen,Done,Low,2021-07-22 01:45:00,2023-03-10 04:38:00,General,"Only this software happened on my PC. Windows 10 lasted update, Nvidia lasted update and all drivers installed. No luck. ðŸ˜¥I think it was my screen? 2k with 125% DPI.!image-2021-07-22-08-40-47-973.png!!image-2021-07-22-08-41-29-166.png!!image-2021-07-22-08-42-19-868.png!"
Gitflow Not Supported,Done,Low,2021-07-21 05:25:00,2023-03-10 04:38:00,General,"Hi,I've usually 20 tabs open in Sourcetree to show my main git projects. This requires me to scroll the tab bar at the top to access newly opened submodules which are attached to the end of the list.So I would suggest # Make the position of the tab bar configurable (so also left or right is possible (I think in the past it was already on the left)) # open submodule tabs next to parent tabThanks in advance."
Git LFS not working when file locking option is set,Done,Low,2021-07-20 08:23:00,2023-03-10 04:38:00,Bitbucket,"Hello,I'm Roberto Martignano, an Atlassian Consultant from GetConnected, an Atlassian Platinum Partner based in Italy.Our customer is having some problems with BitBucket and SourceTree.When they close a branch with only one commit, this is integrated in the develop branch instead of creating a new one.In a first moment a working workaround was to set ""do not execute fast-forward"" in the settings (see pic), but after a SourceTree update it is not working anymore, and a rebase is always executed.I set ""Affect/s Version"" 3.4.4, but they are actually on *3.4.5*a ([https://product-downloads.atlassian.com/software/sourcetree/windows/ga/ReleaseNotes_3.4.5.html)]a Do you have any idea of how we can fix this?Thank you!Roberto"
SourceTree - Settings/Preferences not saved,Done,Low,2021-07-14 00:26:00,2023-03-10 04:38:00,General,"Hi, I'm using a Bitbucket server (v7.6.6) & Sourcetree (v3.4.5)a When I create a project, create a repository through Bitbucket Server,and clone it through the source tree.There are times when it works and times when it doesn't. (SourceTree Auto off..)There are Check Git repository, But it turns off during loading.Help.. me.."
"Make SourceTree reference the in-repo ""icon.png"" in a way that allows deleting the file",Done,Low,2021-07-13 10:04:00,2023-03-10 04:38:00,Git,"Hi all,We use virustotal find sourcetree 3.4.5 has Trojan Horse on it.Can see the screenshot, we usea virustotal to detect then we find an Trojan Horse.Can anyone to check? !image-2021-07-13-18-04-07-236.png!we download from there -https://product-downloads.atlassian.com/software/sourcetree/windows/ga/SourceTreeSetup-3.4.5.exe"
Spaces and tabs in diff views are displayed in the wrong position,Done,Low,2021-07-13 08:25:00,2023-03-10 04:38:00,General,"When cloning a Git repository, the repository URL is used as the folder path/repository name by default in Sourcetree. If the repository URL contains URL encoded characters (such as %20 for a space), Sourcetree just uses those ""as is"" (see image below).It would be great if any URL encoded characters were automatically decoded when populating the folder path/repository name.!https://i.imgur.com/jTTPtGO.png!"
SourceTree 3.4.5 crash on RepoHandlerGitOld.GetDefaultBranch,Done,Low,2021-07-07 15:40:00,2023-03-10 04:38:00,General,Kinda annoying tbh:!https://i.postimg.cc/VwTV3Ktc/Screenshot-294.png!
Failed to reverse merge commit,Done,Low,2021-07-06 06:12:00,2023-03-10 04:38:00,Bitbucket,"Remote option in the source tree not working when clicking on that your windows source tree application crash.Test casea when I click on the remote option, select my account that time application not responding error generates, and the application crash immediately.a "
SourceTree crashes when cloning a repository from BitBucket,Done,Low,2021-07-05 12:30:00,2023-03-10 04:38:00,Git,"Attempting to force push any branch will cause the push window to respawn indefinitely rather than trigger the push command.{{push --force}} from CLI/terminal is not affected, so the terminal command can be used as a workaround for power users. Less technical users are unable to perform this action.We observe the following error in logs:{code:java} ERROR [2021-07-05 12:19:00,896] [83] [SourceTree.ViewModel.RepoDialogContainer] [Log] - The calling thread must be STA, because many UI components require this. System.InvalidOperationException: The calling thread must be STA, because many UI components require this. at System.Windows.Input.InputManager..ctor() at System.Windows.Input.InputManager.GetCurrentInputManagerImpl() at System.Windows.Input.KeyboardNavigation..ctor() at System.Windows.FrameworkElement.FrameworkServices..ctor() at System.Windows.FrameworkElement.EnsureFrameworkServices() at System.Windows.FrameworkElement..ctor() at System.Windows.Controls.Control..ctor() at System.Windows.Window..ctor() at SourceTree.UI.Theme.Wpf.Controls.PerMonitorDpiWindow..ctor() at SourceTree.View.Dialogs.NotificationDialogWindow..ctor(String title, String message, Object contentControl, RelayCommand contentCommand, String contentCommandLabel, String customActionLabel, String customCancelLabel, Boolean isError, RelayCommand suppressionCommand, VistaTaskDialogIcon icon) at SourceTree.Notifications.NotificationsManager.ShowNotificationDialog[T](String title, String message, Tuple`2 customAction, String cancelLabel, String suppressionSetting, Action`1 suppressionChangedAction, Object contentControl, String contentCommandLabel, Action contentAction) at SourceTree.Notifications.NotificationsManager.ShowNotificationDialog[T](String title, String message, String details, Tuple`2 customAction, String cancelLabel, String suppressionSetting, Action`1 suppressionChangedAction) at SourceTree.Notifications.NotificationsManager.ShowNotificationDialog[T](String title, String message, String details, Tuple`2 customAction, String cancelLabel) at SourceTree.Notifications.NotificationsManager.ShowNotificationDialogWithYesConfirmation(String title, String message, String details) at SourceTree.Notifications.NotificationsManager.ShowNotificationDialogWithYesConfirmation(String title, String message) at SourceTree.ViewModel.Git.GitPushDialogViewModel.FinalisePush() at SourceTree.ViewModel.Git.GitPushDialogViewModel.SubmoduleDialogCompleted(AbstractDialogViewModel repoDlg, Int32 returnCode) at SourceTree.ViewModel.AbstractDialogViewModel.Finish(Int32 returnCode) at SourceTree.ViewModel.SubmoduleCheckDialogViewModel.<RefreshSubmodules>d__46.MoveNext()a ” End of stack trace from previous location where exception was throwna ” at System.Runtime.ExceptionServices.ExceptionDispatchInfo.Throw() at System.Runtime.CompilerServices.TaskAwaiter.HandleNonSuccessAndDebuggerNotification(Task task) at System.Runtime.CompilerServices.TaskAwaiter.GetResult()\{pre} {code}"
AskPass.exe error,Done,Low,2021-07-05 10:11:00,2023-03-10 04:38:00,Git,"I am working with ANSI-encoded files with contents containing German umlauts. After setting Sourcetree's default encoding to ""Windows-1252"", the diffs are shown correctly in the internal diff viewer. However, staging of hunks or lines that involve umlauts fails with the git error ""patch does not apply"".Looking into %LOCALAPPDATA%\Atlassian\SourceTree\LastFailedPatch.txt I found that Sourcetree converts the diff from ANSI to UTF8 to generate the patch file (i.e. umlauts are shown correctly when viewing the patch file as UTF8-encoded). Git does not care about encoding, so it will try to apply the UTF8-encoded patch to the ANSI-encoded original file. This fails whenever the patch contains characters with representations that differ between ANSI and UTF8.In my opinion the correct way to fix this bug would be to stop converting the patch content from whatever encoding it has to UTF8, because git will *not* convert it back to its original encoding before trying to apply it. As a quick test, I converteda %LOCALAPPDATA%\Atlassian\SourceTree\LastFailedPatch.txt back to ANSI encoding and executed git apply manually, which then worked.a A similar issue for an older version of Sourcetree has been reported asa SRCTREEWIN-8768."
Crash when changing diff font size,Done,Low,2021-07-03 21:20:00,2023-03-10 04:38:00,Bitbucket,"This is on Windows 10. Sourcetree 3.4.5.Here is the .NET Runtime call stack from Event Viewer:Application: SourceTree.exeFramework Version: v4.0.30319Description: The process was terminated due to an unhandled exception.Exception Info: System.UnauthorizedAccessException at System.IO.__Error.WinIOError(Int32, System.String) at System.IO.Directory.InternalCreateDirectory(System.String, System.String, System.Object, Boolean) at System.IO.Directory.InternalCreateDirectoryHelper(System.String, Boolean) at System.IO.FileHelper.CreateAndOpenTemporaryFile(System.String ByRef, System.IO.FileAccess, System.IO.FileOptions, System.String, System.String) at System.Windows.Input.Cursor.LoadFromStream(System.IO.Stream) at System.Windows.Controls.GridViewColumnHeader.GetCursor(Int32) at System.Windows.Controls.GridViewColumnHeader.get_SplitCursor() at System.Windows.Controls.GridViewColumnHeader.HookupGripperEvents() at System.Windows.FrameworkElement.ApplyTemplate() at System.Windows.FrameworkElement.MeasureCore(System.Windows.Size) at System.Windows.UIElement.Measure(System.Windows.Size) at System.Windows.Controls.GridViewHeaderRowPresenter.MeasureOverride(System.Windows.Size) at System.Windows.FrameworkElement.MeasureCore(System.Windows.Size) at System.Windows.UIElement.Measure(System.Windows.Size) at MS.Internal.Helper.MeasureElementWithSingleChild(System.Windows.UIElement, System.Windows.Size) at System.Windows.Controls.ScrollContentPresenter.MeasureOverride(System.Windows.Size) at System.Windows.FrameworkElement.MeasureCore(System.Windows.Size) at System.Windows.UIElement.Measure(System.Windows.Size) at System.Windows.Controls.Grid.MeasureCell(Int32, Boolean) at System.Windows.Controls.Grid.MeasureCellsGroup(Int32, System.Windows.Size, Boolean, Boolean, Boolean ByRef) at System.Windows.Controls.Grid.MeasureOverride(System.Windows.Size) at System.Windows.FrameworkElement.MeasureCore(System.Windows.Size) at System.Windows.UIElement.Measure(System.Windows.Size) at System.Windows.Controls.ScrollViewer.MeasureOverride(System.Windows.Size) at System.Windows.FrameworkElement.MeasureCore(System.Windows.Size) at System.Windows.UIElement.Measure(System.Windows.Size) at System.Windows.Controls.DockPanel.MeasureOverride(System.Windows.Size) at System.Windows.FrameworkElement.MeasureCore(System.Windows.Size) at System.Windows.UIElement.Measure(System.Windows.Size) at System.Windows.Controls.Grid.MeasureCell(Int32, Boolean) at System.Windows.Controls.Grid.MeasureCellsGroup(Int32, System.Windows.Size, Boolean, Boolean, Boolean ByRef) at System.Windows.Controls.Grid.MeasureOverride(System.Windows.Size) at System.Windows.FrameworkElement.MeasureCore(System.Windows.Size) at System.Windows.UIElement.Measure(System.Windows.Size) at System.Windows.Controls.ScrollViewer.MeasureOverride(System.Windows.Size) at System.Windows.FrameworkElement.MeasureCore(System.Windows.Size) at System.Windows.UIElement.Measure(System.Windows.Size) at Microsoft.Windows.Themes.ListBoxChrome.MeasureOverride(System.Windows.Size) at System.Windows.FrameworkElement.MeasureCore(System.Windows.Size) at System.Windows.UIElement.Measure(System.Windows.Size) at System.Windows.Controls.Control.MeasureOverride(System.Windows.Size) at System.Windows.FrameworkElement.MeasureCore(System.Windows.Size) at System.Windows.UIElement.Measure(System.Windows.Size) at System.Windows.Controls.Grid.MeasureCell(Int32, Boolean) at System.Windows.Controls.Grid.MeasureCellsGroup(Int32, System.Windows.Size, Boolean, Boolean, Boolean ByRef) at System.Windows.Controls.Grid.MeasureOverride(System.Windows.Size) at System.Windows.FrameworkElement.MeasureCore(System.Windows.Size) at System.Windows.UIElement.Measure(System.Windows.Size) at MS.Internal.Helper.MeasureElementWithSingleChild(System.Windows.UIElement, System.Windows.Size) at System.Windows.Controls.ContentPresenter.MeasureOverride(System.Windows.Size) at System.Windows.FrameworkElement.MeasureCore(System.Windows.Size) at System.Windows.UIElement.Measure(System.Windows.Size) at System.Windows.Controls.Border.MeasureOverride(System.Windows.Size) at System.Windows.FrameworkElement.MeasureCore(System.Windows.Size) at System.Windows.UIElement.Measure(System.Windows.Size) at System.Windows.Controls.Control.MeasureOverride(System.Windows.Size) at System.Windows.FrameworkElement.MeasureCore(System.Windows.Size) at System.Windows.UIElement.Measure(System.Windows.Size) at System.Windows.Controls.Grid.MeasureOverride(System.Windows.Size) at System.Windows.FrameworkElement.MeasureCore(System.Windows.Size) at System.Windows.UIElement.Measure(System.Windows.Size) at System.Windows.Controls.Border.MeasureOverride(System.Windows.Size) at System.Windows.FrameworkElement.MeasureCore(System.Windows.Size) at System.Windows.UIElement.Measure(System.Windows.Size) at System.Windows.Controls.Grid.MeasureCell(Int32, Boolean) at System.Windows.Controls.Grid.MeasureCellsGroup(Int32, System.Windows.Size, Boolean, Boolean, Boolean ByRef) at System.Windows.Controls.Grid.MeasureOverride(System.Windows.Size) at System.Windows.FrameworkElement.MeasureCore(System.Windows.Size) at System.Windows.UIElement.Measure(System.Windows.Size) at System.Windows.Controls.Grid.MeasureOverride(System.Windows.Size) at System.Windows.FrameworkElement.MeasureCore(System.Windows.Size) at System.Windows.UIElement.Measure(System.Windows.Size) at MS.Internal.Helper.MeasureElementWithSingleChild(System.Windows.UIElement, System.Windows.Size) at System.Windows.Controls.ContentPresenter.MeasureOverride(System.Windows.Size) at System.Windows.FrameworkElement.MeasureCore(System.Windows.Size) at System.Windows.UIElement.Measure(System.Windows.Size) at System.Windows.Controls.Border.MeasureOverride(System.Windows.Size) at System.Windows.FrameworkElement.MeasureCore(System.Windows.Size) at System.Windows.UIElement.Measure(System.Windows.Size) at System.Windows.Controls.Control.MeasureOverride(System.Windows.Size) at System.Windows.FrameworkElement.MeasureCore(System.Windows.Size) at System.Windows.UIElement.Measure(System.Windows.Size) at System.Windows.Controls.Grid.MeasureCell(Int32, Boolean) at System.Windows.Controls.Grid.MeasureCellsGroup(Int32, System.Windows.Size, Boolean, Boolean, Boolean ByRef) at System.Windows.Controls.Grid.MeasureOverride(System.Windows.Size) at System.Windows.FrameworkElement.MeasureCore(System.Windows.Size) at System.Windows.UIElement.Measure(System.Windows.Size) at MS.Internal.Helper.MeasureElementWithSingleChild(System.Windows.UIElement, System.Windows.Size) at System.Windows.Controls.ContentPresenter.MeasureOverride(System.Windows.Size) at System.Windows.FrameworkElement.MeasureCore(System.Windows.Size) at System.Windows.UIElement.Measure(System.Windows.Size) at System.Windows.Controls.Grid.MeasureOverride(System.Windows.Size) at System.Windows.FrameworkElement.MeasureCore(System.Windows.Size) at System.Windows.UIElement.Measure(System.Windows.Size) at System.Windows.Controls.Border.MeasureOverride(System.Windows.Size) at System.Windows.FrameworkElement.MeasureCore(System.Windows.Size) at System.Windows.UIElement.Measure(System.Windows.Size) at System.Windows.Controls.Grid.MeasureCell(Int32, Boolean) at System.Windows.Controls.Grid.MeasureCellsGroup(Int32, System.Windows.Size, Boolean, Boolean, Boolean ByRef) at System.Windows.Controls.Grid.MeasureOverride(System.Windows.Size) at System.Windows.FrameworkElement.MeasureCore(System.Windows.Size) at System.Windows.UIElement.Measure(System.Windows.Size) at System.Windows.ContextLayoutManager.UpdateLayout() at System.Windows.ContextLayoutManager.UpdateLayoutCallback(System.Object) at System.Windows.Media.MediaContext.FireInvokeOnRenderCallbacks() at System.Windows.Media.MediaContext.RenderMessageHandlerCore(System.Object) at System.Windows.Media.MediaContext.RenderMessageHandler(System.Object) at System.Windows.Threading.ExceptionWrapper.InternalRealCall(System.Delegate, System.Object, Int32) at System.Windows.Threading.ExceptionWrapper.TryCatchWhen(System.Object, System.Delegate, System.Object, Int32, System.Delegate) at System.Windows.Threading.DispatcherOperation.InvokeImpl() at MS.Internal.CulturePreservingExecutionContext.CallbackWrapper(System.Object) at System.Threading.ExecutionContext.RunInternal(System.Threading.ExecutionContext, System.Threading.ContextCallback, System.Object, Boolean) at System.Threading.ExecutionContext.Run(System.Threading.ExecutionContext, System.Threading.ContextCallback, System.Object, Boolean) at System.Threading.ExecutionContext.Run(System.Threading.ExecutionContext, System.Threading.ContextCallback, System.Object) at MS.Internal.CulturePreservingExecutionContext.Run(MS.Internal.CulturePreservingExecutionContext, System.Threading.ContextCallback, System.Object) at System.Windows.Threading.DispatcherOperation.Invoke() at System.Windows.Threading.Dispatcher.ProcessQueue() at System.Windows.Threading.Dispatcher.WndProcHook(IntPtr, Int32, IntPtr, IntPtr, Boolean ByRef) at MS.Win32.HwndWrapper.WndProc(IntPtr, Int32, IntPtr, IntPtr, Boolean ByRef) at MS.Win32.HwndSubclass.DispatcherCallbackOperation(System.Object) at System.Windows.Threading.ExceptionWrapper.InternalRealCall(System.Delegate, System.Object, Int32) at System.Windows.Threading.ExceptionWrapper.TryCatchWhen(System.Object, System.Delegate, System.Object, Int32, System.Delegate) at System.Windows.Threading.Dispatcher.LegacyInvokeImpl(System.Windows.Threading.DispatcherPriority, System.TimeSpan, System.Delegate, System.Object, Int32) at MS.Win32.HwndSubclass.SubclassWndProc(IntPtr, Int32, IntPtr, IntPtr) at MS.Win32.UnsafeNativeMethods.DispatchMessage(System.Windows.Interop.MSG ByRef) at System.Windows.Threading.Dispatcher.PushFrameImpl(System.Windows.Threading.DispatcherFrame) at System.Windows.Application.RunDispatcher(System.Object) at System.Windows.Application.RunInternal(System.Windows.Window) at SourceTree.App.Main()Â And here is the Application Error:Faulting application name: SourceTree.exe, version: 3.4.5.0, time stamp: 0x60ae2544Faulting module name: KERNELBASE.dll, version: 10.0.19041.1023, time stamp: 0x924f9cdbException code: 0xe0434352Fault offset: 0x0000000000034b89Faulting process id: 0xcb8Faulting application start time: 0x01d7704ea9e894d9Faulting application path: C:\Users\MyUsername\AppData\Local\SourceTree\app-3.4.5\SourceTree.exeFaulting module path: C:\WINDOWS\System32\KERNELBASE.dllReport Id: 3e260ca8-d831-479f-a2d3-170e45f5ed4cFaulting package full name: Faulting package-relative application ID:Fault bucket 1612225780836763173, type 5Event Name: CLR20r3Response: Not availableCab Id: 0Problem signature:P1: SourceTree.exeP2: 3.4.5.0P3: 60ae2544P4: mscorlibP5: 4.8.4360.0P6: 606e6e9dP7: 1694P8: 12fP9: System.UnauthorizedAccessP10:"
sourcetree version 3.4.5 is bundling outdated pageant 0.70.2,Done,Low,2021-07-02 00:40:00,2023-03-10 04:38:00,Bitbucket,"I make commit and pushed it to Bitbucket, its ok. But the next day when I try to check my last commit on Bitbucket i found out that there is no commit. So I opened SourceTree anda the commit was displayed here. Probably it was only local comit so I tried to push it, but SourceTreea does not offer branches for pushing. _(Screenshot 1)_So Ia  had to write the command in terminal: ""{{git push --set-upstream origin MyOwnRotmayerBranch}}"" _(Screenshot 2)_After thata the commit appeared on the Bitbucket"
Azure Devops auth not working,Done,Low,2021-07-01 20:24:00,2023-03-10 04:38:00,General,"With v3.4.5, I do not see any remote tags get pulled."
Scroll amount in tab bar.,Done,Low,2021-07-01 15:02:00,2023-03-10 04:38:00,Git,Can't seem to use SourceTree at all on established local repos.a  All I get is  !image-2021-07-01-11-00-44-191.png!The file of course exists (what's listed is the root of the local repo). Not sure where to look for more error details.
"After updating, system git no longer works with sourcetree",Done,Low,2021-07-01 08:55:00,2023-03-10 04:38:00,Bitbucket,When I try to clone one of my repository from Bitbucket server the Sourcetree detect the repo and after a while the program crashed and Done without any error or notification.a a when I try co clone the second one it worked well.a a And I see here that the verion 3.4.5 is not released but I downloaded it directly form your websites the biggest button for the download the sourceTree.a  I think its also error. :Da 
Commit log textbox problem with new version IME for Japanese,Done,Low,2021-07-01 06:02:00,2023-03-10 04:38:00,General,"The summary is as follows.The problem occurs when the local branch name is set as ""unit_test/user/list/148-152,155,157,158,162,166-b,167,168"".When the above branch name is processed by SourceTree, it seems to be recognized as ""unit_test/user/list/148-152"".a When I run this in GUI, I get an error message ""merge: origin/unit_test/user/list/148-152 - not something we can merge"".The symptoms are{code:java}$ git merge origin/unit_test/user/list/148-152{code}The symptom is the same as when you run.a The result I'm hoping for is to run the following command{code:java}$ git merge origin/unit_test/user/list/148-152,155,157,158,162,166-b,167,168{code}----OS Name: Windows 10 ProOS Version: 2004OS Build Version: 19041.1052SourceTree Version: 3.3.9Git Version: 2.26.2.windows.1----Thank you."
support new format of PuttyGen Release 0.75,Done,Low,2021-06-30 19:00:00,2023-03-10 04:38:00,Git,"Thea *Replace commit text?* dialog saysa {code:java}Replace commit text? [x]Do you want to replace the commit text above with the message from the previous commit?[Yes] [No]{code}a However, when I press _[No]_, in order to preserve the *new message*, the amend is altogether aborted.The only way to amend the previous commit is to selecta _[Yes]_ on an unrelated question, which in turn deletes my new message and forces me to write it again, because CTRL-Z does not work.See gif recording.https://drive.google.com/file/d/1Q-rDGfJkEJzQDe7eGaJBysf3m4ebXGRT/view?usp=sharinga a "
Show in Explorer reopens existing folder,Done,Low,2021-06-30 18:38:00,2023-03-10 04:38:00,Git,"Steps to reproduce:1) merge branch-b into branch-a with conflicts2) change commit message3) click around4) watch the message reset to default ""Merge branch ...""a You can see it all in this recordinga [https://drive.google.com/file/d/1kHcCw8XK0mFZkYgs-oDL7qncZkY27LD-/view?usp=sharing]"
Failed to check login for user,Done,Low,2021-06-30 13:56:00,2023-03-10 04:38:00,Git,"After I updated my security token when requested by github I could not push changes. When I attempt to push, SourceTree prompts for username and password. I've entered the username and access token but it fails with the following message (I've tried the password too).git -c diff.mnemonicprefix=false -c core.quotepath=false --no-optional-locks push -v --tags --set-upstream origin master:masterLogon failed, use ctrl+c to cancel basic credential prompt.Completed with errors, see above.I've been in contact with github support and after trying a few things like cleaning out the password in windows credential manager, it appears the issue is with SourceTree,Any suggestions?Thanks,-Steve"
Push refspec not honored,Done,Low,2021-06-30 13:05:00,2023-03-10 04:38:00,General,Why you still cant update putty tools *after ~30 days*? Is this so hard to replace 3 files?
"Bug in the display when doing the ""git flow finish feature"".",Done,Low,2021-06-30 09:47:00,2023-03-10 04:38:00,Git,After setting my git account in sourcetree i am getting below errorgit -c diff.mnemonicprefix=false -c core.quotepath=false --no-optional-locks fetch --no-tags originfatal: credential-cache unavailable; no unix socket supportfatal: credential-cache unavailable; no unix socket supportremote: Invalid username or password.fatal: Authentication failed for 'https://github.com/meddata-group/mdg_access.git/'fatal: credential-cache unavailable; no unix socket support
Local branch does not appear in push dialog box,Done,Low,2021-06-27 21:46:00,2023-03-10 04:38:00,Git,"SourceTree requires that one and only one SSH key can be configured. For those of us who use multiple external system (e.g. github.com, gitlab.com, self hosted sever, etc), a typical security practice is to use different SSH keys for each system, so that if anyone key was compromised, only one system is potentially affected. OpenSSH supports this quite easily by setting up the config to use different SSH keys based on host, e.g.a {{Host gitlab.com}}{{a  HostName gitlab.com}}{{a  IdentityFile ~/.ssh/id_rsa_gitlab}}{{Host github.com}}{{a  HostName github.com}}{{a  IdentityFile ~/.ssh/id_rsa_github}}a This works with git on the command line, but not in SourceTree.a "
Sourcetree constantly asks for GitHub credentials,Done,Low,2021-06-27 21:39:00,2023-03-10 04:38:00,Git,"When using an SSH key with a passphrase, if SourceTree is open for a long time (e.g. all day), the SSH key is initially held open, but at some point appears to timeout.a  After that, if you try to push, any hooks run, but the push just hangs until it eventually times out, but doesn't prompt for the SSH passphrase (or clearly state that's the problem).To workaround, if the push appears to be taking too long, cancel the push, then open and close options, which re-prompts for the SSH passphrase, then re-push."
Ignore file patterns diff option does not work for untracked files,Done,Low,2021-06-25 17:35:00,2023-03-10 04:38:00,Git,"Hi,We have upgraded Sourcetree to 3.4.3 version and we see the terminal is not opening Via Sourcetree. We are using Git Basha  as a default terminal and the version for Git is 2.31. Could you please help us"
Can't activate focused button with the space key,Done,Low,2021-06-24 13:55:00,2023-03-10 04:38:00,General,"I am using Sourcetree with Git, for Framemaker files, which are binary files.a  Framemaker is a desktop publishing software for technical writers. We have a ""book"" file which groups multiple individual Framemaker files together (each of which represents a chapter in the book). Framemaker has a function where you can change some attribute of all of chapters in a book, such as changing the conditions in all the chapters, or updating the page numbering in all of the chapters, or clearing the change bars in all of the chapters. When performing some of these ""group"" actions, each chapter is opened quickly, changed, and then saved again. During this process I get an error message that one of the chapters could not be saved. When I look at the File Status in SourceTree, it shows as a Removed/Deleted file in the Unstaged Files section. I then have to Discard the deletiong and re-do the group action. When I redo the group action, a different file will then get deleted, and so on, over and over again.This is not specific to my laptop - there are 5 writers in our group, and it happens to all of us.This does appear to be specific to either SourceTree or Git, because this only started happening once we started using SourceTree and Git (our files were previously in a Subversion, and we never had this issue).If I move the book and all its chapters OUTSIDE of the Git directory/Sourcetree, and do the same group action, it works fine.a I updated to the latest version of Sourcetree (3.4.5), because I noticed in the release notes that there was a fix for an issue that SORT of sounded like it might have something to do with this (""Fixed staging modified files with paths longer than 260 characters stages the file as 'Removed'), but updating did not resolve the problem. Also, I checked my file paths, and none are longer than 100 characters.a "
Unable to remove submodules that located at folder which contains space,Done,Low,2021-06-23 07:38:00,2023-03-10 04:38:00,General,"If a new repository tab is added with the ""Add repository"" option using a path with duplicated slashes like this one:C:\\MyFolder\\MyRepoThe repository will be added (as expected), but then the open in ""Explorer"" button will fail to open the right folder and it will just open the default FileExplorer path.It is common to find paths with duplicated slashes because thats how it is stored in json files, and windows is usually able to normalize the slashes to make things work.Normalizing is just removing duplicated slashes with just a few exceptions like UNC paths at the begining of the path:\\servername\mySharedFolder\myRepoSourceTree should be able to open the ""Explorer"" in any case, other functionality might be having the same normalization problems if they operate with the repo path."
SourceTree doesn't list local branches with underscore '_' as Tracked ,Done,Low,2021-06-22 22:32:00,2023-03-10 04:38:00,General,"A modal dialog asking me if I want to download git-lfs files got stuck behind the main SourceTree window.a Unfortunately, this dialog is so modal that it prevented me from resizing the main window, prevented me from minimizing it, prevented me from using the [Windows key + arrow keys] shortcuts, and prevented me from closing the program with the upper-right hand corner ""X"" button.Affects the latest version (3.4.5.0)a *Workaround*:a  I had 2 screens in ""extend these displays"" mode.a  When I changed them to ""duplicate these displays"", the dialog re-appeared over the main SourceTree window and I was able to resolve the problem.a  If you don't happen to have 2 monitors in extend mode when this problem happens, then you're just screwed."
"An ""Open Termial"" button fails for git bash [git-scm 2.31.1]",Done,Low,2021-06-22 14:24:00,2023-03-10 04:38:00,General,"Opening modal popup dialogs like ""Jump to Commit"" should set focus the required text input.A proper user experience would be to be able to click on ""Jump to"" >> ""commit..""and without having to manually click on the text input, it should have focus the moment the dialog gets open, so I can paste the id from my clipboard with Control + V and then clicking on ENTER key should go to that commit (as if I clicked on OK).a The current experience is that I have to click on the text input before I can paste, because after that dialog opens, the focus element is the ""OK"" button which is worthless without filling the textbox, and pressing tab or shift+tab doesn't iterate through the required input for some reason as it should .a "
Source Tree not getting started,Done,Low,2021-06-22 14:15:00,2023-03-10 04:38:00,General,"Jump to commit by commit Id doesn't work with upper-case commit Ids.a When jumping to a specific commit in SourceTree, if you had copy the commit Id from other tool or automated process that provides it in Upper case, SourceTree will not find the commit.a SourceTree should be able to jump to a commit id regardless of the casing.a "
"Sourcetree sees changes after fresh ""git clone"" on WSL",Done,Low,2021-06-22 10:55:00,2023-03-10 04:38:00,General,"I'm having a problem where I can't seem to get Sourcetree to start beyond the blue splashscreen/banner. After a few seconds the splashscreen disappears and the program has not started.OS: Windows 10Sourcetree is shown as an appWhen Sourcetree is started, only the splashscreen is shownAfter this, Sourcetree does not show in task manager (processes, services, app history)I have tried uninstalling, deleting %localappdata% folders and even searched and deleted some registry keys. Also restarting before and after uninstalling/installing.I have tried installing 3.3.8, 3.4.1, 3.4.2, 3.4.4 and 3.4.5 via the EXE and MSI installers in both %localappdata% and Program Files (x86).I have used Sourcetree for several years now and I need it for work. Any help would be greatly appriciated!"
Global Author details do not update after closing Options,Done,Low,2021-06-22 10:01:00,2023-03-10 04:38:00,Bitbucket,This seems to be a recurring issue in Source Tree without a proper resolution.!image-2021-06-22-10-59-53-603.png!As I already have a later Git version on the machinea !image-2021-06-22-11-01-36-749.png!
When changing Branch working tree files do not refresh,Done,Low,2021-06-21 17:30:00,2023-03-10 04:38:00,Git,"I have a repo with Git LFS enabled for some file types. With the file locking option *disabled*, large files can be added to the index with no issues. When the file locking option is *enabled*, files larger than 2 MB cannot be added to the index, since I get an error popup prompting me to track the files with LFS (when in fact the file extension is already being tracked).Steps to reproduce:1) Create an empty git repo2) git lfs install3) Add and commit the following .gitattributes file:{color:#d4d4d4}*.uasseta {color}{color:#569cd6}filter{color}{color:#d4d4d4}=lfsa {color}{color:#569cd6}diff{color}{color:#d4d4d4}=lfsa {color}{color:#569cd6}merge{color}{color:#d4d4d4}=lfsa -texta lockable{color}a 4) Add .uasset a file larger than 2 MB to the index5) Get the following error!image-2021-06-21-19-29-01-601.png!a a a a "
"After changing Bitbucket password, Source tree is no longer syncs with remote branch. ",Done,Low,2021-06-20 06:44:00,2023-03-10 04:38:00,General,"I'm using SourceTree 3.4.5.0 and my settings/options does not reflect on next open. For example. theme preference, SSH configuration in ""Tools->Options"" and previously opened repositories are either not saved or not reflect when I open the next time after closing SourceTree.a I checked the version. It says update-to-date in Settings. Couldn't find any article/help around this."
"Files disappear in ""staged files""",Done,Low,2021-06-18 13:46:00,2023-03-10 04:38:00,General,"SourceTree has a feature that will search the repository root for a file named ""icon.png"" and if it exist it will use it as an icon in SourceTree UI.This is a great feature that we enjoy and use, however the SourceTree for Windows app keeps a hard reference to that ""icon.png"" file that prevents the user or git to delete it.a This becomes a problem if the user want's to checkout another branch in which the ""icon.png"" doesn't exist, because the file will still be there as a pending change that the user won't be able to remove unless closing SourceTree first (not very intuitive).Trying to discard the change (of the added ""icon.png"") from SourceTree will just fail and not remove it.Windows File Explorer will alert the user that the file cannot be removed if SourceTree is running.a Maybe SourceTree could make a copy of the repo's ""icon.png"" so the reference is to the copy and it doesn't block the original image, or any other strategy to allow image removal."
Name of branch on hover in History Tab,Done,Low,2021-06-17 16:18:00,2023-03-10 04:38:00,UX,"When in *Options/Diff*- Convert tabs to space is *unset* and- Show whitespace characters is *set*""Tab"" characters and ""Space"" characters are displayed incorrectly. Please note that the actual diff text and indentations are unaffected, and displayed at the correct indentation level.!image-2021-06-17-17-12-20-010.png!"
Staging files deletes them instead if main working tree is not in default location.,Done,Low,2021-06-17 14:46:00,2023-03-10 04:38:00,General,"On my new Win 10 notebook Lifebook U7510*Cloning a new TFS-Git repo* using SourceTree 3.4.5 *always crashes* with the exception below.If I clone the TFS-Git repo using Git Bash and then just add it to SourceTree, everything works fine, pull, changing branch, etc.Exception from Windows Event Log:Application: SourceTree.exeFramework Version: v4.0.30319Description: *The process was terminated due to an unhandled exception.*Exception Info: System.*IndexOutOfRangeException* at *SourceTree.Repo.RepoHandlerGitOld.GetDefaultBranch(System.String)* at SourceTree.ViewModel.CloneNewDialogViewModel+<>c__DisplayClass212_0.<RefreshRemoteBranches>b__1() at System.Threading.Tasks.Task`1[[System.__Canon, mscorlib, Version=4.0.0.0, Culture=neutral, PublicKeyToken=b77a5c561934e089]].InnerInvoke() at System.Threading.Tasks.Task.Execute() at System.Runtime.ExceptionServices.ExceptionDispatchInfo.Throw() at System.Runtime.CompilerServices.TaskAwaiter.HandleNonSuccessAndDebuggerNotification(System.Threading.Tasks.Task) at System.Runtime.CompilerServices.TaskAwaiter`1[[System.__Canon, mscorlib, Version=4.0.0.0, Culture=neutral, PublicKeyToken=b77a5c561934e089]].GetResult() at SourceTree.ViewModel.CloneNewDialogViewModel+<RefreshRemoteBranches>d__212.MoveNext() at System.Runtime.ExceptionServices.ExceptionDispatchInfo.Throw() at System.Runtime.CompilerServices.TaskAwaiter.HandleNonSuccessAndDebuggerNotification(System.Threading.Tasks.Task) at System.Runtime.CompilerServices.TaskAwaiter.GetResult() at SourceTree.ViewModel.CloneNewDialogViewModel+<CheckSource>d__211.MoveNext()Exception Info: ReactiveUI.UnhandledErrorException at ReactiveUI.RxApp+<>c__DisplayClass11_0.<.cctor>b__2() at System.Reactive.Concurrency.Scheduler.Invoke(System.Reactive.Concurrency.IScheduler, System.Action) at System.Reactive.Concurrency.DispatcherScheduler+<>c__DisplayClass12_0`1[[System.__Canon, mscorlib, Version=4.0.0.0, Culture=neutral, PublicKeyToken=b77a5c561934e089]].<Schedule>b__0() at System.Windows.Threading.ExceptionWrapper.InternalRealCall(System.Delegate, System.Object, Int32) at System.Windows.Threading.ExceptionWrapper.TryCatchWhen(System.Object, System.Delegate, System.Object, Int32, System.Delegate) at System.Windows.Threading.DispatcherOperation.InvokeImpl() at MS.Internal.CulturePreservingExecutionContext.CallbackWrapper(System.Object) at System.Threading.ExecutionContext.RunInternal(System.Threading.ExecutionContext, System.Threading.ContextCallback, System.Object, Boolean) at System.Threading.ExecutionContext.Run(System.Threading.ExecutionContext, System.Threading.ContextCallback, System.Object, Boolean) at System.Threading.ExecutionContext.Run(System.Threading.ExecutionContext, System.Threading.ContextCallback, System.Object) at MS.Internal.CulturePreservingExecutionContext.Run(MS.Internal.CulturePreservingExecutionContext, System.Threading.ContextCallback, System.Object) at System.Windows.Threading.DispatcherOperation.Invoke() at System.Windows.Threading.Dispatcher.ProcessQueue() at System.Windows.Threading.Dispatcher.WndProcHook(IntPtr, Int32, IntPtr, IntPtr, Boolean ByRef) at MS.Win32.HwndWrapper.WndProc(IntPtr, Int32, IntPtr, IntPtr, Boolean ByRef) at MS.Win32.HwndSubclass.DispatcherCallbackOperation(System.Object) at System.Windows.Threading.ExceptionWrapper.InternalRealCall(System.Delegate, System.Object, Int32) at System.Windows.Threading.ExceptionWrapper.TryCatchWhen(System.Object, System.Delegate, System.Object, Int32, System.Delegate) at System.Windows.Threading.Dispatcher.LegacyInvokeImpl(System.Windows.Threading.DispatcherPriority, System.TimeSpan, System.Delegate, System.Object, Int32) at MS.Win32.HwndSubclass.SubclassWndProc(IntPtr, Int32, IntPtr, IntPtr) at MS.Win32.UnsafeNativeMethods.DispatchMessage(System.Windows.Interop.MSG ByRef) at System.Windows.Threading.Dispatcher.PushFrameImpl(System.Windows.Threading.DispatcherFrame) at System.Windows.Application.RunDispatcher(System.Object) at System.Windows.Application.RunInternal(System.Windows.Window) at SourceTree.App.Main()a "
SourceTree crashes on startup for multi-user / RDP environments,Done,Low,2021-06-16 13:30:00,2023-03-10 04:38:00,General,"Error occurred when I try to reverse merge commit. Full output:{code:java}git -c diff.mnemonicprefix=false -c core.quotepath=false --no-optional-locks revert --no-edit fcb73b96c2a11714e69e64cda45aaff27c90e304error: commit fcb73b96c2a11714e69e64cda45aaff27c90e304 is a merge but no -m option was given.fatal: revert failedCompleted with errors, see above.{code}Revert command must be provided with required -m parent-number parameter (number of merge side). Passing -m 1 completely solve the problem"
Filter History by user,Done,Low,2021-06-15 14:01:00,2023-03-10 04:38:00,Bitbucket,"When cloning a repository from Bitbucket, it fails to ""activate"" the clone button and just crashes the app.a I enter the Source Path/URL, the destination path, then as it's loading/validating it crashes before I can click ""Clone.""a !image-2021-06-15-07-59-34-719.png!"
Opening and closing Sourcetree causes Pageant to crash/close,Done,Low,2021-06-15 07:36:00,2023-03-10 04:38:00,Askpass,"I keep getting error with AskPass.exe, usually at least three times per day. The error is basically just a popup windows, that interrupts my work, even while in meetings. When one of the AskPass.exe errors happen, usually there are several more in quick succession.This issue is pretty well documented in this thread, as other users experience this as well. https://community.atlassian.com/t5/Sourcetree-questions/Askpass-exe-application-error/qaq-p/1312523Unfortunately, the fixes proposed in this thread did not work.Though I really like Sourcetree's UI, this issue is seriously making me consider switching myself and my team to another app, as my colleagues are having this error as well. Please, fix it, as soon as possible."
SourceTree not working,Done,Low,2021-06-12 14:51:00,2023-03-10 04:38:00,General,Seems to be the same as https://jira.atlassian.com/browse/SRCTREEWIN-8417 but I'm getting this on version 3.4.2.Repro steps: 1. Tools -> Options 2. Change to Diff tab 3. Click Change Font 4. Change size from 11 to 12 5. Click OK on Choose Font dialog 6. Click OK on Options dialog 7. Crash
Squashing With Previous ignores the last item in the list,Done,Low,2021-06-11 08:48:00,2023-03-10 04:38:00,General,I recently updated to sourcetree version 3.4.5 and noticed it bundled outdated pageant version 0.70.2latest pageant is at version 0.75 and a lot of security bug has been fixed since version 0.70please update the bundled pageant and other tools to its latest security fixthank you
make branch first time not show,Done,Low,2021-06-10 21:43:00,2023-03-10 04:38:00,Git,"I can't seem to get Azure Devops git authentication working from Sourcetree, but I can use the same user/PAT if I use the cli by hitting the ""Terminal"" icon, then using the same exact username/PAT.a  Since this just started happening, I upgraded today and now am on version 3.4.5"
Backgroud refresh task cause mouse no response,Done,Low,2021-06-08 19:02:00,2023-03-07 11:15:00,UX,On Windows clicking on left/right arrows on repos tab bar does not bring next tab to full visibility.
Pending filter in File Status view does not show newly added and modified files,Done,Low,2021-06-08 10:13:00,2023-03-07 11:15:00,General,In 3.4.4 I had force push enabled. After upgrade the option was disabled (Options -> GIT -> Enable Force Push)
Invalid Username & Password error while pull or push on the source tree,Done,Low,2021-06-07 12:06:00,2023-03-07 11:15:00,Git,"After updating from a previous version (probably 3.4.4) to 3.4.5 as soon as I was offered the update today, wslgit (https://github.com/andy-5/wslgit/) no longer works with sourcetree.Attempting to change from embedded to system git in options > git appears to do nothing; the shown file path does not change from the embedded path, the system button remains enabled and the embedded button remains disabled. No error message is shown. Clicking the system button again does nothing but briefly flash a throbber.Without the ability to use this system git, I cannot use any repository stored on WSL2, ie all of my repositories. Effectively, this bug wholly prevents me from using sourcetree."
Registration form: unclear error message when registrted new user,Done,Low,2021-06-04 17:51:00,2023-03-07 11:15:00,General,"Details are written here with images(in Japanese).https://note.com/jp011100/n/nddf2abbd9981https://note.com/jp011100/n/n99407fb189b9On the screen to write the commit log,I should be able to- type in Japanese,- press the space bar to select a candidate for Kanji,- and then continue to type in the punctuation.Although the punctuation appears for a moment, it disappears.This happens at any version of Sourcetree (2.6.10 - 3.4.4).This is caused by new version IME.Older version IME has no problem.Thank you for reading.Below text is same message in Japanese.----------------------------------------------------------è©³ç´°ã¯ã“ã¡ã‚‰ã«æ—¥æœ¬èªžã§ç”»åƒå…¥ã‚Šã§æ›¸ã„ã¦ã‚ã‚Šã¾ã™ã ‚https://note.com/jp011100/n/nddf2abbd9981https://note.com/jp011100/n/n99407fb189b9ã‚³ãƒŸãƒƒãƒˆãƒ­ã‚°ã‚’æ›¸ãç”»é¢ã§ã æ—¥æœ¬èªžã‚’å…¥åŠ›ã—ã¦ã ã‚¹ãƒšãƒ¼ã‚¹ã‚­ãƒ¼ã‚’æŠ¼ã—ã¦ã æ¼¢å­—ã®å ™è£œã‚’é¸æŠžã—ãŸå¾Œã ç¶šã‘ã¦å¥ç‚¹ã‚’å…¥åŠ›ã§ãã‚‹ã¯ãšã§ã™ãŒã å¥ç‚¹ãŒä¸ çž¬è¡¨ç¤ºã•ã‚Œã‚‹ã‚‚ã®ã®ã æ¶ˆãˆã¦ã—ã¾ã„ã¾ã™ã ‚ã“ã‚Œã¯ã SourceTreeã®ã©ã®ãƒãƒ¼ã‚¸ãƒ§ãƒ³ã§ã‚‚èµ·ãã¾ã™ (2.6.10 - 3.4.4)ã ‚æ–°ã—ã„ãƒãƒ¼ã‚¸ãƒ§ãƒ³ã®IMEã§èµ·ãã¦ã¾ã™ã ‚ã Œä»¥å‰ã®ãƒãƒ¼ã‚¸ãƒ§ãƒ³ã®IMEã ã ã¨å•é¡Œã‚ã‚Šã¾ã›ã‚“ã ‚ã‚ˆã‚ã—ããŠé¡˜ã„ã„ãŸã—ã¾ã™ã ‚"
Cannot push with force ,Done,Low,2021-06-04 06:40:00,2023-03-07 11:15:00,Bitbucket,"I have generated a private and public key with the most current version 0.75 of puttyGen.Bitbucked accepts well the public key.However when I assign this private key to Sourcetree, then I get the error message:*Couldnt' load private key (PuTTY key format too new).*a a a "
SourceTree display error,Done,Low,2021-06-03 11:51:00,2023-03-07 11:15:00,UX,"Cliking on the Explorer button or selecting the Show in explorer menu opens the folder for the working copy.But is the folder is already open pressing again on the button opens another instance of the folder, instead of bringing up the folder."
3.4.3 Won't Install,Done,Low,2021-05-31 06:59:00,2023-03-07 11:15:00,Bitbucket,"Hello,I can't login in Sourcetree, I can't pull with terminal, haven't changed a thing, on last Friday(28.05) everything was working. However I can login into Bitbucket via browser.I have reset my password and searched issues but with no success.Here is error I got:!image-2021-05-31-09-54-17-023.png!"
ssl cerficate,Done,Low,2021-05-26 02:13:00,2023-03-07 11:15:00,Git,"I have configured my remote's push refspec for remote 'user' to push to refs/users/myusername/heads/* such that `git push user` sends my modification to my userspace on my gerrit server.It all works well from the command line, but SourceTree doesn't let me use the default push refspec. It always overrides the target branch with a value, doesn't let me push without a defined target branch and makes it increadibly hard for me to actually find out what it actually does.A solution is obviously a custom button but SourceTree should really honor the push refspec config."
Cannot open a terminal when system git is enabled,Done,Low,2021-05-24 19:12:00,2023-03-07 11:15:00,Git,"(I am not very good at English, so I apologize in advance.)When you try to ""git flow finish feature"" a Feature branch based on the Support branch, the branch shown in the Preview of the ""Finish Feature dialog"" is ""develop"".Example: # You have a tag of v0.0.2 on your master branch. # Run ""git flow support v0.0.2 v0.0.2"" in a terminal. # Using the gitflow GUI, start the v0.0.2.1 feature based on support/v0.0.2. # Commit any changes to the feature v0.0.2.1. # Try to complete the feature v0.0.2.1 using the gitflow GUI.Expected behavior: The branch shown in the Preview of the ""Finish Feature dialog"" will be ""support/v0.0.2"".Actual behavior: The branch that appears in the Preview of the ""Finish Feature dialog"" will be ""develop"".Additional information: The actual merge destination will be ""support/v0.0.2"", which is consistent with the expected behavior. I think it's just that the branch shown in the dialog is wrong.In the config file, the base contains the original branch name when the branch was created using gitflow.It looks like you need to read that and display it.{code:bash}[gitflow ""branch.feature/v0.0.2.1""]	base = support/v0.0.2{code}a "
Terminal no longer opens,Done,Low,2021-05-20 21:59:00,2023-03-07 11:15:00,Bitbucket,"When checking out a remote branch to a new local branch, the local branch does not appear in the push dialog after changes have been committed.a  !image-2021-05-20-16-56-11-015.png!!image-2021-05-20-16-56-45-993.png!!image-2021-05-20-16-57-47-152.png!!image-2021-05-20-16-58-16-374.png!"
Failed stage lines,Done,Low,2021-05-20 10:48:00,2023-03-07 11:15:00,Askpass,I have no open GitHub repos (only one which is Bitbucket) and I have no GitHub accounts registered in the system:!image-2021-05-20-13-45-23-415.png!a But Sourcetree keeps asking:!image-2021-05-20-13-47-57-574.png!
Cannot unstage hunk,Done,Low,2021-05-18 13:46:00,2023-03-07 11:15:00,General,"Independently of {{.gitignore}}, in the diff tab of the options menu, sourcetree has a setting to exclude certain file patterns from showing a diff. These files still appear in the staged/unstaged files list, but selecting them will not show a preview, the same as if the file were excluded for being eg too large in size. However, this option does not work when the file is untracked.Steps to reproduce: # Create a very large text file and name it {{dump.sql}} # Open the sourcetree options, go to the diff tab and add {{,*dump.sql}} to the ignore file patterns list. # Save the options and restart sourcetree to ensure they take effect. # Reopen sourcetree and select {{dump.sql}} from the unstaged files list. The full file will be loaded. # Stage {{dump.sql}}. # Select {{dump.sql}} from the staged files list. The following message will appear: ""No changes in this file have been detected, or it is a binary file or it is configured to be ignored by the File patterns"".Expected behaviour:At step 4, the full file is not loaded, and instead the same message from step 6 is displayed."
add option to ignore EOL and .symlink files,Done,Low,2021-05-18 12:41:00,2023-03-07 11:15:00,General,It's Windows native UI behavior that focused buttons get clicked by the keyboard space keyPlease respect the native standards
Git Bash cannot be opened anymore with Git 2.31,Done,Low,2021-05-18 04:07:00,2023-03-07 11:15:00,Bitbucket,"Here is the output I see when I remove submodule:{{git -c diff.mnemonicprefix=false -c core.quotepath=false --no-optional-locks submodule deinit ""ExtraModules/Common""}}{{warning: Could not unset core.worktree setting in submodule 'Extra Modules/Common'}}{{Cleared directory 'Extra Modules/Common'}}{{git -c diff.mnemonicprefix=false -c core.quotepath=false --no-optional-locks rm --cached Extra Modules/Common}}{{fatal: pathspec 'Extra' did not match any files}}{{Completed with errors, see above.}}"
Can't find correct git.exe path,Done,Low,2021-05-18 03:01:00,2023-03-07 11:15:00,Git,"When listing Tracked Branches for a Push to Origin, SourceTree doesn't list branches that contains the underscore character '_'.Example,for a branch say with a name 'Feature_Changes' this branch will not be listed under 'Branches to Push' in the Push to Origin pop-up dialog.if the branch were to be renamed to 'Feature-Changes' this branch will now show under 'Branches to Push' in the Push Origin pop-up dialog."
paste path into sourcetree  selects the file,Done,Low,2021-05-17 12:47:00,2023-03-07 11:15:00,Git,"Hi folks,recently I noticed a problem with a git bash just right after I had upgraded git-scm from version 2.24.0.2 to 2.31.1.Message from the log is: ""ERROR [2021-05-17 15:20:54,842] [1] [SourceTree.Repo.RepoHandlerGitOld] [Log] - UNable to bash start process for 'F:\engine'""I use system git. With embedded git terminal works fine.""Use Git Bash as default terminal"" in ""Tools->Options->Git"" is enabled."
Adding WinMerge to merge tool selection,Done,Low,2021-05-10 07:22:00,2023-03-07 11:15:00,Bitbucket,"When I open source tree, then within seconds the source tree gets Done. I've tried cloning it via Bitbucket but same thing happens."
RepoHandlerGitOld.NeedsLargeFilesPull incorrectly returning true for files reported unchanged by LFS,Done,Low,2021-05-06 14:09:00,2023-03-07 11:15:00,Git,"I use Sourcetree for Windows in combination with WSL 2 for web coding.a When I create a fresh clone from Github on WSL, and add the clone to Sourcetree usinga `wsl$\\Ubuntu-20.01\path\to\my\code`, sometimes 1-2 files that are marked as changed. - Vscode, however does not see any changes - When I discard the changes in Sourcetree, it remains being marked as changed. Vscode however does see a change now. The change is that the execute permission has been removed from the file."
Application crashed while selecting files to stage,Done,Low,2021-05-05 08:42:00,2023-03-07 11:15:00,UX,"Click Commit.Then, Tools > Options > General > Default user information, I change the name and/or Email address details.The author field above the commit message does not update. This is when the repository is set to use the global author details.a "
Cannot browse/switch to system mercurial,Done,Low,2021-05-03 22:13:00,2023-03-07 11:15:00,branch,When changing Branch working tree files do not refresh.Changed files do not show up for stage.
Subwindow drap and drop can not be dropped at any position in File Status and History tab for notebook screen proportion,Done,Low,2021-05-03 13:38:00,2023-03-07 11:15:00,Bitbucket,"After changing Bitbucket password, Source tree is no longer syncs with remote branch. attempts to pull from remote to Dev branch result in error belowa git -c diff.mnemonicprefix=false -c core.quotepath=false --no-optional-locks fetch originfatal: HttpRequestException encountered. An error occurred while sending the request.remote: Too many invalid password attempts. Log in at https://id.atlassian.com/ to restore access.fatal: unable to access 'https://bitbucket.org/dddsdev/edps-service.git/': The requested URL returned error: 403Completed with errors, see above."
Allow current file path text to be selected/copied,Done,Low,2021-04-30 20:13:00,2023-03-07 11:15:00,General,"When I stage Keil project files in ""staged files"" they disappear and don't get included in the push.a  I reviewed my gitignore, uninstalled 3.3.8 and re-installed 3.4 clean.a  I created a new clean Jira and the same thing happens.a  What do I need to do to get my Keil *.uvproj to work / re-appear / push?a  I seem to waste more and more time fighting with SourceTree, at least I don't crash every time I clone a new repo with 3.4.a  How can a 3.x release have such a fundamental mistake?a  Why didn't 3.3.8a  say there is a new release?a  I had to go to the web site to find it.My core issue is my uvproj files disappear in ""staged files"".a  Please help me fix this..."
Add option to Sort Files by Modified date,Done,Low,2021-04-29 15:46:00,2023-03-07 11:15:00,UX,Is possible to have a feature that say me the name of branch also when I don't see the branch tag? like in the screenshot example?!image-2021-04-29-17-45-49-372.png!
Sourcetree shuts down foreign pageant process,Done,Low,2021-04-29 07:13:00,2023-03-07 11:15:00,Git,"This bug has existed in every 3.x version of Sourcetree for Windows (currently still present in 3.4.4) and is easily replicated. # Create a repository # Edit the config and add `worktree = C:\\Some\\Path` where that path is not the repository directory. # Create a file in this new main working tree directory # SourceTree sees the new file, but cannot stage it (produces an error) # Stage the file with the terminal and commit with either the terminal or SourceTree # Change the file # SoucreTree sees the change as an edit # Stage the file with SourceTree # It is staged as a file deletion and the actual file in the working tree is DELETED, along with any changes you were attempting to stageDeleting files people are trying to enter into version control is a cardinal sin level of bug and this will be my 3rd time submitting over the past 3 years."
spell check of commit messages does not work,Done,Low,2021-04-29 07:03:00,2023-03-07 11:15:00,General,"It seems SourceTree does not work where multiple people try to have instances of SourceTree open at the same time. Relevant piece of info from the log below, it looks like the application tries to create a pipe with the same name, which when multiple people are logged in, appears to clash. One user can start SourceTree, then no-one else can. If the first user closes their instance, a different person may start their instance, however the original person can no longer use their instance.We noticed this on WinServer with RDS, however suspect Win10 with fast user switching would have a similar effect.Using the released 3.4.4 off the website.{{ERROR [2021-04-29 14:22:50,142] [1] [SourceTree.Instances.SingleInstance] [Log] - Error starting first instance pipe server}}{{System.UnauthorizedAccessException: Access to the path is denied.}}{{ at System.IO.__Error.WinIOError(Int32 errorCode, String maybeFullPath)}}{{ at System.IO.Pipes.NamedPipeServerStream.Create(String fullPipeName, PipeDirection direction, Int32 maxNumberOfServerInstances, PipeTransmissionMode transmissionMode, PipeOptions options, Int32 inBufferSize, Int32 outBufferSize, PipeAccessRights rights, SECURITY_ATTRIBUTES secAttrs)}}{{ at System.IO.Pipes.NamedPipeServerStream..ctor(String pipeName, PipeDirection direction, Int32 maxNumberOfServerInstances, PipeTransmissionMode transmissionMode, PipeOptions options, Int32 inBufferSize, Int32 outBufferSize, PipeSecurity pipeSecurity, HandleInheritability inheritability, PipeAccessRights additionalAccessRights)}}{{ at System.IO.Pipes.NamedPipeServerStream..ctor(String pipeName, PipeDirection direction, Int32 maxNumberOfServerInstances, PipeTransmissionMode transmissionMode, PipeOptions options)}}{{ at SourceTree.Instances.SingleInstance.StartServer()}}"
support clone SVN in Windows,Done,Low,2021-04-28 10:08:00,2023-03-07 11:15:00,Git,"In your History Tree when you show all thea  revisions.I work on a massive project with over 50 developers and it would be so so nice if that control was replaced with one where I coulda  filter bya  column so I could say only show me my changesI know replacing controls is none trivial so how about next to ""Show Remote Branches"" there is ""Show only my changes""a ""Hide Merge Pull""a etca That would just focus on my changes, whereasa  at the moment , i have to scroll and scrolla  etc.a Thanks so mucha ps where is sourcetree not a component when filling in this form?"
Sourcetree closes pageant on exit even if it hadn't been started by Sourcetree.,Done,Low,2021-04-26 08:26:00,2023-03-07 11:15:00,General,"I have installed putty and pageant outside of Sourcetree, and I have Pageant startup during OS boot so my key-file is always ready.Didn't quite notice it at first, so not sure which version it started at, but Sourcetree now causes Pageant to crash/close when it opens or closes, causing e.g. git commands and such from command line to suddenly start to failing for no apparent reason.Whenever I open or close Sourcetree now, I have to reopen Pageant and reload my key, including entering a long passkey. Super annoying. Sourcetree shouldn't close or cause any other applications to crash when it opens or when it closes.It happens on all 3 computers of mine. All running latest Windows, latest Pageant, and latest Sourcetree."
SourceTree Crashes if launched by a non-admin while another user is running PAgent,Done,Low,2021-04-23 09:11:00,2023-03-07 11:15:00,General,"Even though source tree is installed fine on the machine and there are no other issues or errors of the WMI, user keeps getting message that source tree has stopped working, when launching source tree and hence not able to resolve issue. Tried reinstallation but still issue exists."
Unable to checkout to a local branch. ,Done,Low,2021-04-22 07:47:00,2023-03-07 11:15:00,General,"*{color:#172b4d}Summary:{color}*a {color:#172b4d}When I try and Rebase Interactively and I have 5 commits. After Squashing With Previous, the last commit, doesna ™t get squashed. Please see this SO question for more details:{color}{color:#172b4d}[{color:#0052cc}https://stackoverflow.com/questions/42221088/how-to-properly-squash-commits-using-sourcetree{color}]{color}*Detail:*We're using Git as our source control system, and I like to commit my code on a regular basis. This does mean that when I'm ready to push to the shared repo I've created quite a few nonsense commits that I'd like to squash away before pushing.Using SourceTree that should be a simple thing, but I keep running into issues where not all selected commits are being squashed together. Let me show some images of what I do using a sample repo with some checkins:!https://i.imgur.com/A4HpALJ.png!I click the first checking and choose to 'rebase children interactively'!https://i.imgur.com/lkPphjS.png!A pop will appear with all the checkins:!https://i.imgur.com/0yCPcNm.png!On this popup I click the 'fifth' checkin and hit the squash with previous 3 times until the screen looks like this:!https://i.imgur.com/HH7zIR3.png!All's fine you'd think, but then when hitting the 'ok' button, this is what I end up with:!https://i.imgur.com/KSr1A32.png!Why oh why does it not include the 'Second' commit in the end result? Judging by the looks of the popup you'd think this is included as well. I can do the same thing again to get the second in there, but I just can't fathom why it works this way or how to squash them all in one go:a "
Allow tags to be added using date of commit instead of current date,Done,Low,2021-04-21 01:17:00,2023-03-07 11:15:00,branch,"When I create a branch with the first hierarchy, the branch is created but it does not appear on the screenIt doesn't appear on the branch delete screen"
SourceTree merge resolve conflicts doesn't launch beyond compare,Done,Low,2021-04-19 06:25:00,2023-03-07 11:15:00,Git,"When I cancel backgound refresh in settings, the mouse can response again."
Launch SSH Agent should display correct state,Done,Low,2021-04-18 15:03:00,2023-03-07 11:15:00,Git,"Steps to reproduce: * {{git add SomeNewFile}} # might by invoked by adding a file in an IDE (e.g. Qt Creator), or command line * do some modifications to {{SomeNewFile}} * => {{SomeNewFile}} doesn't show up in the Pending or Modified filters, only in the Clean/All ones{{git status}} - shows the file as ""new file"" besides the ""modified"" ones in the Changes sections and the file will be included by {{git add -u}} (that should be the pending filter)I think Sourcetree behavior to exclude the file completely from Pending view is wrong. Pending showing the untracked files but not the ones added and modified is very confusing, the file being in a more ""pending"" state than untracked ones (see {{add -u}}).LE: Windows 10, Sourcetree 3.4.4, git 2.30"
Sourcetree freezing on being left in background  ,Done,Low,2021-04-14 05:04:00,2023-03-07 11:15:00,Bitbucket,"one of my repositories available in one workplace but at the time of pull or push, it gives me an error.git -c diff.mnemonicprefix=false -c core.quotepath=false --no-optional-locks push -v --tags origin master:masterremote: Invalid username or passwordfatal: Authentication failed for 'https://bitbucket.org/yashusstechteam/wechecked_prod.git/'Pushing to https://SanketPathak@bitbucket.org/yashusstechteam/wechecked_prod.gitCompleted with errors, see above.Please help me resolve this"
v3.8.8 - Local repository list freezes when scrolling is needed,Done,Low,2021-04-13 11:17:00,2023-03-07 11:15:00,General,"*Issue Summary:*When created a new user we see error massage in ""Contact Offer"" point.*Steps to Reproduse:* # Open ""Railway tickets"" for a android app. # Press ""My account"" button. # Click to the create account. # Go through the registration form and click ""Contact offer"" point. # Click register.*Expected Results:***The registration form was successful and goes to my account.*Actual results:***Registration of a new user does not take place, you see red exclamation mark in ""Contact Offer"" pointa "
Optional extended integration settings of remote are not saved across SourceTree restarts,Done,Low,2021-04-12 15:16:00,2023-03-07 11:15:00,Git,"it is not possible to push if force push flag is activatednothing happens afterwards, there is an exception in log{{ERROR [2021-04-12 10:15:45,362] [31] [SourceTree.ViewModel.RepoDialogContainer] [Log] - WÄ…tkiem wywoÅ‚ujÄ…cym musi byÄ‡ STA, poniewaÅ¼ wiele skÅ‚adnikÃ³w interfejsÃ³w uÅ¼ytkownika go wymaga.}}{{System.InvalidOperationException: WÄ…tkiem wywoÅ‚ujÄ…cym musi byÄ‡ STA, poniewaÅ¼ wiele skÅ‚adnikÃ³w interfejsÃ³w uÅ¼ytkownika go wymaga.}}{{ w System.Windows.Input.InputManager..ctor()}}{{ w System.Windows.Input.InputManager.GetCurrentInputManagerImpl()}}{{ w System.Windows.Input.KeyboardNavigation..ctor()}}{{ w System.Windows.FrameworkElement.FrameworkServices..ctor()}}{{ w System.Windows.FrameworkElement.EnsureFrameworkServices()}}{{ w System.Windows.FrameworkElement..ctor()}}{{ w System.Windows.Controls.Control..ctor()}}{{ w System.Windows.Window..ctor()}}{{ w SourceTree.UI.Theme.Wpf.Controls.PerMonitorDpiWindow..ctor()}}{{ w SourceTree.View.Dialogs.NotificationDialogWindow..ctor(String title, String message, Object contentControl, RelayCommand contentCommand, String contentCommandLabel, String customActionLabel, String customCancelLabel, Boolean isError, RelayCommand suppressionCommand, VistaTaskDialogIcon icon)}}{{ w SourceTree.Notifications.NotificationsManager.ShowNotificationDialog[T](String title, String message, Tuple`2 customAction, String cancelLabel, String suppressionSetting, Action`1 suppressionChangedAction, Object contentControl, String contentCommandLabel, Action contentAction)}}{{ w SourceTree.Notifications.NotificationsManager.ShowNotificationDialog[T](String title, String message, String details, Tuple`2 customAction, String cancelLabel, String suppressionSetting, Action`1 suppressionChangedAction)}}{{ w SourceTree.Notifications.NotificationsManager.ShowNotificationDialog[T](String title, String message, String details, Tuple`2 customAction, String cancelLabel)}}{{ w SourceTree.Notifications.NotificationsManager.ShowNotificationDialogWithYesConfirmation(String title, String message, String details)}}{{ w SourceTree.Notifications.NotificationsManager.ShowNotificationDialogWithYesConfirmation(String title, String message)}}{{ w SourceTree.ViewModel.Git.GitPushDialogViewModel.FinalisePush()}}{{ w SourceTree.ViewModel.Git.GitPushDialogViewModel.SubmoduleDialogCompleted(AbstractDialogViewModel repoDlg, Int32 returnCode)}}{{ w SourceTree.ViewModel.AbstractDialogViewModel.Finish(Int32 returnCode)}}{{ w SourceTree.ViewModel.SubmoduleCheckDialogViewModel.<RefreshSubmodules>d__46.MoveNext()}}{{--- Koniec Å›ladu stosu z poprzedniej lokalizacji, w ktÃ³rej wystÄ…piÅ‚ wyjÄ…tek ---}}{{ w System.Runtime.ExceptionServices.ExceptionDispatchInfo.Throw()}}{{ w System.Runtime.CompilerServices.TaskAwaiter.HandleNonSuccessAndDebuggerNotification(Task task)}}{{ w System.Runtime.CompilerServices.TaskAwaiter.GetResult()}}{{ w SourceTree.ViewModel.RepoDialogContainer.<>c__DisplayClass9_0.<<PushDialog>b__0>d.MoveNext()}}"
Application get crashed while clicking on edit button in remote settings ,Done,Low,2021-04-05 07:59:00,2023-03-07 11:15:00,Git,This is my SourceTree UI after I used a rebase command in Git Bash:!image-2021-04-05-14-57-46-956.png!
Buffer overflow with git shell ,Done,Low,2021-04-02 17:03:00,2023-03-07 11:15:00,General,When I open the installer the logo pops up and then nothing happens. I have tried running it as administrator but this doesn't work either.a The error says:a *CompositionExceptiona [Errors occurred during discovery.]*a Any help with this would be greatly appreciated!
Unable to create pull request,Done,Low,2021-03-31 09:46:00,2023-03-07 11:15:00,Bitbucket,While clone / pull / fetch getting below error:!image-2021-03-31-09-44-20-968.png!
Report how conflict was resolved ,Done,Low,2021-03-30 11:10:00,2023-03-07 11:15:00,Bitbucket,"Hello,a we have this issue when pulling data from source tree and error message is below.git -c diff.mnemonicprefix=false -c core.quotepath=false --no-optional-locks fetch originfatal: unable to access 'https://progit.movilizer.com/professional-services/atlas-copco-mam2-forms/': SSL certificate problem: unable to get local issuer certificateCompleted with errors, see above.Please see attached picture for more details.Thank youJan!image-2021-03-30-13-10-02-735.png!a a "
'git lfs pull' called everytime when starting Sourcetree or opening a repository in a tab,Done,Low,2021-03-27 14:54:00,2023-03-07 11:15:00,Git,Terminal cannot be opened when system git is enabled in v3.3.4 or later. It was available in v3.2.6Nothing happens when I press the terminal button in the upper right corner.a sourcetree.loga -------------SourceTree.Repo.RepoHandlerGitOld] [Log] - UNable to bash start process for 'C:\Users\<project pass>'--------------a 
SourceTree insists handling a specific repo,Done,Low,2021-03-25 09:48:00,2023-03-07 11:15:00,UX,Every time I push a new branch for the first time and enable the checkbox for according branch I can see the branchname for the remote branch to be created is correctly set.But when I then hit push I get an error{{The Remote branch '' (local branch = 'EXAMPLE') is invalid.}}because the remote branch name was reset to an empty string.SeeÂ [these screenshots|[https://imgur.com/a/slVzVhb]|https://imgur.com/a/slVzVhb]The current workaround is enable - disable - enable the checkbox for this branch before hitting push.*NOTE: My SourceTree version is 3.3.4 but this version isn't available for selection below ....*
"SourceTree disappears when using ""Checkout in Sourcetree"" link from Bitbucket",Done,Low,2021-03-25 07:09:00,2023-03-07 11:15:00,Git,"I was using Git For Desktops with my repositories on github. When I moved all repositories over to bitbucket I thought it's a good idea to change to Sourcetree as well. Temporarily Sourcetree used to connect to some repositories in github before they got moved too.Currently I don't have any repositories in github - all are in bitbucket and I use for all repositories a bitbucket alias and account to login. The annoying problem i have is that I receive regularily the request to authenticate on github.com. Apart from that there is no other impact. I followed some older advice to use system git instead of embedded, cleared config settings. makes no difference. git pull on any repository works fine.Sourcetree v3.4.3 on Windows 10System Git version 2.29.2"
Not able to clone repos from bit bucket using source tree,Done,Low,2021-03-24 11:00:00,2023-03-07 11:15:00,Git,"I have pageant running continuously at startup (i.e. when I log in to my windows account on my machine). When I open sourcetree, and then close it again, sourcetree is erroneously closing pageant. If sourcetree is not configured to open pageant (at the time of starting sourcetree), it should also not then close pageant on exit.[Note: I have only experienced this issue since approximately 15 March 2021, following a windows update.]"
"""Run 'git lfs pull' now? is triggered on every startup",Done,Low,2021-03-22 12:16:00,2023-03-07 11:15:00,General,"Let me cite https://jira.atlassian.com/browse/SRCTREEWIN-12853>Neither the menu Action -> Open in Terminal nor the ""Terminal"" button on the upper right open the Embedded GIT anymore.a  This has stopped working in the last few days.This exactly what is happening to me right now. Differently from above, I'm using the system Git. * SourceTree v3.4.3 * Windows 10 Pro 20H2 19042.870 * System Git version 2.31.0.windows.1"
Unable to clone a repository,Done,Low,2021-03-05 21:20:00,2023-03-07 11:15:00,General,"Having a file ending with large hunk that is trimmed (ends with ""..."" and shows fewer lines).If I select some lines from hunk and press ""Stage lines"" results in error:`'git apply' failed with code 128: error: corrupt patch at line 13`"
"Launching SourceTree getting""Run  'git lfs pull' now"" prompt",Done,Low,2021-03-05 19:58:00,2023-03-07 11:15:00,General,"While viewing in-app diff of a staged file, I have a ""Hunk 45: Lines 1226-1373"" with greyed out ""Unstage hunk"" button.This hunk is last in file and ends with ""..."" at line 1352.Version 3.3.9"
Changing the remote repository path of project causes SourceTree to crash,Done,Low,2021-03-18 13:42:00,2023-03-07 06:11:00,Git,Version: ??? - 3.4.3Windows 10 ProHave been using Sourcetree for years now.I don't remember what version I was using when this issue first started but I just upgraded to 3.4.3 and it is still happening.Recently when every I click on New tab > Remote it crashes. I have two Remote repositories: Bitbucket (default/first) and GitHub. Show Organization Repos is checked. It appears to be cashing when trying to query/populate the repo drop down.Â Â Â Â 
Sourcetree asks to select a Credential Helper and doesn't clone,Done,Low,2021-03-18 09:29:00,2023-03-07 06:11:00,General,Following an update to Sourcetree it will usually kill the running instance of PuTTY (V 0.74) with the embedded version of PuTTY(V 0.70.2) so no keys are loaded and the saved session are not available.Killing the interloper and running my chosen version PuTTY Sourcetree continues quite happily.Â Sourcetree version running is 3.4.3 (no indication it's a beta)
Prompted to download GIT LFS everytime I open SourceTree 3.4.2,Done,Low,2021-03-18 00:18:00,2023-03-07 06:11:00,General,"If option is added to ignore EOL (CRLF v.s. LF) and .symlink files, Sourcetree for Win will be usable for my Linux Git repositories."
Sourcetree crashes upon cloning a repository,Done,Low,2021-03-17 16:38:00,2023-03-07 06:11:00,General,"when i try to merge the master branch into my branch, and i get a conflict of a file i changed and was deleted on the master branch, i cannot resolve the conflict.Â when i want to launch the external diff command the external diff command does not come up and the waiting window stays open forever until i cancel it manually.when i say resolve take theirs - it says the file is locked by the file system.when i say resolve take mine - source tree crashes.Â About says that i have version 3.4.3 not 3.4.3 beta, but could not select 3.4.3.However the same behaviour was before i updated."
External difftool extremely slow,Done,Low,2021-03-16 15:11:00,2023-03-07 06:11:00,Git,"I have setup Sourcetree so that it does not start pageant.I use many git tools on my machine and pageant is loaded at startup with specific scripts & keys.!image-2021-03-16-16-04-05-473.png!But when I close Sourcetree app, it stops my pageant process and thus I have to always restart it.I just re-installed Sourcetree on my new computer this week and used latest version 3.4.3.Â I was not facing the same behavior on my previous computer. Unfortunatelly I cannot say which version it was, but it was a 'quite' recent one (probably less than 6 months).Â _PS: 3.4.3 version is not available in the version list, so I put 3.4.3-beta_"
Troubles accessing REMOTES/origin,Done,Low,2021-03-16 10:51:00,2023-03-07 06:11:00,Git,"I am running Sourcetree for Windows 3.4.3 (Enterprise).I upgraded to the newest Git for Windows version, 2.31.0. With that upgrade, the ""Terminal"" button does not work anymore for Git Bash, i.e. nothing happens if I select it. If I disable ""Use Git Bash as default terminal"" in the options, it opens the Windows command prompt.With the older Git for Windows 2.30.2, it worked."
git-svn support does not work,Done,Low,2021-03-14 11:49:00,2023-03-07 06:11:00,Git,"My system git is installed via conda, it's path is {{C:\ProgramData\Miniconda3\Library\bin\git.exe}} (same as {{where git}} in {{cmd}}). But in SourceTree's {{user.config}}, I saw it's {{C:\ProgramData\Miniconda3\Library}}. And in Options -> Git, it shows {{C:\ProgramData\Miniconda3\Library\cmd\git.exe}}, but there's no {{cmd}} folder at all. Every time I restart SourceTree, it shows the system can't find the file specified. If I switch to the embedded git, there's no problem.Windows 10 ProSourceTree 3.4.3Git version 2.23.0.windows.1"
Rebase children of <commit> interactively... no longer works as before,Done,Low,2021-03-11 13:53:00,2023-03-07 06:11:00,General,"Im using araxis as external diff and merge tool.Diff works fineThe merge does not work for a time now the tool is launched but it gets worng parameters as file like:File_LOCAL_15860.csÂ File_BASE_15860.csÂ File_REMOTE_15860.csBut these files does not exist, the file created are named like:.merge_file_a12808Â .merge_file_a13344Â .merge_file_a17728Â Im using version 3.4.3 (Dont exist in the affcted versions :/)"
RCE via git-lfs in Sourcetree for Windows - CVE-2020-27955,Done,Low,2021-02-14 11:25:00,2023-03-07 06:11:00,General,"I used to use perfore and visual client before. they had that feature i used a lot and i am missing this with sourcetree.e.g on visual studio or notepad++, or from a log file. simply copy a file path string into the clipboard and paste it into the client to select a file.a That simplifies searching for it and helps a lot.a Sourcetree should go to filestatus and select the file, so that i see the file state (pending, conflict etc) and can diff it or view history, blame etc...a "
Problems with Bitbucket Server Integration in Sourcetree Enterprise,Done,Low,2021-03-08 19:28:00,2023-03-07 06:11:00,General,"a  Hi!Please could you add [WinMerge|https://winmerge.org/] to the merge tool selection as it has supported 3-way merge since [early 2018|https://github.com/WinMerge/winmerge/blob/master/Docs/Users/ChangeLog.md#winmerge-2152---2018-01-28]? Thank you!a h3. Current situation (Tested on Sourcetree 3.4.3 Windows 64-bit):WinMerge is not available in the ""Options > Diff > External Diff / Merge > Merge Tool"" dropdown box.h3. Desired outcome:WinMerge is available in thea ""Options > Diff > External Diff / Merge > Merge Tool"" dropdown box and merging using it works.a ----h3. Background / related issues:h4. Related bug:The buga SRCTREEWIN-4572 (""Can't select WinMerge as merge tool"") from 2016 was Done because WinMerge didn't yet support a 3-way merge. But as of 2018-01-28 WinMerge has supported 3-way merge (See WinMerge [2.15.2 changelog|https://github.com/WinMerge/winmerge/blob/master/Docs/Users/ChangeLog.md#winmerge-2152---2018-01-28] from 2018-01-28: ""Add support for 3-way compare/merge""). I tried today (2021-03-08) using WinMerge 3-way merge with the custom merge option using the information from this [Sourcetree Community question|https://community.atlassian.com/t5/Sourcetree-questions/Can-t-launch-external-merge-tool-WinMerge-on-Windows/qaq-p/315156] and it worked okay.h4. Currently working custom merge options for WinMerge:The options I used in Sourcetree 3.4.3 for Windows 64-bit with WinMerge 2.16.10.0 x64 and which worked for merging: * Options > Diff > External Diff / Merge: ** Merge Tool: Custom ** Merge Command: C:\Program Files\WinMerge\WinMergeU.exe *** Arguments:{noformat}-wl -wr -dl Remote -dm Base -dr Local \""$REMOTE\"" \""$BASE\"" \""$LOCAL\"" -o \""$MERGED\""{noformat}a "
Remote project configuration error when creating a Pull Request after starting app,Done,Low,2021-03-08 10:15:00,2023-03-07 06:11:00,Git,"Being prompted to ""Run 'git lfs pull' now?"" despite all lfs files up to date when open a tab to a repository.Looks like the implementation ofa RepoHandlerGitOld.NeedsLargeFilesPull has been not quite right for a while.According to the lfs [source|https://github.com/git-lfs/git-lfs/blob/2e1d981afbe33bd6b9bebb9943daf236636e5e33/commands/command_ls_files.go#L149]a for the output,a *ALL* files will be output. Those that exist and are the same size will be annotated with a '*', those that don't with a '-'.{{701ab1713a2cacb797738ab5220a5ed640f1c38affb71e83cc6ac9bd53c35d13 - deletedfile.txt}} {{a6c2fde49d61d6226446ff0fb3d78db15ebae71da9fb505e17a32a1cb4f93ac4 * intactfile.txt}}Currently, SourceTree will prompt if the *first* line matchesa  ""[0-9a-fA-F]\{64} . .+"", which is always.a Proposed fix:Change the regex to search for ""[0-9a-fA-F]\{64} *-* .+"" (changing the first dot to a minus) so that it only looks for files reported by LFS that need to be updated.a The reason that 3.4.1 doesn't have this issue, is that the *first* file will be investigated for a string that contains ""git-lfs.github.com"".a Related to #[13418|http://jira.atlassian.com/browse/SRCTREEWIN-13418]"
Dark mode still have some popup menu in Light background causing the text to be invisible,Done,Low,2021-03-07 10:40:00,2023-03-07 06:11:00,remote,"SourceTree 3.3.9 [26 May 2020] on windows 10when i try to access to the remote account page, SourceTree crash closing the applicationthen i cannot more manage my remote accountsÂ is it possible replicate the scenario in two way*first way to replicate the sceario:*1) create a new tab using the + button2) push the ""remote"" Icon on the top of the Tab menu*second way to replicate the sceario:*1) from the main menu select File > Clone/New2) in the page select the link ""remote account""Â actually my version has two account configured:bitbuker and github, look like that when i enter in the page is loading the info for the first account (bitbuker) beocuse it probably selected as default.Â Â Â "
Sourcetree v3.4.0 interactive rebase window is empty,Done,Low,2021-03-06 14:13:00,2023-03-07 06:11:00,General,"The branch tree on the left shows a tree according to branch names. The typical top levels are ""bugfix"", ""feature"", ""release"". This is how branches are named in large corporation.But every developer/manager has his own classification on top of those: ""currently coded by me"", ""monitored work of others"", ""almost done, but shelved for future releases"", etc.SourceTree is the personal tool.*Please, allow user to create groups of local branches with his/her own tags and to move local branches between these groups.*PS SourceTree already allows user to group local repositories into logical sets names as user wants these sets to be named. It is a good example."
Remote Crashes Application,Done,Low,2021-03-03 16:13:00,2023-03-07 06:11:00,UX,"As I have multiple projects with multiple repositories each, it would be great if I could group them, like tabs on Chrome."
Unable to retry auth after bad password entry (LFS?),Done,Low,2021-03-03 13:45:00,2023-03-07 06:11:00,Git,"I had three files with detected changes: two were .resx files, the other one was a submodule file.As soon as I selected the first one, and tried to select the second, SourceTree froze, and Done after a while.The Windows Event Viewer reports this exception:{code:java}Application: SourceTree.exeFramework Version: v4.0.30319Description: The process was terminated due to an unhandled exception.Exception Info: System.InvalidOperationException   at DynamicData.Kernel.OptionExtensions.ValueOrThrow[[DynamicData.Kernel.ItemWithIndex`1[[System.__Canon, mscorlib, Version=4.0.0.0, Culture=neutral, PublicKeyToken=b77a5c561934e089]], DynamicData, Version=6.13.0.0, Culture=neutral, PublicKeyToken=null]](DynamicData.Kernel.Optional`1<DynamicData.Kernel.ItemWithIndex`1<System.__Canon>>, System.Func`1<System.Exception>)   at DynamicData.List.Internal.Filter`1[[System.__Canon, mscorlib, Version=4.0.0.0, Culture=neutral, PublicKeyToken=b77a5c561934e089]].Process(DynamicData.ChangeAwareList`1<ItemWithMatch<System.__Canon>>, DynamicData.IChangeSet`1<ItemWithMatch<System.__Canon>>)   at System.Reactive.Linq.ObservableImpl.Select`2+Selector+_[[System.__Canon, mscorlib, Version=4.0.0.0, Culture=neutral, PublicKeyToken=b77a5c561934e089],[System.__Canon, mscorlib, Version=4.0.0.0, Culture=neutral, PublicKeyToken=b77a5c561934e089]].OnNext(System.__Canon)   at System.Runtime.ExceptionServices.ExceptionDispatchInfo.Throw()   at System.Reactive.Stubs+<>c.<.cctor>b__2_1(System.Exception)   at System.Reactive.ObserverBase`1[[System.__Canon, mscorlib, Version=4.0.0.0, Culture=neutral, PublicKeyToken=b77a5c561934e089]].OnError(System.Exception)   at System.Reactive.AutoDetachObserver`1[[System.__Canon, mscorlib, Version=4.0.0.0, Culture=neutral, PublicKeyToken=b77a5c561934e089]].OnErrorCore(System.Exception)   at System.Reactive.ObserverBase`1[[System.__Canon, mscorlib, Version=4.0.0.0, Culture=neutral, PublicKeyToken=b77a5c561934e089]].OnError(System.Exception)   at System.Reactive.Sink`1[[System.__Canon, mscorlib, Version=4.0.0.0, Culture=neutral, PublicKeyToken=b77a5c561934e089]].ForwardOnError(System.Exception)   at System.Reactive.Sink`1[[System.__Canon, mscorlib, Version=4.0.0.0, Culture=neutral, PublicKeyToken=b77a5c561934e089]].ForwardOnError(System.Exception)   at System.Reactive.Concurrency.Synchronize`1+_[[System.__Canon, mscorlib, Version=4.0.0.0, Culture=neutral, PublicKeyToken=b77a5c561934e089]].OnError(System.Exception)   at System.Reactive.Sink`1[[System.__Canon, mscorlib, Version=4.0.0.0, Culture=neutral, PublicKeyToken=b77a5c561934e089]].ForwardOnError(System.Exception)   at System.Reactive.ObserveOnObserverNew`1[[System.__Canon, mscorlib, Version=4.0.0.0, Culture=neutral, PublicKeyToken=b77a5c561934e089]].DrainStep(System.Collections.Concurrent.ConcurrentQueue`1<System.__Canon>)   at System.Reactive.ObserveOnObserverNew`1[[System.__Canon, mscorlib, Version=4.0.0.0, Culture=neutral, PublicKeyToken=b77a5c561934e089]].DrainShortRunning(System.Reactive.Concurrency.IScheduler)   at System.Reactive.Concurrency.DispatcherScheduler+<>c__DisplayClass12_0`1[[System.__Canon, mscorlib, Version=4.0.0.0, Culture=neutral, PublicKeyToken=b77a5c561934e089]].<Schedule>b__0()   at System.Windows.Threading.ExceptionWrapper.InternalRealCall(System.Delegate, System.Object, Int32)   at System.Windows.Threading.ExceptionWrapper.TryCatchWhen(System.Object, System.Delegate, System.Object, Int32, System.Delegate)   at System.Windows.Threading.DispatcherOperation.InvokeImpl()   at MS.Internal.CulturePreservingExecutionContext.CallbackWrapper(System.Object)   at System.Threading.ExecutionContext.RunInternal(System.Threading.ExecutionContext, System.Threading.ContextCallback, System.Object, Boolean)   at System.Threading.ExecutionContext.Run(System.Threading.ExecutionContext, System.Threading.ContextCallback, System.Object, Boolean)   at System.Threading.ExecutionContext.Run(System.Threading.ExecutionContext, System.Threading.ContextCallback, System.Object)   at MS.Internal.CulturePreservingExecutionContext.Run(MS.Internal.CulturePreservingExecutionContext, System.Threading.ContextCallback, System.Object)   at System.Windows.Threading.DispatcherOperation.Invoke()   at System.Windows.Threading.Dispatcher.ProcessQueue()   at System.Windows.Threading.Dispatcher.WndProcHook(IntPtr, Int32, IntPtr, IntPtr, Boolean ByRef)   at MS.Win32.HwndWrapper.WndProc(IntPtr, Int32, IntPtr, IntPtr, Boolean ByRef)   at MS.Win32.HwndSubclass.DispatcherCallbackOperation(System.Object)   at System.Windows.Threading.ExceptionWrapper.InternalRealCall(System.Delegate, System.Object, Int32)   at System.Windows.Threading.ExceptionWrapper.TryCatchWhen(System.Object, System.Delegate, System.Object, Int32, System.Delegate)   at System.Windows.Threading.Dispatcher.LegacyInvokeImpl(System.Windows.Threading.DispatcherPriority, System.TimeSpan, System.Delegate, System.Object, Int32)   at MS.Win32.HwndSubclass.SubclassWndProc(IntPtr, Int32, IntPtr, IntPtr)   at MS.Win32.UnsafeNativeMethods.DispatchMessage(System.Windows.Interop.MSG ByRef)   at System.Windows.Threading.Dispatcher.PushFrameImpl(System.Windows.Threading.DispatcherFrame)   at System.Windows.Application.RunDispatcher(System.Object)   at System.Windows.Application.RunInternal(System.Windows.Window)   at SourceTree.App.Main(){code}"
Source tree 3.3.8  massive performance issue ,Done,Low,2021-03-03 10:37:00,2023-03-07 06:11:00,Mercurial,I have the exact same problem described [here|https://community.atlassian.com/t5/Sourcetree-questions/Mercurial-not-found/qaq-p/351705]Cannot browse to System Mercurial. Explorer window doesent open. this happens on enabling mercurial (no embedded downloaded) and switching from embedded to system.Happens onon 3.4.3 and 3.3.9Reinstall. Delete Preferences. Doesent help.Running a *German* Win10x64 system.Collegue runs similar system but *englisch* Win10x64: Does not have the problem!a Very annoying as i need the 64bit version urgently and embedded is only 32 bit.
Can't clone repository on Windows,Done,Low,2021-02-17 11:43:00,2023-03-07 06:11:00,Git,"Subwindow drap and drop can not be dropped at any position in File Status and History tabs for notebook screen proportion.1. Open a project with many commits and a scroll on upper subwindows (commit tree subwindow);2. Drag horizontal line on a display (it saves any location, very responsive), and thenrepaet same drag and drop on notebook window (issue: the line will not be as responsive or stops moving).Expected: hrozintal line can be moved and dropeed at any position for any screen size and proportion (both display and notebook).a a !image-2021-02-17-14-43-25-633.png|width=491,height=138!!image-2021-02-17-14-35-33-158.png!"
Freeze/hang when scrolling file diff,Done,Low,2021-03-01 05:48:00,2023-03-07 06:11:00,General,"Please add the ability to copy text from the file path, which is shown on the right above the diff of changes.a This feature can be seen in TortoiseHg as an example.a There any text can be selected and copied, it is very convenient and speeds up the work."
Cannot pull changes ,Done,Low,2021-02-26 17:00:00,2023-03-07 06:11:00,Git,"There was an argument injection vulnerability in SourceTree for Windows introduced through git-lfs. An attacker could create a malicious repository which, after being cloned in SourceTree for Windows and enabled with git-lfs, is able to exploit this issue to gain code execution on the system.Â *This is the result of an incomplete fix for CVE-2020-27955**Affected versions:* * VersionÂ 3.4.2 and earlierÂ *Fix* * You can download the latest version ofÂ the [standard installer|https://product-downloads.atlassian.com/software/sourcetree/windows/ga/SourceTreeSetup-3.3.9.exe] or the [enterprise installer|https://product-downloads.atlassian.com/software/sourcetree/windows/ga/SourcetreeEnterpriseSetup_3.3.9.msi].Â For additional details, see the [full advisory|https://confluence.atlassian.com/display/SOURCETREEKB/SourceTree+for+Windows+Security+Advisory+24th+March+2021]"
"Git - Enabling ""Push all tags to remotes"" will cause Push to never finish",Done,Low,2021-02-25 18:04:00,2023-03-07 06:11:00,General,"in the file Listing section (where you can select files tracked, pending, conflicts etc) It would be useful to be able to Sort by Modified Date.a "
Sourcetree crashes on launch 99% of the time,Done,Low,2021-02-25 16:05:00,2023-03-07 06:11:00,General,"The current Sourcetree version 3.4.3 terminates a running pageant process even though it was not started by Sourcetree.The corresponding option to start pageant when Sourcetree is started is disabled. The running pageant process should not be touched by Sourcetree if it was not started by Sourcetree itself.This behavior has not been noticeable in previous versions. This behavior is traceable on two different Windows installations.Besides, the versions of putty-tools installed with Sourcetree are a bit outdated.The current version 3.4.3 cannot (yet) be selected for the bugreport."
'Keep staged changes' checkbox doesn't work when stashing changes,Done,Low,2021-02-25 10:38:00,2023-03-07 06:11:00,General,"corresponding option in options is activatedtyping any nonsense word as commit message does not rise red wavy highlighta it is freshly installed Win 10 machine, the spell checker worked before I reinstalled the system (there was Win 7 updated to 10 earlier)checked with any recent Source tree version 3.x also with 3.4.3 (which is not yet available on the drop down list below)"
External diff on logged file opens diff for selected file in repo,Done,Low,2021-02-24 06:31:00,2023-03-07 06:11:00,remote,"It need perl.exe.perl.exe and other ina C:\Program Files\Git\usr\bina a I try mkdir C:\Program Files\Git\usr\path_bin and set systemPath, and copy file: * msys-2.0.dll * msys-crypt-0.dll * msys-perl5_32.dll * perl.exeit showa {code:java}Can't load '/usr/lib/perl5/vendor_perl/auto/SVN/_Core/_Core.dll' for module SVN::_Core: No such file or directory at /usr/lib/perl5/core_perl/DynaLoader.pm line 193. at /usr/lib/perl5/vendor_perl/SVN/Base.pm line 59.BEGIN failed--compilation aborted at /usr/lib/perl5/vendor_perl/SVN/Core.pm line 5.Compilation failed in require at /usr/lib/perl5/vendor_perl/SVN/Client.pm line 4.BEGIN failed--compilation aborted at /usr/lib/perl5/vendor_perl/SVN/Client.pm line 4.Compilation failed in require at C:\Users\linwc\AppData\Local\SourceTree\app-3.4.2\tools\svn.pl line 2.BEGIN failed--compilation aborted at C:\Users\linwc\AppData\Local\SourceTree\app-3.4.2\tools\svn.pl line 2.{code}a "
Continue rebase fails,Done,Low,2021-02-23 11:14:00,2023-03-07 06:11:00,General,Sourcetree closes pageant on exit even if it hadn't been started by Sourcetree.*Issue reproduction:* # Make sure that Options->General->'Automatically start SSH agent when Sourcetree opens' option is disabled and close Sourcetree. # Start external (=not provided with Sourcetree) pageant instance. # Start Sourcetree. # Close Sourcetree_Result:_Pageant is Done._Expected behaviour:_Sourcetree should not stop pageant if it hadn't been started by Sourcetree. Pageant can be used by other applications.a 
config file sourcetreeconfig.json is reset after each start of sourcetree,Done,Low,2021-02-23 08:06:00,2023-03-07 06:11:00,General,"It looks like SourceTree is trying to kill PAgent, but crashes because it doesn't have permissions to kill a PAgent process owned by another user.a Steps to reproduce:1) Windows Login to User A, and launch pagent2) Fast user switch to User B, who's not an admin3) Launch SourceTree4) SourceTree crashes"
Same name of repos,Done,Low,2021-02-22 09:45:00,2023-03-07 06:11:00,Bitbucket,bash: /dev/tty: No such device or address error: failed to execute prompt script (exit code 1)bash: /dev/tty: No such device or address error: failed to execute prompt script (exit code 1)stty: 'standard input': Inappropriate ioctl for device
Whenever I start Sourcetree I get a tiny Pageant credentials dialog,Done,Low,2021-02-22 06:00:00,2023-03-07 06:11:00,Git,"h3. Issue SummarySourcetree closes on Cancelling the checking out branch from browserh3. Steps to Reproduce1. Go to any Bitbucket repository in browserÂ https://bitbucket.org/2. Navigate to ""Branches""3. Select any branch4. Click ""Checkout"" => ""Checkout in sourcetree""5. Click ""Open sourcetree"" in browser popup.6. Click ""Cancel"" in Sourcetree ""URL actions"" popuph3. Expected ResultsApplication shouldn't close.h3. Actual ResultsApplication closes unexpectedly.h3. Workaround Currently there is no known workaround for this behavior. A workaround will be added here when available"
"Crash on ""Show In Explorer""",Done,Low,2021-02-18 21:35:00,2023-03-07 06:11:00,General,"When adding a new tag Sourcetree uses the current date on that tag. The tag date is then used by the Github UI for ordering releases. If tags were not added chronologically, the releases are displayed out of sequence.a This can be avoided by settinga GIT_COMMITTER_DATE to the date of the commit before adding the tag.a I suggest adding this as an option under the Advanced Options of the Tag dialog."
Source Tree unable to recognize deleted Brunches by other tool,Done,Low,2021-02-18 06:32:00,2023-03-07 06:11:00,remote,"This concerns sourcetree 3.4.2 for Windows 10. No matter how much I try, it remains undetected. The remote toolbar shows a red exclamation mark even after github website has been properly connected with username & password keyed in. Please fix this."
Github basic login with PAT fails with unhelpful error,Done,Low,2021-02-14 16:13:00,2023-03-07 06:11:00,General,"SourceTree creates the temporary files but beyond compare is not launched. Same for KDiff.> Files created:Program_BACKUP_1447.csProgram_BASE_1447.csProgram_LOCAL_1447.csProgram_REMOTE_1447.cs> Logs:[ { ""Command"": ""git -c diff.mnemonicprefix=false -c core.quotepath=false --no-optional-locks status --porcelain --ignore-submodules=dirty --untracked-files=all --no-ahead-behind"", ""Directory"": ""C:\\Source\\_GIT\\amittest"", ""Status"": ""Finished"", ""Duration"": ""00:00:00.0641203"", ""CallerContext"": ""GetFileStatus"", ""Output"": ""UU amitTest/Program.cs\n"" }, { ""Command"": ""git -c diff.mnemonicprefix=false -c core.quotepath=false --no-optional-locks status --porcelain --ignore-submodules=dirty --untracked-files=all --no-ahead-behind"", ""Directory"": ""C:\\Source\\_GIT\\amittest"", ""Status"": ""Finished"", ""Duration"": ""00:00:00.0598416"", ""CallerContext"": ""GetStatusProcess"", ""Output"": ""UU amitTest/Program.cs\n"" }, { ""Command"": ""git -c diff.mnemonicprefix=false -c core.quotepath=false --no-optional-locks rev-parse HEAD"", ""Directory"": ""C:\\Source\\_GIT\\amittest"", ""Status"": ""Finished"", ""Duration"": ""00:00:00.0309172"", ""CallerContext"": ""Summary"", ""Output"": ""d017f82712398519705ad2143e57e10a89f329a0\n"" }, { ""Command"": ""git -c diff.mnemonicprefix=false -c core.quotepath=false --no-optional-locks remote show -n origin"", ""Directory"": ""C:\\Source\\_GIT\\amittest"", ""Status"": ""Finished"", ""Duration"": ""00:00:00.0498669"", ""CallerContext"": ""GetRemoteInfo"", ""Output"": ""* remote origin\n Fetch URL: https://azo747@bitbucket.org/rosemantech/amittest.git\n Push URL: https://azo747@bitbucket.org/rosemantech/amittest.git\n HEAD branch: (not queried)\n Remote branches: (status not queried)\n A\n B\n master\n Local branches configured for 'git pull':\n A merges with remote A\n B merges with remote B\n master merges with remote master\n Local ref configured for 'git push' (status not queried):\n (matching) pushes to (matching)\n"" }, { ""Command"": ""git -c diff.mnemonicprefix=false -c core.quotepath=false --no-optional-locks config push.default"", ""Directory"": ""C:\\Source\\_GIT\\amittest"", ""Status"": ""Finished"", ""Duration"": ""00:00:00.0443166"", ""CallerContext"": ""GetGeneralConfig"", ""Output"": """" }, { ""Command"": ""git -c diff.mnemonicprefix=false -c core.quotepath=false --no-optional-locks mergetool -y --tool=sourcetree -- amitTest/Program.cs"", ""Directory"": ""C:\\Source\\_GIT\\amittest"", ""Status"": ""Finished"", ""Duration"": ""00:00:01.6232054"", ""CallerContext"": ""GetVisualMergeProcess"", ""Output"": ""Merging:\namitTest/Program.cs\n\nNormal merge conflict for 'amitTest/Program.cs':\n \{local}: modified file\n \{remote}: modified file\n"" }, { ""Command"": ""git -c diff.mnemonicprefix=false -c core.quotepath=false --no-optional-locks status --porcelain --ignore-submodules=dirty --untracked-files=all --no-ahead-behind"", ""Directory"": ""C:\\Source\\_GIT\\amittest"", ""Status"": ""Finished"", ""Duration"": ""00:00:00.0598399"", ""CallerContext"": ""GetFileStatus"", ""Output"": ""UU amitTest/Program.cs\n?? amitTest/Program_BACKUP_1447.cs\n?? amitTest/Program_BASE_1447.cs\n?? amitTest/Program_LOCAL_1447.cs\n?? amitTest/Program_REMOTE_1447.cs\n"" }, { ""Command"": ""git -c diff.mnemonicprefix=false -c core.quotepath=false --no-optional-locks status --porcelain --ignore-submodules=dirty --untracked-files=all --no-ahead-behind"", ""Directory"": ""C:\\Source\\_GIT\\amittest"", ""Status"": ""Finished"", ""Duration"": ""00:00:00.0558506"", ""CallerContext"": ""GetStatusProcess"", ""Output"": ""UU amitTest/Program.cs\n?? amitTest/Program_BACKUP_1447.cs\n?? amitTest/Program_BASE_1447.cs\n?? amitTest/Program_LOCAL_1447.cs\n?? amitTest/Program_REMOTE_1447.cs\n"" }, { ""Command"": ""git -c diff.mnemonicprefix=false -c core.quotepath=false --no-optional-locks diff --unified=3 -M d017f82712398519705ad2143e57e10a89f329a0 --no-color -- amitTest/Program.cs"", ""Directory"": ""C:\\Source\\_GIT\\amittest"", ""Status"": ""Finished"", ""Duration"": ""00:00:00.0528606"", ""CallerContext"": ""GetFileDiffAgainstBaseProcess"", ""Output"": ""diff --git a/amitTest/Program.cs b/amitTest/Program.cs\nindex c32ff5c..696c1ba 100644\n--- a/amitTest/Program.cs\n+++ b/amitTest/Program.cs\n@@ -10,7 +10,11 @@ namespace amitTest\n \{\n static void Main(string[] args)\n {\n+<<<<<<< .merge_file_a15740\n Console.WriteLine(\""hello new GIT world (branch B)\"");\n+=======\n+ Console.WriteLine(\""hello new GIT world (branch A)\"");\n+>>>>>>> .merge_file_a06748\n }\n }\n }\n"" }, { ""Command"": ""git -c diff.mnemonicprefix=false -c core.quotepath=false --no-optional-locks rev-parse HEAD"", ""Directory"": ""C:\\Source\\_GIT\\amittest"", ""Status"": ""Finished"", ""Duration"": ""00:00:00.0089755"", ""CallerContext"": ""Summary"", ""Output"": ""d017f82712398519705ad2143e57e10a89f329a0\n"" }, { ""Command"": ""git -c diff.mnemonicprefix=false -c core.quotepath=false --no-optional-locks remote show -n origin"", ""Directory"": ""C:\\Source\\_GIT\\amittest"", ""Status"": ""Finished"", ""Duration"": ""00:00:00.0069807"", ""CallerContext"": ""GetRemoteInfo"", ""Output"": ""* remote origin\n Fetch URL: https://azo747@bitbucket.org/rosemantech/amittest.git\n Push URL: https://azo747@bitbucket.org/rosemantech/amittest.git\n HEAD branch: (not queried)\n Remote branches: (status not queried)\n A\n B\n master\n Local branches configured for 'git pull':\n A merges with remote A\n B merges with remote B\n master merges with remote master\n Local ref configured for 'git push' (status not queried):\n (matching) pushes to (matching)\n"" }, { ""Command"": ""git -c diff.mnemonicprefix=false -c core.quotepath=false --no-optional-locks config push.default"", ""Directory"": ""C:\\Source\\_GIT\\amittest"", ""Status"": ""Finished"", ""Duration"": ""00:00:00.0438831"", ""CallerContext"": ""GetGeneralConfig"", ""Output"": """" }]"
New files only shown when unstaged set to Clean or All,Done,Low,2021-02-12 22:16:00,2023-03-07 06:11:00,Git,"At startup and at various points after that, SourceTree takes 100% disk usage making the system unusable to minutes sometimes. I have reinstalled SourceTree after doing a complete cleanup and that has not helped. "
Sourcetree hangs when I mousewheel on the diff. area on the bottom right corner,Done,Low,2021-02-10 17:46:00,2023-03-07 06:11:00,Git,"*BUG:* When trying to copy a code snippet from a file listed in a commit history, the application goes unresponsive and the code isn't copied to the clipboard.*EXPECTED BEHAVIOUR:* When trying to copy a code snippet from a file listed in a commit history, the application should not go unresponsive and the code snippet should be copied to the users clipboard."
Typo in German translation for pulling a branch,Done,Low,2021-02-09 02:05:00,2023-03-07 06:11:00,UX,"In version 3.4.2,Intermittently you can see small windows appearing in middle of screen, they do constantly log into GitHub/GitLab.Couldn't these things happen under the hood and stay invisible for the end user?Below, a link to a small GIF showing the window briefly appearing and disappearing:[https://ibb.co/0K9QR13]Â Thank you"
cant add more than one Azure devops account from 2 different emails/users - wrong user is sent through,Done,Low,2021-02-08 09:10:00,2023-03-07 06:11:00,Git,"h3. Issue SummaryClicking on launch SSH agent option does nothingh3. Steps to Reproduce1. Deploy Windows 10 18363 OS build. 2. Perform Windows Updates. 3. Install application from vendor site. 4. Click on Bitbucket and create a new account (for new user). 5. After completion the authentication, it will complete the installation setup. 6. Launch the application then, will get a pop up of SSH key . 7. Close the popup box and continue. 8. Then, perform upgrade to latest OS build. 9. Launch the application from start menu. 10. Login in to the application with valid credentials. 11. Click on Tools menu. 12. Click on Launch SSH agent option in tools menu. 13. Observe the issue. h3. Expected Resultswhile clicking ona œLaunch SSH agenta  option in the application, a dialog box should pop up and ask for SSH keyh3. Actual Resultswhile clicking ona œlaunch SSH agenta  option in the application , it shows nothing.h3. WorkaroundNo workaround"
It will always add user document to tab when open the process,Done,Low,2021-02-08 08:59:00,2023-03-07 06:11:00,Git,h3. Issue SummarySourcetree freezesh3. Steps to Reproduce # Usinga *3.4.2*a I am experiencing the same freezes. Sourcetree just gets stuck until I kill it from the task manager.For me the trigger for the freeze is putting Sourctree in the background for 5 minutes.CPU: AMD Ryzen Pro 4750URAM: 32 GBScreen: 4k connected to HDMI port of the laptoph3. Expected ResultsSourcetree should not freezeh3. Actual ResultsShould not freeze{noformat}...{noformat}h3. WorkaroundNo workaround
Stages and Unstaged files area is not getting updated/refreshed,Done,Low,2021-02-07 15:51:00,2023-03-07 06:11:00,General,"If the repository list is large enough to require a scroll bar, it is very likely to freeze the sourcetree application window for a few seconds or indefinitely.Usually doesn't show up as ""Not Responding"", just a slightly higher CPU usage and unresponsive window. I then have to terminate the process and start it again, but with a large repository list it is almost guaranteed that my window will freeze within 5 seconds of opening the local repository list.Placing repos in folders helps to some extent, at this point I am not able to re-arrange the folders without freezing and simply resort to using the system file explorer or searching by the name directly without opening any folders.I check for updates for it says I am up-to-date. My version:a 3.8.8.3848. Since it didn't show up in the list of versions I selected the closest one.Steps:- Add repositories until the scrollbar appears in the Local Repository list- Scroll, select repos, open folders, for a few seconds (usually 5s)- Window will start freezing"
Staged files view does not update after adding files,Done,Low,2021-02-05 11:05:00,2023-03-07 06:11:00,General,"Steps to reproduce: # Open repository settings # Go to edit remote dialog # Fill in Legacy account settings i.e. for Bitbucket Server # Click Ok in Remote details dialog # Click Ok Repository settings dialog # Restart SourceTree # Open Remote details againExpected integration settings to be savedActually, integration settings are empty"
SourceTree starts then Closes - even after uninstal and remove local appdata - where is the list of connections its is trying,Done,Low,2021-02-05 09:54:00,2023-03-07 06:11:00,Git,"- Open SourceTree - Go to Settings - Click on remote - Click on the edit button - Applications get crash !image-2021-02-05-15-21-34-737.png|width=1769,height=995!"
SourceTree freezes when scrolling down,Done,Low,2021-02-04 08:03:00,2023-03-07 06:11:00,Git,"Hello everyone,a My company is reporting me multiple buffer overflow on my machine (4000 per day) created bt this tool:c:\users\<username>\appdata\local\atlassian\sourcetree\git_local\usr\bin\sh.exeThis is considered a dangerous behaviour so we need to investigate.Does anyone has any idea about why ?a Thank you"
SourceTree crashes after checkout of a BitBucket Repo in SourceTree,Done,Low,2021-02-03 15:14:00,2023-03-07 06:11:00,branch,"Since installing version 3.4.2 of Sourcetree for Windows, I am not able to create pull requests.My previous version of Sourcetree was 3.3.9, so I don't know where the problem started.I have tried uninstalling Sourcetree completely and reinstalling it, but the problem still persist.This is a problem similar to the one reported here https://jira.atlassian.com/browse/SRCTREEWIN-12482 but this time the workaround doesn't work any more."
Tags that contain commas are cut off in the Sourcetree History View,Done,Low,2021-02-03 11:55:00,2023-03-07 06:11:00,Bitbucket,When delivering a resolution to a conflict there is no indication as to how the conflict was resolved.a  Knowing how the conflict was resolved is pretty essential in whether or not the pull request should be approved or denied.a example -a Merge branch 'test' into origin# Conflicts: # # x/models/x.slx # # x/models/x # # x/models/x.slxa 
Subtree Dissappears from Stash after Reopening Sourcetree,Done,Low,2021-02-02 16:36:00,2023-03-07 06:11:00,remote,"When trying to fetch or pull from my remote in sourcetree, if comes up with the error:git -c diff.mnemonicprefix=false -c core.quotepath=false --no-optional-locks fetch originremote: HTTP Basic: Access deniedfatal: Authentication failed for ""[my remote]""I don't know why it is doing this as I have the proper gitlab access and this hasn't been an issue previously. Under settings/authentication, it keeps asking me to authenticate my log in everytime I open this. I have tried re cloning my remote but it keeps coming up with authentication errors and the credential pop up does not appear"
Error message for failing conenction does not have enough info,Done,Low,2021-01-30 14:59:00,2023-03-07 06:11:00,General,"On application start there is 1 tab, which shows all repositories. * It has close button (x)Â (when it should not since the tab is un closable, because its default tab) * On right click it has default tab behaviour: close tab and other. (when it should not since the tab is un closable, because its default tab)Attaching sample:!image-2021-01-30-16-57-16-167.png!Version:!image-2021-01-30-16-58-24-425.png!"
Remote repositories search can't find some repos,Done,Low,2021-02-01 12:37:00,2023-03-07 06:11:00,Bitbucket,"I just installed *SourceTree* version *3.4.2* and find that I cannot create a pull request.In the previous version (not remembering which one I had installed) I could solve this with the recommendation indicated in [https://community.atlassian.com/t5/Sourcetree-questions/Unable-to-Create-Pull-Request-Default-Browser-Empty/qaq-p/1213475].But this no longer works. To be able to do the pull request I must do a _push_ and generate it directly on the web, this does work. But if I try it from SourceTree, a dialog tells me that ""You don't have any remotes wich have extended integration settings configured, blablabla ..."".When trying a _push_, it is very likely that I need to refresh my OAuth token, which for some reason is lost for this operation only.As much as I update my credentials, do a refresh of the OAuth token, nothing works.I can do _fetch, pull, tag, commit_ but not a _pull request_.Â I think it is important to mention that my account in bitbucket is through google, that is, I have not created a user. Under this condition, to reproduce the behavior you just have to create a branch from Sourcetree in any repository and then try to create a pull request.The _*Remote*_ button on the toolbar never changes state, always showing the _exclamation point_ even though my credentials and token are correct and up to date.Â "
Sourcetree is freesing on large binary files,Done,Low,2021-02-01 11:38:00,2023-03-07 06:11:00,branch,"Hi!I have this branch 'bugfixes/bug1' and ""Bugfixes/bug2'. I clearly made a typo, one starts with an uppercase B and the other with a lowercase b.When I use those branches locally sourcetree puts them automatically in the same folder: * bugfixes ** bug1 ** bug2This is no a bad thing in itself, it's actually a good thing. But when I try to push my commits to origin it tries to push them to 'bugfixes/bug2', that does not exist.Â It's like sourcetree uses the folder name to reconstruct the origin branch's name instead of the actual origin branch's name.Â The 'Affects Versions' field doesn't have the option but my version is 3.3.8.3848"
If I upload new application version to the server there is an error,Done,Low,2021-02-01 07:27:00,2023-03-07 06:07:00,Git,Every time when Sourcetree starts or a repository is opened in a tab it ask to run 'git lfs pull'. This is done for the same repositories on every startup even if there are no changes to that repository/clone.
Wrong link on report a bug form,Done,Low,2021-02-01 07:23:00,2023-03-07 06:07:00,General,"When selecting jump to -> commit... (on the right top below the settings button) the appearing window does not have an autofocus, so you can not directly pass the SHA in it.It would be nice if it would have an autofocus."
Crash on checking out branch from browser,Done,Low,2021-01-30 14:19:00,2023-03-07 06:07:00,Askpass,"Hi. Using SourceTree (ST) v3.1.2 (but problem exists also in the latest version).ST insists handling a specific repo upon any attempt to clone any other repo.Imagine this: You ask to clone repo A and get in return repo Z;a You ask to clone repo B and again repo Z is cloned (in this case, repo Z is called ""su4_pom_emv_shared"") .Actions done: * Uninstalled ST * Shift-del folder _Atlassian_a under c:\users\<user> * Shift-del folder _SourceTree_ under c:\users\<user> * Searched all over in the Registry for the problematic repo. Zero results * Searched all over in C: drive for suspicious files containing the name of the problematic repo. Zero results * Cleareda _Temp_ folder of Windows * Created fresh set of SSH keys (just in case) * Re-installed ST ** With and without Mercurial (same result) ** With and without keys (PuTTY / SSH) (same result)Now get this: As long as keep using ST without exiting the application, everything seems to be fine (i.e. capable to clone any repo plus even Branch, Merge, Push and Pull successfully). But once you *EXIT* the application and restart it - BOOM! it masses up (see enDone images)I get the error-message _*fatal: refused to merge unrelated histories*_ for**a _**_a no reasonAs a last resort I logged in Bitbucket and renamed the repo. Ever since everything got stuck.Moreover: $ git pull works fine; gitk (other git GUI) works fineWill appreciate to have any assistance to resolve this irritating problem.Thank you.Links to 3 images:[Image 1|https://drive.google.com/open?id=1mQsxgtbvVwfGUVUG8u2hefJL00io3hS2][Image 2|https://drive.google.com/open?id=1n4U-XVm30MAaRaCdeTrw8sVjtPMlFuzH][Image 3|https://drive.google.com/open?id=1WajxgXxZ7743bxPN4vs-0ObinQnj3UuV]a "
Repository settings in optional extended integration with e.g. Bitbucket Server are not persisted,Done,Low,2021-01-29 13:16:00,2023-03-07 06:07:00,Bitbucket,"I recently updated to SourceTree 3.4.2 and now when I try to clone a branch by clicking on a ""Checkout in Sourcetree"" link from our Bitbucket server, SourceTree simply disappears.a  I get the normal ""URL Actions"" window, and when I click *Checkout* (or even *Cancel*) the application simply closes: no error message and no crash dialog.a  When I re-open Sourcetree, the new branch has not been checked out.a  I've been working around this by checking out the branch from the ""Remotes"" node in the left hand pane.Is there any kind of log file that I could provide to help debug this problem?a  I looked ina C:\Users\<username>\AppData\Local\SourceTree and did not see anything."
Source v3.3.6 Refresh Issue,Done,Low,2021-01-28 15:22:00,2023-03-07 06:07:00,Bitbucket,"I am trying to clone repos from bitbucket from sourctree, it's always ending up with below error. I and my team have tried in so many ways, but it didn't resolved. it's only happening for my account.a Command: git -c diff.mnemonicprefix=false -c core.quotepath=false --no-optional-locks ls-remote https://NareshGarlapati@bitbucket.org/sc0p3Cr33p/factoryweb2.gitOutput:Error: remote: Invalid username or passwordfatal: Authentication failed for '[https://bitbucket.org/sc0p3Cr33p/factoryweb2.git/]'"
Crash on Edit Remote,Done,Low,2021-01-27 12:23:00,2023-03-07 06:07:00,Git,"On every startup, all git LFS repositories currently open trigger this dialogue:!image-2021-01-27-13-19-57-941.png!a See this thread for other people having the issues:https://community.atlassian.com/t5/Sourcetree-questions/sourcetree-asks-to-download-binary-content-for-git-lfs-on-every/qaq-p/1586342"
GitHub repositories are not showing in Remote repositories,Done,Low,2021-01-26 13:17:00,2023-03-07 06:07:00,General,Hi.I am making a simple custom action to push to Gerrit.$BRANCH is not replaced properly in parameter field if not preceded by a space.I need to have as a parameter to the git command:push origin HEAD:refs/for/$BRANCHThanksJean-Luc
"The tab name for the cloned repository overruns the close, 'x', button.",Done,Low,2021-01-22 21:13:00,2023-03-07 06:07:00,Bitbucket,"I am unable to clone a repository with in SouceTree.a  I am able to clone a repository via the command line successfully, but not able to do so in the SourceTree application.a  Here is the command line that we use for a successful clone:git.exe clone [https://crhodes@bitbucket.org/nemours/lawson.git]In SourceTree I can see all of the repositories, but I can not able to clone them in the app.a  Do you have any suggestions or thoughts on how this can be resolved."
Source tree Version 3.3.6 on Windows 10 Professional hangs,Done,Low,2021-01-22 17:07:00,2023-03-07 06:07:00,Git,"My company asks us to add a line in our commit message when we pair with another developer on a commit. We use Pluralsight Flow to scan our commits and provide metrics on developer productivity, collaboration, and knowledge sharing. It would be nice if Sourcetree had a way to append this line to commit messages for me so I don't have to type it out. The format we use is listed below.Co-authored-by: \{name} <\{email}>"
Keep Tree View / Flat List option separated for File Status and History,Done,Low,2021-01-21 14:56:00,2023-03-07 06:07:00,General,"Since updating to 3.4.2, I typically receive this popup when launching Sourcetree!image-2021-01-21-14-53-57-608.png|width=466,height=194!(Run 'git lfs pull' now?a  The repository .. is using Gif LFS but it appears the binary content hasn't been downloaded yet.a  Do you want to download the LFS files required by your current checkout?)I seem to get this every time I launch SourceTree, even if nothing has changed (and everything is already downloaded and\or clicking ""yes"", etc.)"
index.lock error when Visual Studio is opened,Done,Low,2013-12-16 07:42:00,2023-03-07 06:07:00,Git,"When changing te remote repository path through Settings > Remotes > Edit, SourceTree crashes after a short while (10 - 30 secs)."
Sourcetree keeps asking for password for bitbucket.org,Done,Low,2021-01-19 18:46:00,2023-03-07 06:07:00,Bitbucket,"I just upgraded Sourcetree to the enterprise version 3.4.1 and when viewing Remote repositories it is not showing all the remote Bitbucket server repos I have access to. The new feature of the Project dropdown list seems to not be functioning correctly and is sometimes not showing any of the repositories that exist in a Project or it is showing repos that exist in other projects.For example I have selected the project AP from the dropdown.!image-2021-01-19-12-41-13-234.png!However the list of repositories that is returned is completely random with none of the repos from the actual AP Bitbucket project being listed but repositories from other Bitbucket projects being listed, such as as repo call test_repo in the ALM project shows up.I am currently using Git for windows system version 2.29.2 and have tried with LibGit2 disabled and enabled an both produce the same issue.!image-2021-01-19-12-44-59-221.png!We are currently connecting to Bitbucket Server version 7.6.0."
SourceTree crashes every time I try to do a Checkout from Bitbucket,Done,Low,2021-01-18 14:16:00,2023-03-07 06:07:00,Git,"After creating a remote repository for GitLab CE host with Authentication OK, when trying to clone the repository, it opens a window asking to select a Credential Helper. No matter what Credential Helper we select, this windows keeps opening again and again after selecting.PS: We have already speak with Matej Vitez <matej.vitez@pricefx.com>"
Sourcetree auto suspend on Windows 10,Done,Low,2021-01-18 14:05:00,2023-03-07 06:07:00,Git,"When you choose to show all files in SourceTree, the icon for the ""clean"" folders and folders with pending changes (modified/untracked/etc.) is the same. Therefore, the user should expand the folders one by one manually to check if there is anything to add/commit there.The folders containing changes should have a slightly different icon so they are identified easily (similar to P4V)."
Scrolling to bottom of file content pane freezes program,Done,Low,2021-01-16 15:26:00,2023-03-07 06:07:00,General,"SourceTree Windows updated yesterday to 3.4.2, now everytime I open the app I get prompted to download Git LFS for every repository.a a Version is 3.4.2 which is not listed in Jira as an option."
Unable to open Kdiff3 external tool to resolve conflicts,Done,Low,2021-01-18 08:10:00,2023-03-07 06:07:00,General,All the latest versions for sourcetree (3.3.9 onwards) crash when I clone a repository. The cloning procedure completes successfully but then sourcetree crashes while adding the branch for the project etc.a 
commit time in 24h format ,Done,Low,2021-01-17 17:05:00,2023-03-07 06:07:00,General,"For some reason using sourcetree with external diff tool can be extremely slow sometimes.Waiting for more than a minute and still no response.a a This happened to me with BeyondCompare, meld,a  winmerge and I think I've attempted a few others as well. Not once did this issue happened to me with when I used Pycharm with Git and BeyondCompare.a a You should reopen this issue as *THIS IS A BUG*https://jira.atlassian.com/browse/SRCTREEWIN-1413"
Modal window for Create Patch not usable on smaller screens,Done,Low,2021-01-14 16:18:00,2023-03-07 06:07:00,Bitbucket,"I have 2 repos open that use LFS. Every time I launch Sourcetree since updating to v3.4.2 I gat two prompts to download LFS files.!image-2021-01-14-09-17-18-155.png!Every time I click Yes, the pull appears to be successful, but I get the same prompt again next time I launch. This did not happen prior to v3.4.2.Â "
3.3.9.3870 version crash sometime when trying to open a Repository  from local repositories,Done,Low,2021-01-14 07:08:00,2023-03-07 06:07:00,Git,"When changing the remote repository path through Settings > Remotes > Edit, SourceTree crashes after a short while (10 - 30 secs)."
Scrolling block,Done,Low,2021-01-14 00:47:00,2023-03-07 06:07:00,branch,"Since installing version 3.4.2 of Sourcetree for Windows, I am not able to create pull requests.My previous version of Sourcetree was 3.3.9, so I don't know where the problem started.I have tried uninstalling Sourcetree completely and reinstalling it, but the problem still persist.This is a problem similar to the one reported here https://jira.atlassian.com/browse/SRCTREEWIN-12482 but this time the workaround doesn't work any more."
Push popup has no branches listed and does not allow to proceed,Done,Low,2021-01-13 21:06:00,2023-03-07 06:07:00,remote,"* SSO/SAML enablement was completed recently * after that, though all the steps to use OAuth/token seem to be properly followed and msg of ""Authentication OK"" is shown, the following (or similar) message is seen every time I am trying to access Remotes by, say, using push/fetch/etc:_{color:#1f3864}remote: The `GenslerAppsPod' organization has enabled or enforced SAML SSO. To access{color}__{color:#1f3864}remote: this repository, you must use the HTTPS remote with a personal access token{color}__{color:#1f3864}remote: or SSH with an SSH key and passphrase{color}__{color:#1f3864}remote: that has been authorized for this organization. Visit{color}__{color:#1f3864}remote: [https://docs.github.com/articles/authenticating-to-a-github-organization-with-saml-single-sign-on/] for more information.{color}_a _{color:#1f3864}{color}_a a _{color:#1f3864}{color}_a _{color:#1f3864}fatal: unable to access 'https://boris-tiokhin-gensler@github.com/GenslerAppsPod/data-SQLDeployment.git/': The requested URL returned error: 403{color}__{color:#1f3864}Completed with errors, see above.{color}_"
Line not fully visible in diff,Done,Low,2021-01-11 10:54:00,2023-03-07 06:07:00,Git,"Using git-svn for clone, fetch ect. does not work. I never tried this before, but according to Blogposts for Version 1.4 a while ago git-svn at least was supported.When I enter the URL, I'm asked for credentials and authentication works. After that Sourcetree tells me that it is no valid URL. Details show these error:a {code:java}Command: git -c diff.mnemonicprefix=false -c core.quotepath=false --no-optional-locks ls-remote <myrepo>Output:Error: fatal: repository '<myrepo>' not foundCommand: perl.exe <SourceTree-InstallPath>\tools\svn.pl info <myrepo>Output:Error: System.ComponentModel.Win32Exception: The system cannot find the specified file{code}a Trying to install perl did not help and had no effect on these errors.a I performed the clone command on git bash and it worked. I could add the cloned repository to Sourcetree, performing a pull or fetch does not work. Sourcetree seems to hang on the authentication:{code:java}git -c diff.mnemonicprefix=false -c core.quotepath=false --no-optional-locks svn fetchAuthentication realm: <myrepo> VisualSVN Server{code}"
SourceTree 3.3.9 Windows Hangs,Done,Low,2021-01-08 12:34:00,2023-03-07 06:07:00,Git,"When you right click on a commit in the history view, and then select thea Rebase children of <commit> interactively... context menu option: the view pops up, but it doesn't show the available commits that you want to squash, or the buttons that allow you to edit the final commit message etc.Also, the Full Output contains a K in the prefix, and a space before the full stop. See below:[KSuccessfully rebased and updated ."
"Select Next Unstaged File when clicking ""Stage Selected""",Done,Low,2021-01-07 17:07:00,2023-03-07 06:07:00,Git,"There was an argument injection vulnerability in SourceTree for Windows introduced through git-lfs. An attacker could create a malicious repository which, after being cloned in SourceTree for Windows and enabled with git-lfs, is able to exploit this issue to gain code execution on the system.*Affected versions:* * Versiona 3.3.9a and earliera *Fix* * You can download the latest version ofa the [standard installer|https://product-downloads.atlassian.com/software/sourcetree/windows/ga/SourceTreeSetup-3.3.9.exe] or the [enterprise installer|https://product-downloads.atlassian.com/software/sourcetree/windows/ga/SourcetreeEnterpriseSetup_3.3.9.msi].a For additional details, see the [full advisory|https://confluence.atlassian.com/display/SOURCETREEKB/SourceTree+for+Windows+Security+Advisory+24th+March+2021]"
Big problems with high refresh rate monitors,Done,Low,2021-01-06 10:21:00,2023-03-07 06:07:00,Bitbucket,"SourceTree for WindowsÂ after update to 3.4.1 unable to create pull request - says thatWTF? I use Atlasian Bitbucket server, WHY this stuff is broken from version to version of SourceTree????""[Window Title]Remote project configuration[Content]You don't have any remotes which have extended integration settings configured; you need to edit your remotes to add details such as the hosting type and base URL. Click the Settings button to open your remote list.[Settings] [Cancel]"""
Accessing Remote Account closes Sourcetree,Done,Low,2021-01-05 10:43:00,2023-03-07 06:07:00,Stash,"When using ""Clone in Sourcetree"" from git repository in Bitbucket Server then following is saved in Remote Details:Remote Account: Generic Account Generic HostLegacy Account Settings:a  Host Type: Bitbucket Servera  Host Root Url: filleda  Username: filled # When closing and reopening Sourcetree all entries ina Legacy Account Settings and remote icon in the toolbar contains aa exclamation mark. Without this informationa ""Checkout in Sourcetree"" from an branch does not find the local repository. # After entering all the information again I try ""Checkout in Sourcetree"" again from an branch. The local repository is found now. But when I press the button ""Checkout"", Sourcetree crashes"
Display file details in the Unstaged pane,Done,Low,2021-01-05 05:16:00,2023-03-07 06:07:00,Git,h3. Issue SummaryI receive this error message any time I try to create a Pull Request after starting the app. I've tried all online fixes but this is definitely a bug. 
"Push Changes immediately to field frequently becomes ""-""",Done,Low,2021-01-05 00:56:00,2023-03-07 06:07:00,Git,"When I start Soucretree I am faced with a warning sign on the 'Remote'Â  icon. I click on it and I am faced with the error message ""Unable to open your web browser to 'git@vcs.....', do you have a default web browser set?""Â I have tried the methods on the internet:To click cance, go to settings, click the remote, don't change anything, click OK, then click OK again.The warning exclamation mark is still there.Â "
Huge diff loading shouldn't lock Sourcetree,Done,Low,2020-12-30 18:41:00,2023-03-07 06:07:00,Bitbucket,"The `.git` folder of my repo has completely vanished after sourcetree crashed.Does SourceTree keep a backup or cache it anywhere?Unfortunately I don't have much debug information to share so I understand if you close this issue, but I can describe what happened and some machine details.Very frustrating, lost 5 hours of work, sucks when this sort of thing happens.I clicked the 'complete Git Flow Feature' button. It began processing the feature and then requested me to refresh ssh keys with a prompt. I clicked ""restart"" and ""try again"". A few moments passed and then sourcetree crashed and then my whole computer crashed.I'm operating windows 10 with SourceTree 3.3.9"
Calendar disappears while scrolling the page up or down continuously ,Done,Low,2020-12-28 17:04:00,2023-03-07 06:07:00,General,"h3. Issue SummaryA user is reporting that interactive rebase is not possible in 3.4.0.h3. Steps to ReproduceThere are two ways to start an interactive rebase in Sourcetree. The first is to right-click (or context-click) on a commit and choose Rebase children of <sha> interactivelyâ€¦ The second is to pull down the Repository menu and select Interactive rebase.h3. Expected ResultsThe rebase executes.h3. Actual ResultsThe user has reported that there are no interactive rebase GUI capabilities available.h3. WorkaroundCurrently, there is no known workaround for this behavior. A workaround will be added here when available"
We need an offline Installer,Done,Low,2020-12-27 23:38:00,2023-03-07 06:07:00,Beta,"I'm using Win10 v20H2 in Dark Mode, and Sourcetree v3.4.0.1 is also in dark mode, but when i tried to paste a text into Remote/Repository's URL input box using right-click, the popup menu is shown in light background, causing the text in menu item became invisible due to using light color too."
Push ignores local branches that don't match a remote tracking branch,Done,Low,2020-12-27 13:32:00,2023-03-07 06:07:00,UX,"On new SourceTree 3.4.0 version interactive rebase not working,I'm having an empty white window with OK and Cancel buttons only."
Popup window position,Done,Low,2020-12-24 16:50:00,2023-03-07 06:07:00,General,"*This affect 3.4.0*, interactive rebasing (from the main menu, or right click), doesn't work anymore. It shown an empty GUI. See screenshot attached.Â !image-2020-12-24-17-48-59-598.png!"
Popups flashes periodically with no contents,Done,Low,2020-08-24 12:39:00,2023-03-07 06:07:00,Git,"when i try to connect its authentications is throwing error, Please help its urgentÂ fatal: Authentication failed for 'https://dev.azure.com/in my every PC we have same issues "
Launch external diff tool on double click,Done,Low,2020-12-24 07:35:00,2023-03-07 06:07:00,Bitbucket,A picture worth a thousand words. The problem happens in 3.4.0 but not 3.3.9 ( despite that I tag 3.3.9 because I can't find 3.4.0)Â !image-2020-12-24-15-34-44-315.png!Â !image-2020-12-24-15-34-54-421.png!Â 
Git submodules vulnerability in Sourcetree for Windows - CVE-2020-5260,Done,Low,2020-12-22 17:28:00,2023-03-07 06:07:00,remote,When opening a new tab when a select Remote it crashes the application
User interface font size.,Done,Low,2020-12-20 22:05:00,2023-03-07 06:07:00,remote,"I have a very simple repo in Bitbucket. It does use LFS. I've logged into sourcetree with my Atlassian account.a When I tried the first time, I did enter the wrong password! Now when I try to pull or interact with the remote, I get these errors:fatal: ArgumentException encountered. An item with the same key has already been added.remote: Invalid username or passwordfatal: Authentication failed for '[https://naust[...]|https://naust[...]/]I've tried removing all account and authentication info in the source tree options. I can add my account back in with OAUTH or basic, but pulling or pushing just fails. Is there a separate (LFS related?) place I can reset my password so that I can enter the right one?"
Pushing a new branch gives a false eror messag about git ref-format rules,Done,Low,2020-12-10 00:59:00,2023-03-07 06:07:00,Bitbucket,Process viewer keeps loading and keeps refreshing the state of all the local repositories. I have one repo open in the tab but source tree is checking all the other local repos that are not even active.Source tree is basically unusable at this point .. as it takes mins to create a new branch from master and to do a simple push.a a a 
Cannot Launch Sourcetree,Done,Low,2020-12-11 09:42:00,2023-03-07 06:07:00,Git,"Repository:a https://gitlab.com/CSRedRat/padavan-ng.gitgit -c filter.lfs.smudge= -c filter.lfs.required=false -c diff.mnemonicprefix=false -c core.quotepath=false --no-optional-locks clone --branch master https://gitlab.com/CSRedRat/padavan-ng D:\Sergei\Dev\git\padavanCloning into 'D:\Sergei\Dev\git\padavan'...warning: redirecting to https://gitlab.com/CSRedRat/padavan-ng.git/error: invalid path 'trunk/user/ipset/ipset-6.x/tests/bitmap:ip.t'fatal: unable to checkout working treewarning: Clone succeeded, but checkout failed.You can inspect what was checked out with 'git status'and retry with 'git restore --source=HEAD :/'a After cloning git repo from command line - I can't switch to branch feature/prometheus"
Release a portable Sourcetree for windows,Done,Low,2020-12-16 13:12:00,2023-03-07 06:07:00,UX,"Versions with this issue:Â  3.2.6, 3.3.9Even since I installed Sourcetree on this Lenovo laptop, Sourcetree is happily crashing. There are days without crashes, there are days with multiple crashes per minute of interaction with the UI.General context: - on ""File Status"" page, if the Staged files and Unstaged files have scrolls, or if the list of changes in the right of the page is scrollable, interacting with scrolls and choosing different files freezes the UI- I cannot resize some windows inside the app: in the History page, when I have a commit selected, I can resize the window that shows the commit message/info/parent/etc (resize it against the view that displays the graph) ONLY IF the ""Diff"" window besides the commit info doesn't have a scroll. If that window has a scroll, I cannot resize the windows.!image-2020-12-16-15-10-18-937.png!Device info:!image-2020-12-16-15-10-27-336.png!"
"Authorization in the user's account is not possible through the social network ""facebook""",Done,Low,2020-12-15 15:57:00,2023-03-07 06:07:00,General,"When using the ""Diff Against Current"" feature and selecting a file that has been renamed (denoted with the blue ""R"" icon); only the ""File Contents"" of the new file are displayed rather than comparing the two (as is done in the ""Commit"" tab).Â !image-2020-12-15-17-56-11-096.png|width=586,height=507!"
Remote local branch is not shown in push menu when more than 2 remotes,Done,Low,2020-12-15 11:11:00,2023-03-07 06:07:00,UX,"Automatic refresh after app focus and after any action was there at first, then after an update it wasn't, then it came back, but now it cannot be disabled.Any setting with ""refresh"" in the name, in repo settings or general settings, won't do anything.Should I reboot my refrigerator?3.3.9"
Sourcetree registration fails,Done,Low,2020-12-14 10:31:00,2023-03-07 06:07:00,General,"When I right click a branch to ""Create a pull request...` I am prompted to add an url to the Remote details/Optional extended integration such as this one!image-2020-12-14-11-20-56-545.png!`https://gitlab.mydomain.com/prex-attach/upselling/-/merge_requests#`note that since custom urls are not supported I use `#` as a workaround, which works like a charm.Â After I restart SourceTree, the setting is not remembered and I am prompted again.!image-2020-12-14-11-23-08-745.png!If I look at the config file via `Edit Config File...` there is no apparent change, when I add the host url. If I knew how to enter it there manually, I would, but I couldn't find the name of the field.Â Running as administrator doesn't help.version 3.3.8 and 3.3.9"
Remote Github repository search does not work,Done,Low,2020-12-13 16:07:00,2023-03-07 06:07:00,Git,"Scrolling a file diff that just barely needs to be scrolled (less that ~3 lines),a usinga the mouse wheel completely freezes SourceTree and making it use ~20% CPU, and needs to be forcefully Done.Scrolling works without issues when diff is more than ~3 lines longer than what can fit in pane.This happens multiple times a day (more than 10) and making the app very painful to use.a There have been more issues on this: - Done without action[SRCTREEWIN-13220|https://jira.atlassian.com/browse/SRCTREEWIN-13220] - Reported for older version and has not gotten any attention[SRCTREEWIN-13305|https://jira.atlassian.com/browse/SRCTREEWIN-13305]"
Can't push,Done,Low,2020-12-09 21:42:00,2023-03-07 06:07:00,UX,"Hello,I frequently open a Bash console via the Terminal menu on the toolbar.But if I open it this way, it doesn't have the PATH environment setting and so an utility app I placed in a folder included in the PATH can't be found.If I run the Bash console via the Window's Start menu or other way then the utility app can be launched properly.How can I open the Bash with a proper PATH set?Â "
Sourcetree crashes after switching to Remote tab,Done,Low,2020-12-06 06:08:00,2023-03-07 06:07:00,branch,"My account email id is ""tahsinstreamstech@gmail.com"" and username ""tahsinstreamstech"" . When pulling the branches, I am getting this errora ATTENTION:my sourcetree version is 3.3.8 but there no available version for it so I assigned 3.3.9a !image-2020-12-06-12-01-57-585.png!"
Site performance is very low because image are large,Done,Low,2020-12-03 21:25:00,2023-03-07 06:06:00,Bitbucket,"SYMPTOMI have a large project with ~100 tags. I installed on a new system and noticed that while ""fetch"" from remote worked fine, I could not ""push"" to remote (bitbucket). It would simply sit there doing nothing then after about a minute I would see ""FATAL ERROR: Server unexpectedly Done network connection"".a  It doesn't matter what I am pushing - not even a basic commit will work.WORKAROUNDIf I disable ""Push all tags to remotes"" it works fine.a a NOTEThis is NOT specific to the repo. I have another workstation with the same setup, and ""Push"" works fine, even with ""Push all tags... enabled""STEPS: # enable ""Push all tags..."" # make a change # commit locally # push # observe does not work and eventually gives error message # disable ""Push all tags..."" # observe works"
Site performance is very low because scripts are in the head of the site,Done,Low,2020-12-03 19:23:00,2023-03-07 06:06:00,Git,"# Launch Sourcetree # regular loading happens # ""Not responding"" appears on window title # Sourcetree crashesOccurs the vast majority of the time I run Sourcetree (99%). Also occurs after uninstalling and re-installing Sourcetree.a Specs:a ------------------System Information------------------ Time of this report: 11/11/2020, 10:57:10 Machine name: DESKTOP-3GIITQE Machine Id: \{76430A94-80FB-4B04-8479-4614400940F7} Operating System: Windows 10 Home 64-bit (10.0, Build 19041) (19041.vb_release.191206-1406) Language: English (Regional Setting: English) System Manufacturer: ASUS System Model: All Series BIOS: 1802 (type: UEFI) Processor: Intel(R) Core(TM) i5-4590 CPU @ 3.30GHz (4 CPUs), ~3.3GHz Memory: 16384MB RAM Available OS Memory: 16322MB RAM Page File: 17942MB used, 13739MB available Windows Dir: C:\WINDOWS DirectX Version: DirectX 12 DX Setup Parameters: Not found User DPI Setting: 96 DPI (100 percent) System DPI Setting: 96 DPI (100 percent) DWM DPI Scaling: Disabled Miracast: Available, with HDCPMicrosoft Graphics Hybrid: Not Supported DirectX Database Version: 1.0.8 DxDiag Version: 10.00.19041.0546 64bit Unicode------------DxDiag Notes------------ Display Tab 1: No problems found. Display Tab 2: No problems found. Sound Tab 1: No problems found. Sound Tab 2: No problems found. Sound Tab 3: No problems found. Sound Tab 4: No problems found. Sound Tab 5: No problems found. Input Tab: No problems found.--------------------DirectX Debug Levels--------------------Direct3D: 0/4 (retail)DirectDraw: 0/4 (retail)DirectInput: 0/5 (retail)DirectMusic: 0/5 (retail)DirectPlay: 0/9 (retail)DirectSound: 0/5 (retail)DirectShow: 0/6 (retail)---------------Display Devices--------------- Card name: NVIDIA GeForce RTX 2060 Manufacturer: NVIDIA Chip type: GeForce RTX 2060 DAC type: Integrated RAMDAC Device Type: Full Device (POST) Device Key: Enum\PCI\VEN_10DE&DEV_1F08&SUBSYS_37551462&REV_A1 Device Status: 0180200A [DN_DRIVER_LOADED|DN_STARTED|DN_DISABLEABLE|DN_NT_ENUMERATOR|DN_NT_DRIVER]  Device Problem Code: No Problem Driver Problem Code: Unknown Display Memory: 14141 MB Dedicated Memory: 5980 MB Shared Memory: 8161 MB Current Mode: 1920 x 1080 (32 bit) (60Hz) HDR Support: Not Supported Display Topology: Extend Display Color Space: DXGI_COLOR_SPACE_RGB_FULL_G22_NONE_P709 Color Primaries: Red(0.643555,0.338867), Green(0.310547,0.613281), Blue(0.152344,0.061523), White Point(0.312500,0.329102) Display Luminance: Min Luminance = 0.500000, Max Luminance = 270.000000, MaxFullFrameLuminance = 270.000000 Monitor Name: Generic PnP Monitor Monitor Model: S27B370 Monitor Id: SAM08E0 Native Mode: 1920 x 1080(p) (60.000Hz) Output Type: DVIMonitor Capabilities: HDR Not SupportedDisplay Pixel Format: DISPLAYCONFIG_PIXELFORMAT_32BPP Advanced Color: Not Supported Driver Name: C:\WINDOWS\System32\DriverStore\FileRepository\nv_dispsi.inf_amd64_4aa4d6f191cff485\nvldumdx.dll,C:\WINDOWS\System32\DriverStore\FileRepository\nv_dispsi.inf_amd64_4aa4d6f191cff485\nvldumdx.dll,C:\WINDOWS\System32\DriverStore\FileRepository\nv_dispsi.inf_amd64_4aa4d6f191cff485\nvldumdx.dll,C:\WINDOWS\System32\DriverStore\FileRepository\nv_dispsi.inf_amd64_4aa4d6f191cff485\nvldumdx.dll Driver File Version: 27.21.0014.5638 (English) Driver Version: 27.21.14.5638 DDI Version: 12 Feature Levels: 12_1,12_0,11_1,11_0,10_1,10_0,9_3,9_2,9_1 Driver Model: WDDM 2.7 Hardware Scheduling: Supported:True Enabled:False  Graphics Preemption: Pixel Compute Preemption: Dispatch Miracast: Not Supported by Graphics driver Detachable GPU: No Hybrid Graphics GPU: Not Supported Power P-states: Not Supported Virtualization: Paravirtualization  Block List: No Blocks Catalog Attributes: Universal:False Declarative:False  Driver Attributes: Final Retail Driver Date/Size: 2020-09-13 7:00:00 PM, 1037840 bytes WHQL Logo'd: Yes WHQL Date Stamp: Unknown Device Identifier: \{D7B71E3E-5C48-11CF-D461-5B171BC2D635} Vendor ID: 0x10DE Device ID: 0x1F08 SubSys ID: 0x37551462 Revision ID: 0x00A1 Driver Strong Name: oem49.inf:0f066de317b83370:Section002:27.21.14.5638:pci\ven_10de&dev_1f08 Rank Of Driver: 00D12001 Video Accel:  DXVA2 Modes: \{86695F12-340E-4F04-9FD3-9253DD327460} DXVA2_ModeMPEG2_VLD \{6F3EC719-3735-42CC-8063-65CC3CB36616} DXVA2_ModeVC1_D2010 DXVA2_ModeVC1_VLD \{32FCFE3F-DE46-4A49-861B-AC71110649D5} DXVA2_ModeH264_VLD_Stereo_Progressive_NoFGT DXVA2_ModeH264_VLD_Stereo_NoFGT DXVA2_ModeH264_VLD_NoFGT DXVA2_ModeHEVC_VLD_Main DXVA2_ModeHEVC_VLD_Main10 \{20BB8B0A-97AA-4571-8E99-64E60606C1A6} \{15DF9B21-06C4-47F1-841E-A67C97D7F312} DXVA2_ModeMPEG4pt2_VLD_Simple DXVA2_ModeMPEG4pt2_VLD_AdvSimple_NoGMC \{9947EC6F-689B-11DC-A320-0019DBBC4184} \{33FCFE41-DE46-4A49-861B-AC71110649D5} DXVA2_ModeVP9_VLD_Profile0 DXVA2_ModeVP9_VLD_10bit_Profile2 \{DDA19DC7-93B5-49F5-A9B3-2BDA28A2CE6E} \{6AFFD11E-1D96-42B1-A215-93A31F09A53D} \{914C84A3-4078-4FA9-984C-E2F262CB5C9C} \{8A1A1031-29BC-46D0-A007-E9B092CA6767}  Deinterlace Caps: \{6CB69578-7617-4637-91E5-1C02DB810285}: Format(In/Out)=(YUY2,YUY2) Frames(Prev/Fwd/Back)=(0,0,0) Caps=VideoProcess_YUV2RGB VideoProcess_StretchX VideoProcess_StretchY DeinterlaceTech_PixelAdaptive  \{F9F19DA5-3B09-4B2F-9D89-C64753E3EAAB}: Format(In/Out)=(YUY2,YUY2) Frames(Prev/Fwd/Back)=(0,0,0) Caps=VideoProcess_YUV2RGB VideoProcess_StretchX VideoProcess_StretchY  \{5A54A0C9-C7EC-4BD9-8EDE-F3C75DC4393B}: Format(In/Out)=(YUY2,YUY2) Frames(Prev/Fwd/Back)=(0,0,0) Caps=VideoProcess_YUV2RGB VideoProcess_StretchX VideoProcess_StretchY  \{335AA36E-7884-43A4-9C91-7F87FAF3E37E}: Format(In/Out)=(YUY2,YUY2) Frames(Prev/Fwd/Back)=(0,0,0) Caps=VideoProcess_YUV2RGB VideoProcess_StretchX VideoProcess_StretchY DeinterlaceTech_BOBVerticalStretch  \{6CB69578-7617-4637-91E5-1C02DB810285}: Format(In/Out)=(UYVY,UYVY) Frames(Prev/Fwd/Back)=(0,0,0) Caps=VideoProcess_YUV2RGB VideoProcess_StretchX VideoProcess_StretchY DeinterlaceTech_PixelAdaptive  \{F9F19DA5-3B09-4B2F-9D89-C64753E3EAAB}: Format(In/Out)=(UYVY,UYVY) Frames(Prev/Fwd/Back)=(0,0,0) Caps=VideoProcess_YUV2RGB VideoProcess_StretchX VideoProcess_StretchY  \{5A54A0C9-C7EC-4BD9-8EDE-F3C75DC4393B}: Format(In/Out)=(UYVY,UYVY) Frames(Prev/Fwd/Back)=(0,0,0) Caps=VideoProcess_YUV2RGB VideoProcess_StretchX VideoProcess_StretchY  \{335AA36E-7884-43A4-9C91-7F87FAF3E37E}: Format(In/Out)=(UYVY,UYVY) Frames(Prev/Fwd/Back)=(0,0,0) Caps=VideoProcess_YUV2RGB VideoProcess_StretchX VideoProcess_StretchY DeinterlaceTech_BOBVerticalStretch  \{6CB69578-7617-4637-91E5-1C02DB810285}: Format(In/Out)=(YV12,0x32315659) Frames(Prev/Fwd/Back)=(0,0,0) Caps=VideoProcess_YUV2RGB VideoProcess_StretchX VideoProcess_StretchY DeinterlaceTech_PixelAdaptive  \{F9F19DA5-3B09-4B2F-9D89-C64753E3EAAB}: Format(In/Out)=(YV12,0x32315659) Frames(Prev/Fwd/Back)=(0,0,0) Caps=VideoProcess_YUV2RGB VideoProcess_StretchX VideoProcess_StretchY  \{5A54A0C9-C7EC-4BD9-8EDE-F3C75DC4393B}: Format(In/Out)=(YV12,0x32315659) Frames(Prev/Fwd/Back)=(0,0,0) Caps=VideoProcess_YUV2RGB VideoProcess_StretchX VideoProcess_StretchY  \{335AA36E-7884-43A4-9C91-7F87FAF3E37E}: Format(In/Out)=(YV12,0x32315659) Frames(Prev/Fwd/Back)=(0,0,0) Caps=VideoProcess_YUV2RGB VideoProcess_StretchX VideoProcess_StretchY DeinterlaceTech_BOBVerticalStretch  \{6CB69578-7617-4637-91E5-1C02DB810285}: Format(In/Out)=(NV12,0x3231564e) Frames(Prev/Fwd/Back)=(0,0,0) Caps=VideoProcess_YUV2RGB VideoProcess_StretchX VideoProcess_StretchY DeinterlaceTech_PixelAdaptive  \{F9F19DA5-3B09-4B2F-9D89-C64753E3EAAB}: Format(In/Out)=(NV12,0x3231564e) Frames(Prev/Fwd/Back)=(0,0,0) Caps=VideoProcess_YUV2RGB VideoProcess_StretchX VideoProcess_StretchY  \{5A54A0C9-C7EC-4BD9-8EDE-F3C75DC4393B}: Format(In/Out)=(NV12,0x3231564e) Frames(Prev/Fwd/Back)=(0,0,0) Caps=VideoProcess_YUV2RGB VideoProcess_StretchX VideoProcess_StretchY  \{335AA36E-7884-43A4-9C91-7F87FAF3E37E}: Format(In/Out)=(NV12,0x3231564e) Frames(Prev/Fwd/Back)=(0,0,0) Caps=VideoProcess_YUV2RGB VideoProcess_StretchX VideoProcess_StretchY DeinterlaceTech_BOBVerticalStretch  \{6CB69578-7617-4637-91E5-1C02DB810285}: Format(In/Out)=(IMC1,UNKNOWN) Frames(Prev/Fwd/Back)=(0,0,0) Caps= \{F9F19DA5-3B09-4B2F-9D89-C64753E3EAAB}: Format(In/Out)=(IMC1,UNKNOWN) Frames(Prev/Fwd/Back)=(0,0,0) Caps= \{5A54A0C9-C7EC-4BD9-8EDE-F3C75DC4393B}: Format(In/Out)=(IMC1,UNKNOWN) Frames(Prev/Fwd/Back)=(0,0,0) Caps= \{335AA36E-7884-43A4-9C91-7F87FAF3E37E}: Format(In/Out)=(IMC1,UNKNOWN) Frames(Prev/Fwd/Back)=(0,0,0) Caps= \{6CB69578-7617-4637-91E5-1C02DB810285}: Format(In/Out)=(IMC2,UNKNOWN) Frames(Prev/Fwd/Back)=(0,0,0) Caps= \{F9F19DA5-3B09-4B2F-9D89-C64753E3EAAB}: Format(In/Out)=(IMC2,UNKNOWN) Frames(Prev/Fwd/Back)=(0,0,0) Caps= \{5A54A0C9-C7EC-4BD9-8EDE-F3C75DC4393B}: Format(In/Out)=(IMC2,UNKNOWN) Frames(Prev/Fwd/Back)=(0,0,0) Caps= \{335AA36E-7884-43A4-9C91-7F87FAF3E37E}: Format(In/Out)=(IMC2,UNKNOWN) Frames(Prev/Fwd/Back)=(0,0,0) Caps= \{6CB69578-7617-4637-91E5-1C02DB810285}: Format(In/Out)=(IMC3,UNKNOWN) Frames(Prev/Fwd/Back)=(0,0,0) Caps= \{F9F19DA5-3B09-4B2F-9D89-C64753E3EAAB}: Format(In/Out)=(IMC3,UNKNOWN) Frames(Prev/Fwd/Back)=(0,0,0) Caps= \{5A54A0C9-C7EC-4BD9-8EDE-F3C75DC4393B}: Format(In/Out)=(IMC3,UNKNOWN) Frames(Prev/Fwd/Back)=(0,0,0) Caps= \{335AA36E-7884-43A4-9C91-7F87FAF3E37E}: Format(In/Out)=(IMC3,UNKNOWN) Frames(Prev/Fwd/Back)=(0,0,0) Caps= \{6CB69578-7617-4637-91E5-1C02DB810285}: Format(In/Out)=(IMC4,UNKNOWN) Frames(Prev/Fwd/Back)=(0,0,0) Caps= \{F9F19DA5-3B09-4B2F-9D89-C64753E3EAAB}: Format(In/Out)=(IMC4,UNKNOWN) Frames(Prev/Fwd/Back)=(0,0,0) Caps= \{5A54A0C9-C7EC-4BD9-8EDE-F3C75DC4393B}: Format(In/Out)=(IMC4,UNKNOWN) Frames(Prev/Fwd/Back)=(0,0,0) Caps= \{335AA36E-7884-43A4-9C91-7F87FAF3E37E}: Format(In/Out)=(IMC4,UNKNOWN) Frames(Prev/Fwd/Back)=(0,0,0) Caps= \{6CB69578-7617-4637-91E5-1C02DB810285}: Format(In/Out)=(S340,UNKNOWN) Frames(Prev/Fwd/Back)=(0,0,0) Caps= \{F9F19DA5-3B09-4B2F-9D89-C64753E3EAAB}: Format(In/Out)=(S340,UNKNOWN) Frames(Prev/Fwd/Back)=(0,0,0) Caps= \{5A54A0C9-C7EC-4BD9-8EDE-F3C75DC4393B}: Format(In/Out)=(S340,UNKNOWN) Frames(Prev/Fwd/Back)=(0,0,0) Caps= \{335AA36E-7884-43A4-9C91-7F87FAF3E37E}: Format(In/Out)=(S340,UNKNOWN) Frames(Prev/Fwd/Back)=(0,0,0) Caps= \{6CB69578-7617-4637-91E5-1C02DB810285}: Format(In/Out)=(S342,UNKNOWN) Frames(Prev/Fwd/Back)=(0,0,0) Caps= \{F9F19DA5-3B09-4B2F-9D89-C64753E3EAAB}: Format(In/Out)=(S342,UNKNOWN) Frames(Prev/Fwd/Back)=(0,0,0) Caps= \{5A54A0C9-C7EC-4BD9-8EDE-F3C75DC4393B}: Format(In/Out)=(S342,UNKNOWN) Frames(Prev/Fwd/Back)=(0,0,0) Caps= \{335AA36E-7884-43A4-9C91-7F87FAF3E37E}: Format(In/Out)=(S342,UNKNOWN) Frames(Prev/Fwd/Back)=(0,0,0) Caps= D3D9 Overlay: Supported DXVA-HD: Supported DDraw Status: Enabled D3D Status: Enabled AGP Status: Enabled MPO MaxPlanes: 4 MPO Caps: YUV,BILINEAR,HIGH_FILTER,STRETCH_YUV,IMMEDIATE,HDR (MPO3) MPO Stretch: 10.000X - 0.500X MPO Media Hints: resizing, colorspace Conversion  MPO Formats: NV12 PanelFitter Caps: YUV,BILINEAR,HIGH_FILTER,STRETCH_YUV,IMMEDIATE,HDR (MPO3) PanelFitter Stretch: 10.000X - 0.500XCard name: NVIDIA GeForce RTX 2060 Manufacturer: NVIDIA Chip type: GeForce RTX 2060 DAC type: Integrated RAMDAC Device Type: Full Device (POST) Device Key: Enum\PCI\VEN_10DE&DEV_1F08&SUBSYS_37551462&REV_A1 Device Status: 0180200A [DN_DRIVER_LOADED|DN_STARTED|DN_DISABLEABLE|DN_NT_ENUMERATOR|DN_NT_DRIVER]  Device Problem Code: No Problem Driver Problem Code: Unknown Display Memory: 14141 MB Dedicated Memory: 5980 MB Shared Memory: 8161 MB Current Mode: 1920 x 1080 (32 bit) (60Hz) HDR Support: Not Supported Display Topology: Extend Display Color Space: DXGI_COLOR_SPACE_RGB_FULL_G22_NONE_P709 Color Primaries: Red(0.644531,0.334961), Green(0.304688,0.629883), Blue(0.148438,0.049805), White Point(0.313477,0.329102) Display Luminance: Min Luminance = 0.500000, Max Luminance = 270.000000, MaxFullFrameLuminance = 270.000000 Monitor Name: Generic PnP Monitor Monitor Model: 27MP35 Monitor Id: GSM5A5B Native Mode: 1920 x 1080(p) (60.000Hz) Output Type: HDMIMonitor Capabilities: HDR Not SupportedDisplay Pixel Format: DISPLAYCONFIG_PIXELFORMAT_32BPP Advanced Color: Not Supported Driver Name: C:\WINDOWS\System32\DriverStore\FileRepository\nv_dispsi.inf_amd64_4aa4d6f191cff485\nvldumdx.dll,C:\WINDOWS\System32\DriverStore\FileRepository\nv_dispsi.inf_amd64_4aa4d6f191cff485\nvldumdx.dll,C:\WINDOWS\System32\DriverStore\FileRepository\nv_dispsi.inf_amd64_4aa4d6f191cff485\nvldumdx.dll,C:\WINDOWS\System32\DriverStore\FileRepository\nv_dispsi.inf_amd64_4aa4d6f191cff485\nvldumdx.dll Driver File Version: 27.21.0014.5638 (English) Driver Version: 27.21.14.5638 DDI Version: 12 Feature Levels: 12_1,12_0,11_1,11_0,10_1,10_0,9_3,9_2,9_1 Driver Model: WDDM 2.7 Hardware Scheduling: Supported:True Enabled:False  Graphics Preemption: Pixel Compute Preemption: Dispatch Miracast: Not Supported by Graphics driver Detachable GPU: No Hybrid Graphics GPU: Not Supported Power P-states: Not Supported Virtualization: Paravirtualization  Block List: No Blocks Catalog Attributes: Universal:False Declarative:False  Driver Attributes: Final Retail Driver Date/Size: 2020-09-13 7:00:00 PM, 1037840 bytes WHQL Logo'd: Yes WHQL Date Stamp: Unknown Device Identifier: \{D7B71E3E-5C48-11CF-D461-5B171BC2D635} Vendor ID: 0x10DE Device ID: 0x1F08 SubSys ID: 0x37551462 Revision ID: 0x00A1 Driver Strong Name: oem49.inf:0f066de317b83370:Section002:27.21.14.5638:pci\ven_10de&dev_1f08 Rank Of Driver: 00D12001 Video Accel:  DXVA2 Modes: \{86695F12-340E-4F04-9FD3-9253DD327460} DXVA2_ModeMPEG2_VLD \{6F3EC719-3735-42CC-8063-65CC3CB36616} DXVA2_ModeVC1_D2010 DXVA2_ModeVC1_VLD \{32FCFE3F-DE46-4A49-861B-AC71110649D5} DXVA2_ModeH264_VLD_Stereo_Progressive_NoFGT DXVA2_ModeH264_VLD_Stereo_NoFGT DXVA2_ModeH264_VLD_NoFGT DXVA2_ModeHEVC_VLD_Main DXVA2_ModeHEVC_VLD_Main10 \{20BB8B0A-97AA-4571-8E99-64E60606C1A6} \{15DF9B21-06C4-47F1-841E-A67C97D7F312} DXVA2_ModeMPEG4pt2_VLD_Simple DXVA2_ModeMPEG4pt2_VLD_AdvSimple_NoGMC \{9947EC6F-689B-11DC-A320-0019DBBC4184} \{33FCFE41-DE46-4A49-861B-AC71110649D5} DXVA2_ModeVP9_VLD_Profile0 DXVA2_ModeVP9_VLD_10bit_Profile2 \{DDA19DC7-93B5-49F5-A9B3-2BDA28A2CE6E} \{6AFFD11E-1D96-42B1-A215-93A31F09A53D} \{914C84A3-4078-4FA9-984C-E2F262CB5C9C} \{8A1A1031-29BC-46D0-A007-E9B092CA6767}  Deinterlace Caps: \{6CB69578-7617-4637-91E5-1C02DB810285}: Format(In/Out)=(YUY2,YUY2) Frames(Prev/Fwd/Back)=(0,0,0) Caps=VideoProcess_YUV2RGB VideoProcess_StretchX VideoProcess_StretchY DeinterlaceTech_PixelAdaptive  \{F9F19DA5-3B09-4B2F-9D89-C64753E3EAAB}: Format(In/Out)=(YUY2,YUY2) Frames(Prev/Fwd/Back)=(0,0,0) Caps=VideoProcess_YUV2RGB VideoProcess_StretchX VideoProcess_StretchY  \{5A54A0C9-C7EC-4BD9-8EDE-F3C75DC4393B}: Format(In/Out)=(YUY2,YUY2) Frames(Prev/Fwd/Back)=(0,0,0) Caps=VideoProcess_YUV2RGB VideoProcess_StretchX VideoProcess_StretchY  \{335AA36E-7884-43A4-9C91-7F87FAF3E37E}: Format(In/Out)=(YUY2,YUY2) Frames(Prev/Fwd/Back)=(0,0,0) Caps=VideoProcess_YUV2RGB VideoProcess_StretchX VideoProcess_StretchY DeinterlaceTech_BOBVerticalStretch  \{6CB69578-7617-4637-91E5-1C02DB810285}: Format(In/Out)=(UYVY,UYVY) Frames(Prev/Fwd/Back)=(0,0,0) Caps=VideoProcess_YUV2RGB VideoProcess_StretchX VideoProcess_StretchY DeinterlaceTech_PixelAdaptive  \{F9F19DA5-3B09-4B2F-9D89-C64753E3EAAB}: Format(In/Out)=(UYVY,UYVY) Frames(Prev/Fwd/Back)=(0,0,0) Caps=VideoProcess_YUV2RGB VideoProcess_StretchX VideoProcess_StretchY  \{5A54A0C9-C7EC-4BD9-8EDE-F3C75DC4393B}: Format(In/Out)=(UYVY,UYVY) Frames(Prev/Fwd/Back)=(0,0,0) Caps=VideoProcess_YUV2RGB VideoProcess_StretchX VideoProcess_StretchY  \{335AA36E-7884-43A4-9C91-7F87FAF3E37E}: Format(In/Out)=(UYVY,UYVY) Frames(Prev/Fwd/Back)=(0,0,0) Caps=VideoProcess_YUV2RGB VideoProcess_StretchX VideoProcess_StretchY DeinterlaceTech_BOBVerticalStretch  \{6CB69578-7617-4637-91E5-1C02DB810285}: Format(In/Out)=(YV12,0x32315659) Frames(Prev/Fwd/Back)=(0,0,0) Caps=VideoProcess_YUV2RGB VideoProcess_StretchX VideoProcess_StretchY DeinterlaceTech_PixelAdaptive  \{F9F19DA5-3B09-4B2F-9D89-C64753E3EAAB}: Format(In/Out)=(YV12,0x32315659) Frames(Prev/Fwd/Back)=(0,0,0) Caps=VideoProcess_YUV2RGB VideoProcess_StretchX VideoProcess_StretchY  \{5A54A0C9-C7EC-4BD9-8EDE-F3C75DC4393B}: Format(In/Out)=(YV12,0x32315659) Frames(Prev/Fwd/Back)=(0,0,0) Caps=VideoProcess_YUV2RGB VideoProcess_StretchX VideoProcess_StretchY  \{335AA36E-7884-43A4-9C91-7F87FAF3E37E}: Format(In/Out)=(YV12,0x32315659) Frames(Prev/Fwd/Back)=(0,0,0) Caps=VideoProcess_YUV2RGB VideoProcess_StretchX VideoProcess_StretchY DeinterlaceTech_BOBVerticalStretch  \{6CB69578-7617-4637-91E5-1C02DB810285}: Format(In/Out)=(NV12,0x3231564e) Frames(Prev/Fwd/Back)=(0,0,0) Caps=VideoProcess_YUV2RGB VideoProcess_StretchX VideoProcess_StretchY DeinterlaceTech_PixelAdaptive  \{F9F19DA5-3B09-4B2F-9D89-C64753E3EAAB}: Format(In/Out)=(NV12,0x3231564e) Frames(Prev/Fwd/Back)=(0,0,0) Caps=VideoProcess_YUV2RGB VideoProcess_StretchX VideoProcess_StretchY  \{5A54A0C9-C7EC-4BD9-8EDE-F3C75DC4393B}: Format(In/Out)=(NV12,0x3231564e) Frames(Prev/Fwd/Back)=(0,0,0) Caps=VideoProcess_YUV2RGB VideoProcess_StretchX VideoProcess_StretchY  \{335AA36E-7884-43A4-9C91-7F87FAF3E37E}: Format(In/Out)=(NV12,0x3231564e) Frames(Prev/Fwd/Back)=(0,0,0) Caps=VideoProcess_YUV2RGB VideoProcess_StretchX VideoProcess_StretchY DeinterlaceTech_BOBVerticalStretch  \{6CB69578-7617-4637-91E5-1C02DB810285}: Format(In/Out)=(IMC1,UNKNOWN) Frames(Prev/Fwd/Back)=(0,0,0) Caps= \{F9F19DA5-3B09-4B2F-9D89-C64753E3EAAB}: Format(In/Out)=(IMC1,UNKNOWN) Frames(Prev/Fwd/Back)=(0,0,0) Caps= \{5A54A0C9-C7EC-4BD9-8EDE-F3C75DC4393B}: Format(In/Out)=(IMC1,UNKNOWN) Frames(Prev/Fwd/Back)=(0,0,0) Caps= \{335AA36E-7884-43A4-9C91-7F87FAF3E37E}: Format(In/Out)=(IMC1,UNKNOWN) Frames(Prev/Fwd/Back)=(0,0,0) Caps= \{6CB69578-7617-4637-91E5-1C02DB810285}: Format(In/Out)=(IMC2,UNKNOWN) Frames(Prev/Fwd/Back)=(0,0,0) Caps= \{F9F19DA5-3B09-4B2F-9D89-C64753E3EAAB}: Format(In/Out)=(IMC2,UNKNOWN) Frames(Prev/Fwd/Back)=(0,0,0) Caps= \{5A54A0C9-C7EC-4BD9-8EDE-F3C75DC4393B}: Format(In/Out)=(IMC2,UNKNOWN) Frames(Prev/Fwd/Back)=(0,0,0) Caps= \{335AA36E-7884-43A4-9C91-7F87FAF3E37E}: Format(In/Out)=(IMC2,UNKNOWN) Frames(Prev/Fwd/Back)=(0,0,0) Caps= \{6CB69578-7617-4637-91E5-1C02DB810285}: Format(In/Out)=(IMC3,UNKNOWN) Frames(Prev/Fwd/Back)=(0,0,0) Caps= \{F9F19DA5-3B09-4B2F-9D89-C64753E3EAAB}: Format(In/Out)=(IMC3,UNKNOWN) Frames(Prev/Fwd/Back)=(0,0,0) Caps= \{5A54A0C9-C7EC-4BD9-8EDE-F3C75DC4393B}: Format(In/Out)=(IMC3,UNKNOWN) Frames(Prev/Fwd/Back)=(0,0,0) Caps= \{335AA36E-7884-43A4-9C91-7F87FAF3E37E}: Format(In/Out)=(IMC3,UNKNOWN) Frames(Prev/Fwd/Back)=(0,0,0) Caps= \{6CB69578-7617-4637-91E5-1C02DB810285}: Format(In/Out)=(IMC4,UNKNOWN) Frames(Prev/Fwd/Back)=(0,0,0) Caps= \{F9F19DA5-3B09-4B2F-9D89-C64753E3EAAB}: Format(In/Out)=(IMC4,UNKNOWN) Frames(Prev/Fwd/Back)=(0,0,0) Caps= \{5A54A0C9-C7EC-4BD9-8EDE-F3C75DC4393B}: Format(In/Out)=(IMC4,UNKNOWN) Frames(Prev/Fwd/Back)=(0,0,0) Caps= \{335AA36E-7884-43A4-9C91-7F87FAF3E37E}: Format(In/Out)=(IMC4,UNKNOWN) Frames(Prev/Fwd/Back)=(0,0,0) Caps= \{6CB69578-7617-4637-91E5-1C02DB810285}: Format(In/Out)=(S340,UNKNOWN) Frames(Prev/Fwd/Back)=(0,0,0) Caps= \{F9F19DA5-3B09-4B2F-9D89-C64753E3EAAB}: Format(In/Out)=(S340,UNKNOWN) Frames(Prev/Fwd/Back)=(0,0,0) Caps= \{5A54A0C9-C7EC-4BD9-8EDE-F3C75DC4393B}: Format(In/Out)=(S340,UNKNOWN) Frames(Prev/Fwd/Back)=(0,0,0) Caps= \{335AA36E-7884-43A4-9C91-7F87FAF3E37E}: Format(In/Out)=(S340,UNKNOWN) Frames(Prev/Fwd/Back)=(0,0,0) Caps= \{6CB69578-7617-4637-91E5-1C02DB810285}: Format(In/Out)=(S342,UNKNOWN) Frames(Prev/Fwd/Back)=(0,0,0) Caps= \{F9F19DA5-3B09-4B2F-9D89-C64753E3EAAB}: Format(In/Out)=(S342,UNKNOWN) Frames(Prev/Fwd/Back)=(0,0,0) Caps= \{5A54A0C9-C7EC-4BD9-8EDE-F3C75DC4393B}: Format(In/Out)=(S342,UNKNOWN) Frames(Prev/Fwd/Back)=(0,0,0) Caps= \{335AA36E-7884-43A4-9C91-7F87FAF3E37E}: Format(In/Out)=(S342,UNKNOWN) Frames(Prev/Fwd/Back)=(0,0,0) Caps= D3D9 Overlay: Supported DXVA-HD: Supported DDraw Status: Enabled D3D Status: Enabled AGP Status: Enabled MPO MaxPlanes: 1 MPO Caps: Not Supported MPO Stretch: Not Supported MPO Media Hints: Not Supported MPO Formats: Not Supported PanelFitter Caps: Not Supported PanelFitter Stretch: Not Supported-------------Sound Devices------------- Description: 27MP35 (NVIDIA High Definition Audio) Default Sound Playback: No Default Voice Playback: No Hardware ID: HDAUDIO\FUNC_01&VEN_10DE&DEV_0093&SUBSYS_14623755&REV_1001 Manufacturer ID: N/A Product ID: N/A Type: N/A Driver Name: nvhda64v.sys Driver Version: 1.3.38.35 (English) Driver Attributes: Final Retail WHQL Logo'd: Yes Date and Size: 2020-06-08 7:00:00 PM, 222112 bytes Other Files:  Driver Provider: NVIDIA Corporation HW Accel Level: Emulation Only Cap Flags: 0xF1F Min/Max Sample Rate: 100, 200000Static/Strm HW Mix Bufs: 1, 0 Static/Strm HW 3D Bufs: 0, 0 HW Memory: 0 Voice Management: No EAX(tm) 2.0 Listen/Src: No, No I3DL2(tm) Listen/Src: No, NoSensaura(tm) ZoomFX(tm): NoDescription: Digital Audio (S/PDIF) (High Definition Audio Device) Default Sound Playback: No Default Voice Playback: No Hardware ID: HDAUDIO\FUNC_01&VEN_10EC&DEV_0900&SUBSYS_1043855F&REV_1000 Manufacturer ID: N/A Product ID: N/A Type: N/A Driver Name: HdAudio.sys Driver Version: 10.0.19041.264 (English) Driver Attributes: Final Retail WHQL Logo'd: Yes Date and Size: 2020-05-08 7:00:00 PM, 430080 bytes Other Files:  Driver Provider: Microsoft HW Accel Level: Emulation Only Cap Flags: 0xF1F Min/Max Sample Rate: 100, 200000Static/Strm HW Mix Bufs: 1, 0 Static/Strm HW 3D Bufs: 0, 0 HW Memory: 0 Voice Management: No EAX(tm) 2.0 Listen/Src: No, No I3DL2(tm) Listen/Src: No, NoSensaura(tm) ZoomFX(tm): NoDescription: Digital Audio (S/PDIF) (High Definition Audio Device) Default Sound Playback: No Default Voice Playback: No Hardware ID: HDAUDIO\FUNC_01&VEN_10EC&DEV_0900&SUBSYS_1043855F&REV_1000 Manufacturer ID: N/A Product ID: N/A Type: N/A Driver Name: HdAudio.sys Driver Version: 10.0.19041.264 (English) Driver Attributes: Final Retail WHQL Logo'd: Yes Date and Size: 2020-05-08 7:00:00 PM, 430080 bytes Other Files:  Driver Provider: Microsoft HW Accel Level: Emulation Only Cap Flags: 0xF1F Min/Max Sample Rate: 100, 200000Static/Strm HW Mix Bufs: 1, 0 Static/Strm HW 3D Bufs: 0, 0 HW Memory: 0 Voice Management: No EAX(tm) 2.0 Listen/Src: No, No I3DL2(tm) Listen/Src: No, NoSensaura(tm) ZoomFX(tm): NoDescription: Headphones (High Definition Audio Device) Default Sound Playback: Yes Default Voice Playback: Yes Hardware ID: HDAUDIO\FUNC_01&VEN_10EC&DEV_0900&SUBSYS_1043855F&REV_1000 Manufacturer ID: N/A Product ID: N/A Type: N/A Driver Name: HdAudio.sys Driver Version: 10.0.19041.264 (English) Driver Attributes: Final Retail WHQL Logo'd: Yes Date and Size: 2020-05-08 7:00:00 PM, 430080 bytes Other Files:  Driver Provider: Microsoft HW Accel Level: Emulation Only Cap Flags: 0xF1F Min/Max Sample Rate: 100, 200000Static/Strm HW Mix Bufs: 1, 0 Static/Strm HW 3D Bufs: 0, 0 HW Memory: 0 Voice Management: No EAX(tm) 2.0 Listen/Src: No, No I3DL2(tm) Listen/Src: No, NoSensaura(tm) ZoomFX(tm): NoDescription: Speakers (High Definition Audio Device) Default Sound Playback: No Default Voice Playback: No Hardware ID: HDAUDIO\FUNC_01&VEN_10EC&DEV_0900&SUBSYS_1043855F&REV_1000 Manufacturer ID: N/A Product ID: N/A Type: N/A Driver Name: HdAudio.sys Driver Version: 10.0.19041.264 (English) Driver Attributes: Final Retail WHQL Logo'd: Yes Date and Size: 2020-05-08 7:00:00 PM, 430080 bytes Other Files:  Driver Provider: Microsoft HW Accel Level: Emulation Only Cap Flags: 0xF1F Min/Max Sample Rate: 100, 200000Static/Strm HW Mix Bufs: 1, 0 Static/Strm HW 3D Bufs: 0, 0 HW Memory: 0 Voice Management: No EAX(tm) 2.0 Listen/Src: No, No I3DL2(tm) Listen/Src: No, NoSensaura(tm) ZoomFX(tm): No---------------------Sound Capture Devices--------------------- Description: Microphone (GENERAL WEBCAM) Default Sound Capture: Yes Default Voice Capture: Yes Driver Name: USBAUDIO.sys Driver Version: 10.0.19041.388 (English) Driver Attributes: Final Retail Date and Size: 2020-07-06 7:00:00 PM, 202752 bytes Cap Flags: 0x1 Format Flags: 0xFFFFFDescription: Microphone (High Definition Audio Device) Default Sound Capture: No Default Voice Capture: No Driver Name: HdAudio.sys Driver Version: 10.0.19041.264 (English) Driver Attributes: Final Retail Date and Size: 2020-05-08 7:00:00 PM, 430080 bytes Cap Flags: 0x1 Format Flags: 0xFFFFF---------------------Video Capture DevicesNumber of Devices: 1--------------------- FriendlyName: GENERAL WEBCAM Category: Camera SymbolicLink: \\?\usb#vid_1b3f&pid_2002&mi_00#7&2b2ed624&0&0000#\{e5323777-f976-4f5b-9b55-b94699c46e44}\global Location: n/a Rotation: n/a Manufacturer: Microsoft HardwareID: USB\VID_1B3F&PID_2002&REV_0100&MI_00,USB\VID_1B3F&PID_2002&MI_00 DriverDesc: USB Video Device DriverProvider: Microsoft DriverVersion: 10.0.19041.488 DriverDateEnglish: 6/21/2006 00:00:00 DriverDateLocalized: 2006-06-21 12:00:00 AM Service: usbvideo Class: Camera DevNodeStatus: 180200A[DN_DRIVER_LOADED|DN_STARTED|DN_DISABLEABLE|DN_NT_ENUMERATOR|DN_NT_DRIVER] ContainerId: \{DE2B184C-05A6-11EB-8F14-240A64110AED} ProblemCode: No Problem BusReportedDeviceDesc: GENERAL WEBCAM Parent: USB\VID_1B3F&PID_2002\6&308d2105&0&4 DriverProblemDesc: n/a UpperFilters: n/a LowerFilters: WdmCompanionFilter Stack: \Driver\ksthunk,\Driver\usbvideo,\Driver\usbccgp ContainerCategory: n/a SensorGroupID: n/a MFT0: n/a DMFT: n/a CustomCaptureSource: n/a DependentStillCapture: n/a EnablePlatformDMFT: n/a DMFTChain: n/a EnableDshowRedirection: n/a FrameServerEnabled: n/a AnalogProviders: n/a ProfileIDs: n/a-------------------DirectInput Devices------------------- Device Name: Mouse Attached: 1 Controller ID: n/aVendor/Product ID: n/a FF Driver: n/aDevice Name: Keyboard Attached: 1 Controller ID: n/aVendor/Product ID: n/a FF Driver: n/aDevice Name: Gaming KB  Attached: 1 Controller ID: 0x0Vendor/Product ID: 0x258A, 0x1006 FF Driver: n/aDevice Name: Gaming KB  Attached: 1 Controller ID: 0x0Vendor/Product ID: 0x258A, 0x1006 FF Driver: n/aDevice Name: Wacom Tablet Attached: 1 Controller ID: 0x0Vendor/Product ID: 0x056A, 0x0315 FF Driver: n/aDevice Name: Wacom Tablet Attached: 1 Controller ID: 0x0Vendor/Product ID: 0x056A, 0x0315 FF Driver: n/aDevice Name: Wacom Tablet Attached: 1 Controller ID: 0x0Vendor/Product ID: 0x056A, 0x0315 FF Driver: n/aDevice Name: Controller (Xbox One For Windows) Attached: 1 Controller ID: 0x0Vendor/Product ID: 0x045E, 0x02FF FF Driver: n/aPoll w/ Interrupt: No-----------USB Devices-----------+ USB Root Hub (USB 3.0)| Vendor/Product ID: 0x8086, 0x8C31| Matching Device ID: USB\ROOT_HUB30| Service: USBHUB3| Driver: USBHUB3.SYS, 7/21/2020 23:11:10, 647992 bytes| +-+ Generic USB Hub| | Vendor/Product ID: 0x174C, 0x2074| | Location: Port_#0003.Hub_#0004| | Matching Device ID: USB\USB20_HUB| | Service: USBHUB3| | Driver: USBHUB3.SYS, 7/21/2020 23:11:10, 647992 bytes| | | +-+ Wacom Tablet| | | Vendor/Product ID: 0x056A, 0x0315| | | Location: Port_#0001.Hub_#0006| | | Matching Device ID: USB\VID_056A&PID_0315| | | Upper Filters: mshidkmdf| | | Service: WacHidRouterPro| | | Driver: wachidrouter.sys, 5/30/2018 16:27:39, 115672 bytes| | | Driver: wdfcoinstaller01011.dll, 3/4/2020 07:54:40, 1804784 bytes| | | | | +-+ HID-Compliant Mouse| | | | Vendor/Product ID: 0x056A, 0x0315| | | | Matching Device ID: HID\VID_056A&PID_0315&Col01| | | | Upper Filters: wacomrouterfilter| | | | Service: mouhid| | | | Driver: wacomrouterfilter.sys, 5/30/2018 16:27:40, 17880 bytes| | | | Driver: mouhid.sys, 12/7/2019 04:07:56, 35328 bytes| | | | Driver: mouclass.sys, 12/7/2019 04:07:56, 67600 bytes| | | | Driver: wdfcoinstaller01009.dll, 2/18/2011 11:49:22, 1721576 bytes| | | | +-+ USB Input Device| | | Vendor/Product ID: 0x1BCF, 0x0005| | | Location: Port_#0002.Hub_#0006| | | Matching Device ID: USB\Class_03&SubClass_01| | | Service: HidUsb| | | Driver: hidusb.sys, 12/7/2019 04:07:56, 44032 bytes| | | Driver: hidclass.sys, 12/7/2019 04:07:56, 225792 bytes| | | Driver: hidparse.sys, 12/7/2019 04:07:56, 46080 bytes| | | | | +-+ HID-compliant mouse| | | | Vendor/Product ID: 0x1BCF, 0x0005| | | | Matching Device ID: HID_DEVICE_SYSTEM_MOUSE| | | | Service: mouhid| | | | Driver: mouhid.sys, 12/7/2019 04:07:56, 35328 bytes| | | | Driver: mouclass.sys, 12/7/2019 04:07:56, 67600 bytes| | | | +-+ USB Composite Device| | | Vendor/Product ID: 0x258A, 0x1006| | | Location: Port_#0003.Hub_#0006| | | Matching Device ID: USB\COMPOSITE| | | Service: usbccgp| | | Driver: usbccgp.sys, 9/10/2020 02:15:07, 185664 bytes| | | | | +-+ USB Input Device| | | | Vendor/Product ID: 0x258A, 0x1006| | | | Location: 0000.0014.0000.003.003.000.000.000.000| | | | Matching Device ID: USB\Class_03&SubClass_01| | | | Service: HidUsb| | | | Driver: hidusb.sys, 12/7/2019 04:07:56, 44032 bytes| | | | Driver: hidclass.sys, 12/7/2019 04:07:56, 225792 bytes| | | | Driver: hidparse.sys, 12/7/2019 04:07:56, 46080 bytes| | | | | | | +-+ HID Keyboard Device| | | | | Vendor/Product ID: 0x258A, 0x1006| | | | | Matching Device ID: HID_DEVICE_SYSTEM_KEYBOARD| | | | | Service: kbdhid| | | | | Driver: kbdhid.sys, 12/7/2019 04:07:56, 46592 bytes| | | | | Driver: kbdclass.sys, 12/7/2019 04:07:56, 71480 bytes| | | | | | +-+ USB Input Device| | | | Vendor/Product ID: 0x258A, 0x1006| | | | Location: 0000.0014.0000.003.003.000.000.000.000| | | | Matching Device ID: USB\Class_03&SubClass_01| | | | Service: HidUsb| | | | Driver: hidusb.sys, 12/7/2019 04:07:56, 44032 bytes| | | | Driver: hidclass.sys, 12/7/2019 04:07:56, 225792 bytes| | | | Driver: hidparse.sys, 12/7/2019 04:07:56, 46080 bytes| | | | | | | +-+ HID Keyboard Device| | | | | Vendor/Product ID: 0x258A, 0x1006| | | | | Matching Device ID: HID_DEVICE_SYSTEM_KEYBOARD| | | | | Service: kbdhid| | | | | Driver: kbdhid.sys, 12/7/2019 04:07:56, 46592 bytes| | | | | Driver: kbdclass.sys, 12/7/2019 04:07:56, 71480 bytes| | | | | | | | +-+ HID Keyboard Device| | | | | Vendor/Product ID: 0x258A, 0x1006| | | | | Matching Device ID: HID_DEVICE_SYSTEM_KEYBOARD| | | | | Service: kbdhid| | | | | Driver: kbdhid.sys, 12/7/2019 04:07:56, 46592 bytes| | | | | Driver: kbdclass.sys, 12/7/2019 04:07:56, 71480 bytes| | | | | | | | +-+ HID Keyboard Device| | | | | Vendor/Product ID: 0x258A, 0x1006| | | | | Matching Device ID: HID_DEVICE_SYSTEM_KEYBOARD| | | | | Service: kbdhid| | | | | Driver: kbdhid.sys, 12/7/2019 04:07:56, 46592 bytes| | | | | Driver: kbdclass.sys, 12/7/2019 04:07:56, 71480 bytes----------------Gameport Devices----------------------------PS/2 Devices------------------------------------Disk & DVD/CD-ROM Drives------------------------ Drive: C: Free Space: 30.5 GBTotal Space: 227.8 GBFile System: NTFS Model: KINGSTON SHFS37A240GDrive: D: Free Space: 395.0 GBTotal Space: 953.8 GBFile System: NTFS Model: SAMSUNG HD103SIDrive: E: Free Space: 345.6 GBTotal Space: 953.9 GBFile System: NTFS Model: CT1000BX500SSD1Drive: F: Model: ATAPI iHAS124 B Driver: C:\WINDOWS\SYSTEM32\DRIVERS\CDROM.SYS, 10.00.19041.0001 (English), 12/7/2019 04:07:53, 174080 bytes--------------System Devices-------------- Name: Standard SATA AHCI ControllerDevice ID: PCI\VEN_1B21&DEV_0612&SUBSYS_858D1043&REV_01\4&C920BBB&0&00E5 Driver: C:\WINDOWS\system32\DRIVERS\storahci.sys, 10.00.19041.0488 (English), 9/10/2020 02:15:07, 185672 bytesName: High Definition Audio ControllerDevice ID: PCI\VEN_10DE&DEV_10F9&SUBSYS_37551462&REV_A1\4&3834D97&0&0108 Driver: C:\WINDOWS\system32\DRIVERS\hdaudbus.sys, 10.00.19041.0001 (English), 12/7/2019 04:07:50, 132608 bytes Driver: C:\WINDOWS\system32\DRIVERS\drmk.sys, 10.00.19041.0001 (English), 12/7/2019 04:07:50, 97792 bytes Driver: C:\WINDOWS\system32\DRIVERS\portcls.sys, 10.00.19041.0001 (English), 12/7/2019 04:07:50, 389120 bytesName: Intel(R) 8 Series/C220 Series USB EHCI #2 - 8C2DDevice ID: PCI\VEN_8086&DEV_8C2D&SUBSYS_85341043&REV_05\3&11583659&0&D0 Driver: C:\WINDOWS\system32\drivers\usbehci.sys, 10.00.19041.0001 (English), 12/7/2019 04:07:56, 86544 bytes Driver: C:\WINDOWS\system32\drivers\usbport.sys, 10.00.19041.0001 (English), 12/7/2019 04:07:56, 473400 bytes Driver: C:\WINDOWS\system32\drivers\usbhub.sys, 10.00.19041.0001 (English), 12/7/2019 04:07:56, 528184 bytesName: NVIDIA USB 3.10 eXtensible Host Controller - 1.10 (Microsoft)Device ID: PCI\VEN_10DE&DEV_1ADA&SUBSYS_37551462&REV_A1\4&3834D97&0&0208 Driver: C:\WINDOWS\system32\DRIVERS\USBXHCI.SYS, 10.00.19041.0488 (English), 9/10/2020 02:15:07, 602440 bytes Driver: C:\WINDOWS\system32\DRIVERS\UMDF\UsbXhciCompanion.dll, 10.00.19041.0488 (English), 9/10/2020 02:15:07, 137408 bytesName: PCI-to-PCI BridgeDevice ID: PCI\VEN_8086&DEV_0C01&SUBSYS_85341043&REV_06\3&11583659&0&08 Driver: C:\WINDOWS\system32\DRIVERS\pci.sys, 10.00.19041.0488 (English), 9/10/2020 02:15:07, 472376 bytesName: Standard SATA AHCI ControllerDevice ID: PCI\VEN_8086&DEV_8C02&SUBSYS_85341043&REV_05\3&11583659&0&FA Driver: C:\WINDOWS\system32\DRIVERS\storahci.sys, 10.00.19041.0488 (English), 9/10/2020 02:15:07, 185672 bytesName: Intel(R) 8 Series/C220 Se"
ssh agent overloading cpu,Done,Low,2020-12-03 09:57:00,2023-03-07 06:06:00,Bitbucket,"Suddenly sourcetree gave me an error with configuration and I had to re-configure it.It starts again with the installation screen but it is not able to connect to bitbucket, right after the login it makes a redirect to localhost and the installer keep waiting for the login process.Result: unable to use source tree."
Staging in a shared submodule leads to deletion of files,Done,Low,2020-12-02 13:28:00,2023-03-07 06:06:00,General,"Stash dialog 'Keep staged changes' checkbox doesn't work.When you check it and press 'OK' on the stash dialog with this checkbox checked, all changes discarded. in working tree.a Could not select proper affected version 3.3.4.3796, so pick 3.2.2, 3.2.4 and 3.3.9!image-2020-12-02-05-27-04-354.png!"
Sourcetree fails to install or open. ,Done,Low,2020-12-01 12:00:00,2023-03-07 06:06:00,General,Packages are not refreshing with new pull requests automatically. Refresh button is suggestible for viewing new pull requests in the dashboard of Source tree.
Can't push branch to Azure Git,Done,Low,2020-11-30 14:36:00,2023-03-07 06:06:00,General,"When you choose ""external diff"" in a log window, rather than opening the diff for file you are logging, it opens the diff for the file you have selected in the main sourcetree window."
Custom actions not working,Done,Low,2020-11-27 07:20:00,2023-03-07 06:06:00,Git,"I got a new PC and ported all my settings to the new one. So old PC is Win 7 ann new one is Win 10. The global gitignore file set in the git settings is not used for display in Sourcetree but it is used in command line git.It seems this is an old issue, as it is also reported here:[https://community.atlassian.com/t5/Sourcetree-questions/SourceTree-ignoring-global-gitignore-on-Win10/qaq-p/1029968]Â maybe it is also related to SRCTREEWIN-7387"
"""Check out in Sourctree"" always tries to clone new and complains about missing details.",Done,Low,2020-11-21 16:45:00,2023-03-07 06:06:00,Git,"Basically I want to report https://jira.atlassian.com/browse/SRCTREEWIN-1655a again.By the time I write this, that is a low priority bug, Done as obsolete years ago - but time to time, users (including me) add comments about they still experiencing the issue. I guess a Done bug won't get much attention, so I open a new one."
Problem when trying setup sourcetree,Done,Low,2020-11-20 15:49:00,2023-03-07 06:06:00,General,the filea sourcetreeconfig.json store in .git folder is always refresh to clean empty version after every launch of sourcetreea a it is very annoying to lost a lot of config made in every local git repositorya 
Authentication not working,Done,Low,2020-11-20 08:24:00,2023-03-07 06:06:00,Git,"If you have same names of repos, then if you opened one of this, and want to open second then open first"
Can't use authentication options,Done,Low,2020-11-18 18:08:00,2023-03-07 06:06:00,MercurialCredentialManager,"When I installed Sourcetree, Ia  chose not to install Mercurial, because I am using the app with Git, I started getting a ""Pageant"" credentials dialog whenever I start the Sourcetree app, and I think I remember Pageant being connected to Mercurial, though I'm not sure.a Now, whenever I start Sourcetree, I get a tiny Pageant credentials dialog. It wants me to enter a passphrase for a specific key, which is listed in Hex.I found a pageant.exe in my Putty folder for some reason, and thought it had been installed by mistake. I deleted the pageant.exe. However, now when I start Sourcetree, I still get the Pageant credentials dialog.a When I search online for the Pageant app, all I get is application forms for Miss whatever beauty pageants.a Do you have any idea what the Pageant app is, and why it would try to start when Sourcetree starts? (I think it might have to do with Mercurial, so I chose that component. But, I am NOT using Mercurial. I use Git.)Note: I am seeing now that I am on an unreleased version of Sourcetree, which may explain some of this. Do I have to uninstall it and install the latest released version? Sounds like a lot of work, and I don't have time today. :("
Galaxy S7 - Envato Elements (Music tracks section) - Wrong translation (russian language),Done,Low,2020-11-17 10:51:00,2023-03-07 06:06:00,General,"I pressed ""Show In Explorer"" and the crash occurs.Here is the dump."
Add an Account in Remote Tab Opens Edit Hosting Account Window with Username in Ready Only,Done,Low,2020-11-12 08:00:00,2023-03-07 06:06:00,branch,"I had a brunch which I deleted from both local and origin using GitKraken and then I verified from the Git brunch is deleted from Git Bash as well. However, that brunch still shows in Source Tree, even after refresh or fetch origin and when I try to delete the same brunch, it actually pushes the brunch to remote and then delete it again."
Unable to open Web Browser Message,Done,Low,2020-11-15 13:20:00,2023-03-07 06:06:00,Git,"*Background:* Since Github is phasing out basic login with password, its important that login with PAT is simple and works for usersa *Issue:* SourceTree will fail basic login with PAT unless a specific, non-obvious permission is granted (which is not enabled by default in GitHub GUI)a *Repro:*1. create Personal Access Token from Github developer options with default permissions, or repo permissions2. use PAT as password in SourceTree basic login3. Fails with message to the affect of ""user not found""a Fix: User must check `user:email` permission (not checked by default), otherwise SourceTree will fail login. !image-2020-11-15-15-14-23-474.png!Since its hard to guess this will be needed (and it's disabled by default in Github), it would be great if sourcetree could give a hint on this error i.e. ""is \""user:email\"" permission set in your PAT?""(Assuming the permission really is necessary for login / common operations.If not, even better would be login succeeding without it)a NOTE: My SourceTree is version `3.3.6`. The `Affects Version/s` dropdown doesn't accept that, so I selected `3.3.9`"
update branch from remote master (as in Github Desktop),Done,Low,2020-11-11 11:39:00,2023-03-07 06:06:00,Git,"In some situations new files are not shown in the unstaged files with _pending_ active._I'm not sure what these situations are yet._The git command used by sourcetree is:a `git -c diff.mnemonicprefix=false -c core.quotepath=false --no-optional-locks status --porcelain --ignore-submodules=dirty --untracked-files=all --no-ahead-behind`a Which includes them prefixed with `A`, however sourcetree refuses to show them in Pending or Untracked, only in *Clean* and All.a _This is an annoying bug since you may forget to add files._"
"Unable to pull the new updates from the branch""failed to aunthenticate""",Done,Low,2020-11-10 11:27:00,2023-03-07 06:06:00,Bitbucket,"Same bug also reported at SourceTree for Mac.SourceTree hangs when I click on and mouse wheel on the different area on the bottom right corner.It seems that this happens only when I click on the diff. on the XAML file.Below is a configuration that will hang my SourceTree. Clicking on the Resource.xaml, and then trying to scroll the bottom right area that highlights the different in code patch, and the program will hang; there is now no response when I click on any other area.I'm using latest version.!https://i.imgur.com/kkF5lH6.png!"
Can't rearrange bookmarks,Done,Low,2020-11-10 10:44:00,2023-03-07 06:06:00,General,"I've found a type in the GUI, probably only in the German translation, but I didn't check. To enter the menu rightclick on a branch name.It should be ""Hole <branchname>"" instead of ""Hole<branchname>"" -> a space is missing.!image-2020-11-10-11-38-45-235.png!"
File status not updated automatically anymore,Done,Low,2020-11-10 09:47:00,2023-03-07 06:06:00,Git,"On my Remote accounts, I have an account set up for Azure DevOps.as reference * [account1@domain1.com|mailto:account1@domain1.com] ** Member of [http://dev.azure.com/organization1|http://dev.azure.com/organisation1] ** Member of [http://dev.azure.com/organization2|http://dev.azure.com/organisation2]I am trying to add another DevOps account now to SourceTree:a [account2@domain2.com|mailto:account2@domain2.com]a that is also linked to organization 2 on DevOpsas reference * [account2@domain2.com|mailto:account2@domain2.com] ** Member ofa [http://dev.azure.com/organization2|http://dev.azure.com/organisation2]a The problem seems that username ([account1@domain1.com|mailto:account1@domain1.com])a is sent through, instead of the PAT which then does not authenticate on DevOps Orgnaisation2To do this I do the following steps: # Select Tools Menu # Select Options # Select Authentication Tab ##a a list of my accounts is displayed, including an existing connection to azure dev-ops #a Click ""Add"" to add a new account. # Select Azure DevOps as the Hosting service # Enter the URL, for a different organization ## https://my2nddevopsorginsation.visualstudio.com # Click ""Refresh Personal Access Token"" # I enter my PAT as both username and password and click OK ## checking password wheels spin ## the error comes back as follows:{color:#0747a6}_an account already exists for 'account1@domain1.com@organization2.visualstudio.com_{color}so according to the error, [account1@domain1.com|mailto:account1@domain1.com]a is passed as the username,a instead of trying to use the username that I send through since account1@domain.com, is not in any way related to the account I am trying to setup, it must be a bug that this is sent through as a username, instead of the username that I specify.a after clicking ok, the username field is changed to my [account1@domain1.com|mailto:account1@domain1.com]a even though that is not the username that I specified.a !image-2020-11-10-11-43-27-408.png!a !image-2020-11-10-11-44-15-482.png!a !image-2020-11-10-11-45-10-086.png!a so to be precise:a  from the screenshotsa  [gerriep@evolvemed.co.za|mailto:gerriep@evolvemed.co.za]a would by my account1@domain1.com,a  which is nothing to do with what I am trying to setup, but somehow sourcetree populates this info in to the username and error message"
Bug / Bad design: Why are branches not created?,Done,Low,2020-11-06 09:51:00,2023-03-07 06:06:00,Git,"When I open the sourcetree (v3.2.6.3544), it will always add my user document to tab,it's not a git repo, it will cause the cpu to become full.And when I add some git repo to tab, not always will be seen at next time"
Failed Authentication after account setup,Done,Low,2020-01-22 11:45:00,2023-03-07 06:06:00,General,"Hi Team,Last week i have updated my sourcetree and after whatever changes i am doing into my IDE are not getting updated into source tree unstaged area (to see the updated changes everytime i need to restart my sourcetree) and the same things are happing even if i staged some files/with/with push.a I don't know whether someone else if facing this issue or not so kindly can you please take it on priority.this issue is really frustrated so can you please fix it ASAP."
Multiple Failed Authentication causes lockout,Done,Low,2020-01-28 14:10:00,2023-03-07 06:06:00,General,"Staged files view does not update after adding files.a I am using the split view that uses one window for staged files and one for unstaged. When adding files the files disappear from the unstaged view, but they do not show up in the staged view until F5 is pressed (GUI-refresh).This is very annoying and seems to happen since one of the last two updates (since that major GUI overhaul).Version: 3.3.7 (@Atlassian cannot be selected in Affected Versions! Please fix that too.)"
Crashes happen every now and then,Done,Low,2020-11-03 13:10:00,2023-03-07 06:06:00,Bitbucket,"Application: SourceTree.exeFramework Version: v4.0.30319Description: The process was terminated due to an unhandled exception.Exception Info: SourceTree.Exceptions.ConnectivityException at SourceTree.Host.Bitbucket.Server.BitbucketServerHost+<ListGroupingsForUser>d__23.MoveNext() at System.Runtime.ExceptionServices.ExceptionDispatchInfo.Throw() at System.Runtime.CompilerServices.TaskAwaiter.HandleNonSuccessAndDebuggerNotification(System.Threading.Tasks.Task) at SourceTree.ViewModel.Hosted.HostedProjectsViewModel+<RefreshGroupingList>d__95.MoveNext() at System.Runtime.ExceptionServices.ExceptionDispatchInfo.Throw() at System.Runtime.CompilerServices.TaskAwaiter.HandleNonSuccessAndDebuggerNotification(System.Threading.Tasks.Task) at SourceTree.ViewModel.Hosted.HostedProjectsViewModel+<<-ctor>b__47_8>d.MoveNext() at System.Runtime.ExceptionServices.ExceptionDispatchInfo.Throw() at System.Windows.Threading.ExceptionWrapper.InternalRealCall(System.Delegate, System.Object, Int32) at System.Windows.Threading.ExceptionWrapper.TryCatchWhen(System.Object, System.Delegate, System.Object, Int32, System.Delegate) at System.Windows.Threading.DispatcherOperation.InvokeImpl() at MS.Internal.CulturePreservingExecutionContext.CallbackWrapper(System.Object) at System.Threading.ExecutionContext.RunInternal(System.Threading.ExecutionContext, System.Threading.ContextCallback, System.Object, Boolean) at System.Threading.ExecutionContext.Run(System.Threading.ExecutionContext, System.Threading.ContextCallback, System.Object, Boolean) at System.Threading.ExecutionContext.Run(System.Threading.ExecutionContext, System.Threading.ContextCallback, System.Object) at MS.Internal.CulturePreservingExecutionContext.Run(MS.Internal.CulturePreservingExecutionContext, System.Threading.ContextCallback, System.Object) at System.Windows.Threading.DispatcherOperation.Invoke() at System.Windows.Threading.Dispatcher.ProcessQueue() at System.Windows.Threading.Dispatcher.WndProcHook(IntPtr, Int32, IntPtr, IntPtr, Boolean ByRef) at MS.Win32.HwndWrapper.WndProc(IntPtr, Int32, IntPtr, IntPtr, Boolean ByRef) at MS.Win32.HwndSubclass.DispatcherCallbackOperation(System.Object) at System.Windows.Threading.ExceptionWrapper.InternalRealCall(System.Delegate, System.Object, Int32) at System.Windows.Threading.ExceptionWrapper.TryCatchWhen(System.Object, System.Delegate, System.Object, Int32, System.Delegate) at System.Windows.Threading.Dispatcher.LegacyInvokeImpl(System.Windows.Threading.DispatcherPriority, System.TimeSpan, System.Delegate, System.Object, Int32) at MS.Win32.HwndSubclass.SubclassWndProc(IntPtr, Int32, IntPtr, IntPtr) at MS.Win32.UnsafeNativeMethods.DispatchMessage(System.Windows.Interop.MSG ByRef) at System.Windows.Threading.Dispatcher.PushFrameImpl(System.Windows.Threading.DispatcherFrame) at System.Windows.Application.RunDispatcher(System.Object) at System.Windows.Application.RunInternal(System.Windows.Window) at SourceTree.App.Main()a "
Repository is not opened if a tab with another repository having the same name already exists,Done,Low,2020-08-21 15:33:00,2023-03-07 06:06:00,General,"Windows 10.0.18363 x64 - GITSourceTree version 3.3.9I have this very frequent bug lately (multiple times a day). When I view the files diffs (staging or commit), if I scroll down to the bottom of the file, it will freeze the UI and I have to close the process to restart.Not all files trigger this freeze, but when one does, it will freeze everytime when I scrolldown (so I can reproduce the bug easily on my end). It seems related to the Diff ""context"" since, when I reduce it, the freeze doesn't occur on the same files (behavior change).The freeze is instant, as soon as the Diff panel hits the end-of-file, it freezes.I didn't have this bug in the previous version (3.3.6)"
Add Branch name column to History view and allow view to sort by branch name,Done,Low,2020-11-02 12:05:00,2023-03-07 06:06:00,Bitbucket,"I use ""Checkout in SourceTree"" function of the BitBucket. The checkout process finishes successfully. Then the SourceTree UI will being opened but crashes.a SourceTree for Windows v*3.3.9*Windows 7 Pro 64bit SP1a Diagnostics pop-up content:a Problemsignatur:a  Problemereignisname: CLR20r3a  Problemsignatur 01: SourceTree.exea  Problemsignatur 02: 3.3.9.3870a  Problemsignatur 03: 5ec58c28a  Problemsignatur 04: System.Reactivea  Problemsignatur 05: 4.1.6.362a  Problemsignatur 06: 8594b41fa  Problemsignatur 07: 1f1a  Problemsignatur 08: aa  Problemsignatur 09: System.ObjectDisposedExceptiona  Betriebsystemversion: 6.1.7601.2.1.0.256.48a  Gebietsschema-ID: 1031a  Zusatzinformation 1: 0418a  Zusatzinformation 2: 0418b852aa92081b4259e31a72081cc9a  Zusatzinformation 3: bfbba  Zusatzinformation 4: bfbbc035c95658cbdf710539a4d6dfe5"
Search does not work with huge repo,Done,Low,2020-10-28 13:56:00,2023-03-07 06:06:00,Git,"Our tags for released versions contain commas (e.g. 4,1,2,0). They are shown correctly in the Tags section of Sourcetree, but in the History View they are cut off at the first comma."
Force push crashes,Done,Low,2020-10-27 21:32:00,2023-03-07 06:06:00,General,"Hello,I am creating successfully a subtree to a remote repo and pull/push successfully. It appears under the ""Stashed"" tab on the left.However, when I close and reopen the Sourcetree, the subtree that I have defined earlier, disappears.It does not disappear, if I close the project tab and reopen the project without closing the Sourcetree.I have seen these two post with the same/similar problem:Link1[Link2|https://community.atlassian.com/t5/Sourcetree-questions/subtree-pull-hangs-or-pulls-into-the-wrong-folder/qaq-p/368478]Both links belong to the same person.I have tried the suggested solution there (clearing cache) but it did not solve my problem.The person, who who was in charge of developing this part of the Sourcetree, has not posted since 2017. Maybe he left Atlassian, and this issue is still there.I have already asked this question in the forum, but no replies since April.I have tried 3.3.9 and the problem is still there.a It seems to be a very simple save issue. Maybe can be fixed very easily...."
"SourceTree is not able to pull/push branches with / in the name, e.g. release/2020.05",Done,Low,2020-10-22 13:22:00,2023-03-07 06:06:00,Git,"I updated the old 3.3.6 version (maybe Windows program) to the new one 3.3.9 (Windows App).Everything worked fien before but nowa I'm trying to pull from a branch and I have this error.!image-2020-10-22-13-45-35-769.png!Nothing is changed from the previous version and I checked the Repository Settings where I can see the Path is ok (GitHub:<my company>/some_repo.git).Repository Details shows all the data, so its able to load it.About GitHub.I use my personal account and also a company account.This repo is on a company repo/account where I access with SSH.The SSH have unfortunately a password and the previous version (3.3.6) when started asked my to provide that password. If I skipped/ignored that step I think I had the same error, but I'm not sure. I wasn't able to pull/push for sure.The new version, 3.3.9, NEVER asks for the SSH password. I restarted it many times to check.I created a new record in Tools/Options/Authentication, it requried the OTP code and authorization from GitHub. Done.!image-2020-10-22-14-20-32-634.png!That error message is still there and not helping at all, I have the access rights but the tool is not using it.Regards,Alessandro Piccionea a "
SourceTree locks corporate Atlassian account when trying to clone repository from Bitbucket.,Done,Low,2020-10-27 02:04:00,2023-03-07 06:06:00,Bitbucket,"Some repos show up and some dont when searching in ""Remote Repositories"".I am running the latest Sourcetree 3.3.8 and the latest GIT 2.28.0 and verified that this is not a security issue.As an example, we have many repos starting with the word third, but non are showing up in the list.a !image-2020-10-26-18-58-51-538.png!"
SourceTree wrong focus after seeing console output,Done,Low,2020-10-23 07:55:00,2023-03-07 06:06:00,General,I have some large binaries (16 MB) that I want to check in. In the settings I indicated I don't want to diff this filetype (*.bin) I also indicated I don't want to do this for files of over 1 MB but still SourceTree is trying to diff this files while selecting it for staging.a This causes sourcetree fo freeze for a long time before I can continue the operation. This is unnecessary and inconvenient.I I try to do the same operation using Tourtoise Git there is no problem.a It looks like SourceTree is ignoring these settings and tries to always display the diff.
Cannot register to SourceTree using my corporate account,Done,Low,2020-10-21 08:09:00,2023-03-07 06:06:00,Git,"git -c diff.mnemonicprefix=false -c core.quotepath=false --no-optional-locks push -v --tags origin main:mainfatal: unable to access 'https://github.com/abb-trafa/PlanovaniVyroby.git/': Failed to connect to github.com port 443: Timed outPushing to https://github.com/abb-trafa/PlanovaniVyroby.gitCompleted with errors, see above."
Show remote branches renamed on checkout in push window.,Done,Low,2020-10-20 12:01:00,2023-03-07 06:06:00,General,"I discovered variant behavior when getting to a git terminal after changing environment variables in Windows.Steps to reproduce # Launch SourceTree # Add a new binary to the PATH environment variable # Use SourceTree to launch a Terminal (Git Bash) # Try to use the new binary # Observe that the binary is not found since the terminal inheritsÂ  SourceTree's set of variables # Use SourceTree to launch an Exlorer # Right-click on the Explorer window and launch a terminal (Git Bash) # Try to use the new binary # Observe that the new binary WAS locatedExpected results:I expected that no matter which way I launched the terminal (git bash) that the variables would be the same, but they are not.Â Also note: version 3.3.9 is showing as an unreleased version here in Jira, but I've downloaded and installed it some months ago"
"Provide an option to force a ""fast-forward"" merge from within Sourcetree",Done,Low,2020-10-20 11:54:00,2023-03-07 06:06:00,General,"When reporting a bug, I was presented with this form. The box highlights a link on that page that: # links to a very old version (2.0.19.1) # when clicked produces a forbidden error pageg!image-2020-10-20-06-52-05-093.png!"
Source Tree Crash when add a new github account ,Done,Low,2019-06-06 10:50:00,2023-03-07 06:06:00,General,"I've organized my local repositories into folders in SourceTree. If I want to re-order the local repositories inside a folder by dragging and dropping a selected item onto another position inside the folder, then this item is placed outside the folder afterwards.My original view looks like this: * Folder A ** Repo A1 ** Repo A2 ** Repo A3Â  <- This one I want to move up before A2 * Folder BAfter I've dragged A3 and dropped it to its new position the view looks like this: * Folder A ** Repo A1 ** Repo A2 * Folder B * Repo A3Â  <- A3 is placed outside folder A nowÂ "
Can't assign keystroke to custom actions in 3.3.8,Done,Low,2020-01-20 13:26:00,2023-03-07 06:06:00,General,"Hi, after the latest release i started to see this issue a lot!, once it happens no matter how many times I restart the SourceTree, it'll keep happening.Description of the problem:the commit screen has staged and un staged sections, and the code changes on the right side section, when you do any action, it's not reloading the UI, for example if you stage a file, it will not throw any exception but UI won't refresh and you will see the file still in the un-staged section, then when you restart the SourceTree you would see the file moved to staging section normally,Â Current behavior: UI is not refreshing by any action on the Commit screen (staging, unstaging, discarding, etc..)Â Expected behavior: UI should always refresh to reflect the changes on the tool UI, as it was always do."
Global Ignore List does not work.,Done,Low,2020-01-14 08:13:00,2023-03-07 06:06:00,General,"*Steps:*1. Go to any Bitbucket repository in browsera [https://bitbucket.org/]2. Navigate to ""Branches""3. Select any branch4. Click ""Checkout"" => ""Checkout in sourcetree""5. Click ""Open sourcetree"" in browser popup.6. Click ""Checkout"" in Sourcetree ""URL actions"" popup*Actual Result:*Application is crashed.*Expected Result:*Selected branch is checked out and is active."
Black Dark Theme (rather than Blue) ,Done,Low,2020-10-15 14:08:00,2023-03-07 06:06:00,remote,With the latest Windows build 3.3.9 the integration with my local Bitbucket Server account is not persisted in the repositories and e.g. checking out branches via Bitbucket Server always causes problems because the optional extended integration options for a repository are not saved.Steps to reproduce:1. Change respository extended settings from a the Standard to Bitbucket Server2. Save changes and close Sourcetree3. Open Sourcetree again and verify the extended settings are stored
dark theme=> to be improved,Done,Low,2020-01-13 07:43:00,2023-03-07 06:06:00,General,"After upgrading to v3.3.6, I found out that in order to see changes in any file, I have to refresh the sourcetree with F5. Even if I stage the changes or checkout to new branch, the changes are reflected only after refresh.P.S. The version I am using (v3.3.6) is not mentioned in list. So, I am using 3.3b1 in dropdown below.!image-2020-01-13-13-28-39-539.png!"
Sourcetree Commit is Not Responding ,Done,Low,2020-10-15 07:11:00,2023-03-07 06:06:00,Bitbucket,"In our company we use our Bitbucket server. So when we want to see repository on the web we have to enter to browser URL [https://url_of_bitbucket_server/projects/[project_name]/repos/[repo_name]]But when I go to repo settings, choose edit on remote repository, set ""Host Type"" to Bitbucket server and Host Root URL to [https://url_of_bitbucket_server/|https://url_of_bitbucket_server/projects/[project_name]/repos/[repo_name]], then click on ""Remote"" button, It opens URL [https://url_of_bitbucket_server/[project_name]/[repo_name].|https://url_of_bitbucket_server/rob/rac.] This URL is not valid. I like the feature, but it not works with Bitbucket server. I cant find any other ways to fix the behavior"
"In history view, move the current branch so that it is at the top",Done,Low,2020-10-14 13:17:00,2023-03-07 06:06:00,General,"Open Repository Settings, Page ""Remotes"", select the default remote, click ""Edit"" -> crasha Can be reproduced every time. My repository is hosted on GitHub and was cloned using the Repository list inside SourceTree (I linked my GitHub account). Deleting and re-adding the same remote didn't change the problem.a The event log entry:|Anwendung: SourceTree.exe Frameworkversion: v4.0.30319 Beschreibung: Der Prozess wurde aufgrund einer unbehandelten Ausnahme beendet. Ausnahmeinformationen: System.NullReferenceException bei SourceTree.ViewModel.RemoteDetailsDialogViewModel.set_Url(System.String) bei SourceTree.ViewModel.RemoteDetailsDialogViewModel..ctor(SourceTree.Model.Repository, System.String, System.String, System.Collections.Generic.List`1<System.String>, SourceTree.Model.RepositoryRemoteProjectLink, System.Action`2<SourceTree.ViewModel.AbstractDialogViewModel,Int32>, SourceTree.CustomActions.ICustomActionsManager, SourceTree.Scheduler.ISchedulerManager, SourceTree.Repositories.IRepositoryManager, SourceTree.Diagnostics.ITraceManager, SourceTree.Scheduler.IDispatcher, SourceTree.Accounts.IAccountManager, SourceTree.Diagnostics.IFailureHandler, SourceTree.Dvcss.IDvcsManager, SourceTree.Repositories.IRepositoryMonitorManager, SourceTree.View.FileLists.IFileListViewManager, SourceTree.View.Container.IFileListContainerViewManager, SourceTree.View.Diff.IDiffViewManager, SourceTree.Configuration.IConfigurationManager, SourceTree.View.Process.IProcessDialogViewManager, SourceTree.View.ChangeSets.IChangeSetViewManager, SourceTree.Notifications.INotificationsManager) bei SourceTree.ViewModel.RepoSettingsDialogViewModel.EditRemote() bei MS.Internal.Commands.CommandHelpers.CriticalExecuteCommandSource(System.Windows.Input.ICommandSource, Boolean) bei System.Windows.Controls.Primitives.ButtonBase.OnClick() bei System.Windows.Controls.Button.OnClick() bei System.Windows.Controls.Primitives.ButtonBase.OnMouseLeftButtonUp(System.Windows.Input.MouseButtonEventArgs) bei System.Windows.RoutedEventArgs.InvokeHandler(System.Delegate, System.Object) bei System.Windows.RoutedEventHandlerInfo.InvokeHandler(System.Object, System.Windows.RoutedEventArgs) bei System.Windows.EventRoute.InvokeHandlersImpl(System.Object, System.Windows.RoutedEventArgs, Boolean) bei System.Windows.UIElement.ReRaiseEventAs(System.Windows.DependencyObject, System.Windows.RoutedEventArgs, System.Windows.RoutedEvent) bei System.Windows.UIElement.OnMouseUpThunk(System.Object, System.Windows.Input.MouseButtonEventArgs) bei System.Windows.RoutedEventArgs.InvokeHandler(System.Delegate, System.Object) bei System.Windows.RoutedEventHandlerInfo.InvokeHandler(System.Object, System.Windows.RoutedEventArgs) bei System.Windows.EventRoute.InvokeHandlersImpl(System.Object, System.Windows.RoutedEventArgs, Boolean) bei System.Windows.UIElement.RaiseEventImpl(System.Windows.DependencyObject, System.Windows.RoutedEventArgs) bei System.Windows.UIElement.RaiseTrustedEvent(System.Windows.RoutedEventArgs) bei System.Windows.Input.InputManager.ProcessStagingArea() bei System.Windows.Input.InputManager.ProcessInput(System.Windows.Input.InputEventArgs) bei System.Windows.Input.InputProviderSite.ReportInput(System.Windows.Input.InputReport) bei System.Windows.Interop.HwndMouseInputProvider.ReportInput(IntPtr, System.Windows.Input.InputMode, Int32, System.Windows.Input.RawMouseActions, Int32, Int32, Int32) bei System.Windows.Interop.HwndMouseInputProvider.FilterMessage(IntPtr, MS.Internal.Interop.WindowMessage, IntPtr, IntPtr, Boolean ByRef) bei System.Windows.Interop.HwndSource.InputFilterMessage(IntPtr, Int32, IntPtr, IntPtr, Boolean ByRef) bei MS.Win32.HwndWrapper.WndProc(IntPtr, Int32, IntPtr, IntPtr, Boolean ByRef) bei MS.Win32.HwndSubclass.DispatcherCallbackOperation(System.Object) bei System.Windows.Threading.ExceptionWrapper.InternalRealCall(System.Delegate, System.Object, Int32) bei System.Windows.Threading.ExceptionWrapper.TryCatchWhen(System.Object, System.Delegate, System.Object, Int32, System.Delegate) bei System.Windows.Threading.Dispatcher.LegacyInvokeImpl(System.Windows.Threading.DispatcherPriority, System.TimeSpan, System.Delegate, System.Object, Int32) bei MS.Win32.HwndSubclass.SubclassWndProc(IntPtr, Int32, IntPtr, IntPtr) bei MS.Win32.UnsafeNativeMethods.DispatchMessage(System.Windows.Interop.MSG ByRef) bei System.Windows.Threading.Dispatcher.PushFrameImpl(System.Windows.Threading.DispatcherFrame) bei System.Windows.Application.RunDispatcher(System.Object) bei System.Windows.Application.RunInternal(System.Windows.Window) bei SourceTree.App.Main()|"
Authentication failure - Keeps attempting to authenticate on single request.,Done,Low,2020-10-11 06:50:00,2023-03-07 06:06:00,General,"After adding GitHub account, my GitHub repositories are not showing in the list. Bitbucketa  repositories show OK.!image-2020-10-10-12-33-53-370.png!!image-2020-10-10-12-34-32-201.png!a "
"sourcetree intallation stuck at ""Authentication Successful""",Done,Low,2020-10-10 16:36:00,2023-03-07 06:06:00,General,"After adding GitHub account, my GitHub repositories are not showing in the list. BitbucketÂ  repositories show OK.!image-2020-10-10-12-33-53-370.png!!image-2020-10-10-12-34-32-201.png!Â "
Sync theme with OS,Done,Low,2020-10-08 14:22:00,2023-03-07 06:06:00,UX,"I have noticed this few times. This is happening mostly on multi monitor environment and when moving the Source Tree window from one to other window.a How ever, the right mouse click options works (from clicking right mouse on the ST icon in the task bar).. and then selecting close ST.a "
No access to taskbar in full windowed mode,Done,Low,2020-10-07 12:59:00,2023-03-07 06:06:00,General,"Presently, the combo box option that allow to choose between Tree View, Flat List (single) and Flat List (multiple) is shared between the File Status view and the History view.Please separate them so that we can, for example, display files as a tree view in the History, while displaying files in File Status as a flat list, without having to switch the display option each time we switch the view we go in if we want to have a different display option in each view !"
Dark theme Contrast at Commit/Pull/Push Bar Notifications,Done,Low,2020-10-07 12:45:00,2023-03-07 06:06:00,Git,"A lot of git commands, for example creating a new feature with git flow, give me the error that index.lock already exists. When I check with windows explorer and/or commandline, I don't see the file present in my .git folder though.I found that when I close al my Visual Studio's, the problem is gone.I believe the Visual Studio teams tab which has some sort of git integration conflicts with Sourcetree.My Sourcetree is at version 3.3.9 and Visual Studio 2019 professional at 16.7.5."
File Status - Tree View - Sort order lost on refresh,Done,Low,2020-10-05 08:55:00,2023-02-10 10:51:00,Git,"Hi, I can't find any category for reporting documentation bugs in the Git tutorial at [https://www.atlassian.com/git/tutorials/syncing,]Â so I'll place this issue in the SourceTree category.The tutorial page contains statements like:""Rename a remote connection fromÂ toÂ .""where the ""from"" and ""to"" names are missing.Â  This happens throughout the page."
Bad design: Uncommitted changes appear for no reason,Done,Low,2020-10-04 20:13:00,2023-02-10 10:51:00,General,"Currently theÂ Refresh OAuth Token button in the Edit Hosting Account dialog automatically opens the browser.This is a neat feature which is smooth in most cases, but there are times where the default browser is logged into a provider with a different account.i.e.Â  User is authenticated in Edge for one contract and Chrome for another contract account.It would be great to allow that user to copy and paste the generated URL to the browser of their choice to complete the OAuth transaction.Obviously, please keep the button for the 90% use case of a single login with the default browser."
"Folders not properly posted, new scripts not consistently detected",Done,Low,2020-10-01 12:45:00,2023-02-10 10:51:00,Bitbucket,"Sourcetree keeps asking for a username and password for bitbucket.org for no reason.Every few minutes, a popup appears asking for my credentials. * I use SSH for all my open repositories (I probably still have some using HTTPS, but none of them are open). * I don't even have any bitbucket.org repositories open * Under ""Authentication"" in the settings, I have no accounts * When I select New tab > Remote, there are no accounts.I cannot find any other reason why it should think it should be trying to login to Bitbucket.I have marked this as major because it happens every few minutes, which is absolutely infuriating.I also cannot select the right version. I have 3.3.9 for Windows, which is what I downloaded from the website. But it says that doesn't exist. I have selected the closest version"
No proper manuals for Windows,Done,Low,2020-09-30 16:56:00,2023-02-10 10:51:00,Bitbucket,I received a new PC and has to reinstall most of my applications. For some reason I am unable to check out. I followed the troubleshooting steps related to the app password section but no success.a I require assistance ASAP as I am unable to deploy my dev and config in the UAT environment.Thank you
adding helperselector to config,Done,Low,2020-09-23 14:59:00,2023-02-10 10:51:00,General,"I'm use sourcetree for a while, once day it have update then after that while i open Sourcetree it will automatic suspend. I try to uninstall (from control panel & clear data from AppData) , and install again, But it not help. It auto suspend again. What should i do ?a P.S. I'm use Windows (64-Bit) & I download sourcetree lastest version for windowsa [Videos|[https://youtu.be/TyqHL1sBqg8]]"
REGRESSION: Cannot create patch from working copy,Done,Low,2020-09-22 08:41:00,2023-02-10 10:51:00,General,"Whatever if I make changes or not in Options dialog, Sourcetree crashes when closing it.I can see some events in Windows Log Events, but nothing that can help me to resolve this issue."
Repository quick view,Done,Low,2020-09-21 20:59:00,2023-02-10 10:51:00,UX,"STR:1) Open new tab2) Search for some repository (make sure list of shown repositories is filtered and first item is changed)3) Press ""Delete"" button OR right click and select ""delete"".Â Expected result:Highlighted / ""right-clicked"" items is offered to be deleted.Â Actual Result:Result is inconsistent. Initially Modal dialog offered me to confirm deletion of my first item in the list, which in my case was a folder and at that point was hidden due to filtering.Later I saw it was offering me to delete more than one repository.Sometimes it worked as expected.Â Note: My about dialog shows version 3.3.4, but Jira doesn't allow to select it so I put 3.3.9"
Remove repositories dialog accumulates repository names incorrectly,Done,Low,2020-09-21 04:02:00,2023-02-10 10:51:00,Bitbucket,Unable to resolve conflicts using source tree v3.3.9
Remote Exclamation Mark although PULL and PUSH work,Done,Low,2020-09-17 09:22:00,2023-02-10 10:51:00,General,"I'm using version 3.3.9 for Windows. The following reproduction steps lead to the issue. * Create a new Git repository. * Create two new files with many lines of text (large vertical width, enough to provoke a scroll bar in Sourctree). * Select both files in Sourcetree under ""Unstaged files"". * In the contents pane scroll to the bottom using the mouse scroll wheel. * Sourcetree will stop responding and must be Done from the task bar."
Diff/Merge Fails with Beyond Compare 4,Done,Low,2020-09-14 10:24:00,2023-02-10 10:51:00,General,Unable to open Kdiff3 external tool to resolve conflicts.Details of software installed in system:Source Tree version: 3.3.9a  !image-2020-09-14-15-53-49-996.png!
Authentication failed on BitBucket account in sourcetree,Done,Low,2020-09-14 09:17:00,2023-02-10 10:51:00,General,"The commit time is not displayed in 24h, whereas my Windows time is set to 24h format (french settings).The time is currently displayed in 12h format without any AM and PM indication, this is really annoying."
Sourcetree crashes when checking out branch in browser.,Done,Low,2020-09-13 11:04:00,2023-02-10 10:51:00,UX,"I have a screen with max 730 pixels height. When I open Sourcetree / Actions / Create patch, the product opens a form in a modal window with a bigger height that my screen has and it is not scrollable. Therefore I am unable to use the application on that display.I use the latest Windows version 3.3.8 but I cannot find it in the AffectsVersion field."
SourceTree does not appear in Win10 Start Menu,Done,Low,2020-09-11 22:47:00,2023-02-10 10:51:00,General,"Steps:1.Open sourcetree win 102. introduce ssh key3. no repo opened, so the page with local repository will be showed4. opena  a local repository( no internet connection is need, no server need to be reached)a Expected: Everytime after step 4 sourcetree will load the repoActual: At step 4), some times the sourcetree becomes unresponsive and crash after 1.5- 2 seconds.a a a a "
Sourcetree v3.3.8 is forgetting extended integration settings,Done,Low,2020-09-11 13:15:00,2023-02-10 10:51:00,Git,"Sometimes, when I was scrolling the stages panel, the application blocks and then I need to restart it."
Remote Repos Filter not working,Done,Low,2020-09-11 08:42:00,2023-02-10 10:51:00,Bitbucket,"This started happening once I had updated to the latest version of Sourcetree 3.3.9.3870.Windows 10 Home, version 10.0.18363, 64-bit.!image-2020-09-11-13-39-43-161.png!"
Opening a saved repository from context menu opens a different repository,Done,Low,2020-09-10 15:37:00,2023-02-10 10:51:00,UX,"Line in diff clipped at the end.Despite fully scrolling right, over 20 characters aren't displayed in the diff view. Have seen this situation multiple times. Reproductible with a chunk causing the issue but not all chunks with long lines cause this issue.See attached screenshot for blurred details.Current sourcetree version: 3.3.7, indicated as affecting latest released version (3.2.2).Situation seen in: File Status -> Staged or Unstaged files. Note: staging or unstaging a chunk doesn't correct the issue.Screenshot:!image-2020-09-10-11-30-25-729.png!"
When sourcetree is maximised it interferes with the taskbar  ,Done,Low,2020-09-10 08:36:00,2023-02-10 10:51:00,Git,My SourceTree hangs whenever I tried to preview changes on different many files. The content is not very long but after clicking here and there it hangs/freezes. No 'Not Responding' at the taskbar. Just unclickable. I'm using Windows 10a I have no issue with my home laptop using Mac.a 
Can't install sourcetree 3.3.8 on Win 7 64 bit and Win 10 64 bit ,Done,Low,2020-09-09 15:57:00,2023-02-10 10:51:00,ChangeSetViewManager,"When reviewing and staging files prior to committing and pushing, I like to go through each one to ensure I didn't leave any TODOs or missing items. This goes a lot smoother if I could click ""Stage Selected"", have it stage that file then select the top one in the Unstaged files to review, so for lots of minor changes reviewing all of the files is faster."
Each restart of sourcetree resets the account in repository settings,Done,Low,2020-09-08 09:21:00,2023-02-10 10:51:00,General,"I have one monitor that runs at 144Hz, and one that runs at 60Hz. When I open sourcetree on the 60Hz monitor it works correctly, however on the 144Hz monitor it causes both monitors to turn on and off repeatedly (I'm guessing the graphics card is resetting over and over again). To fix I must turn off the 144Hz monitor, move sourcetree on to the 60Hz monitor and then turn the 144Hz monitor on again.I believe this is a recent regression, as I use sourcetree everyday and didn't notice this behavior before.a I am using sourcetree 3.3.7, however that doesn't appear in the dropdown when creating this ticket."
"After staging, close button does not respont to enter key",Done,Low,2020-09-07 15:45:00,2023-02-10 10:51:00,remote,"I have just set up Sourcetree on a new computer, and started cloning my remote repository. I did one part by hand, to confirm that the access keys, passwords etc. are all in place. When I click on the ""Remote"" tab, or ""remote account"" on the ""Clone"" tab, Sourcetree closes without any error message."
Bookmarks regularly lost,Done,Low,2020-09-04 15:29:00,2023-02-10 10:51:00,General,"h5. Step 1: Go to SettingsStep 2: Navigate to the Advanced Window and Uncheck ""Use global user settings"" as well as remove ""AD/"" from the start of your name.Step 3:Â  Click OK.h5. Step 4: Go to Settings.Step 5: Navigate to the Advanced WindowActual results:Â  Changes to settings are lost.Expected results:Â  Changes remain."
incorrect recording when rotating the screen,Done,Low,2020-09-04 09:08:00,2023-02-10 10:51:00,UX,When creating a new repository I find all me files as unstaged and I need to add them from the Unstaged pane.It would be helpful to have the files displayed as in windows file explorer with all the columns in order to sort them by extension or name.At the moment I can only sort them by path and filename.
Sourcetree v3.3.8 issue while check-out and cloning,Done,Low,2020-09-01 12:13:00,2023-02-10 10:51:00,General,"Push changes immediately to field frequently becomes ""-"" and is not clear hot wo make it point to correct location.!image-2020-09-01-08-11-44-155.png!"
"Display problems of ""unusual"" characters in main window diff pane",Done,Low,2020-08-30 09:45:00,2023-02-10 10:51:00,General,"h4. Environment * Windows 7 Professional 64-bit ** Outdated, I know * Sourcetree v3.3.8.3848h4. Steps to Reproduce # Commit a text file # Write a huge amount of lines (e.g. 20,000 lines) to the file # Add and commit the change # Show ""History"" pageh4. Current Behavior * Sourcetree tries to display the huge diff fully, and a user can't do anything but just wait for a long time or terminate this app because it never releases the whole control before finishing everythingh4. Appreciated BehaviorAny one (or more) of these: * Sourcetree tries to display the huge diff fully, but a timeout occurs because it took too long time to load ** It would be great if the timeout length can be modified in preferences. * Sourcetree tries to display the huge diff fully, but a user can interrupt it anytime by pressing Esc key or a kind of ""Cancel"" button * Sourcetree tries to display the huge diff fully, but a user can interrupt it anytime by clicking on another file or commit with light changes because loading is processed only in the diff pane at the lower right * Sourcetree displays diffs partly only within the scrolled area of the diff pane * Sourcetree doesn't start to display diffs automatically before selecting a file in commits ** It's just like the diff pane of the ""File Status"" page says ""Select a file to view the diff"" when no files are selected. * Sourcetree doesn't start to display the huge diff automatically because this app knows its hugeness before the loading ** It's just like GitHab says ""Large diffs are not rendered by default"" when showing commit detail page. * Or another cool solution..."
Checking out a branch from Bitbucket Cloud UI will freeze SourceTree WIN 3.3.8,Done,Low,2020-08-29 11:04:00,2023-02-10 10:51:00,Bitbucket,"*Steps to reproduce:*a  # Open app Proizd # Select the field ""Calendar"" # Scroll the page up continuously # Scroll the page down continuously*Expected results:*a  * Calendar is on the screen in both cases*Actual results* * Calendar disappears from the screen*Environment:*a  * IPhone XR * ios 13.6.1"
"Cannot get past ""Registration"" step of installer",Done,Low,2020-08-29 09:07:00,2023-02-10 10:51:00,General,"Suggestion : ability to hide (or disable) the diff pane (or its real time update) in File Status view.Reason : when multi selecting files (in order to stage, discard or whatever action we want to apply), each selection change updates the diff pane content. When those files of big or binary, that update made by the diff can easily freeze SourceTree for multiple seconds, and the bigger you extend your selection, the worse it is.I've been in cases where I had to fight for more than a minute to get a selection of less than 10 files.While it is really unlikely that we want to show multiple files diffs at once in the same view (for ergonomic/readability reason), it is really common to select multiple file to take actions on them. This diff update freeze makes it really painful to apply actions on multiple files in your software."
Severe performance problem trying to review changes in text file with extension .xml,Done,Low,2020-08-28 09:38:00,2023-02-10 10:51:00,General,The source binaries provided for subjected applicationa *a œSourceTreeSetup-3.3.8.exea *a trying to connect to internet to install the software. We are looking ata an offline installer(Installer which doesna ™t need internet connectivity to install) of source tree.Can you please let us know if we can get an offline installer for Sourcetree which is packaged readily to install.
Instalation failure,Done,Low,2020-08-27 20:21:00,2023-02-10 10:51:00,branch,"h3. Issue SummaryLocal branches not matching the remote branch being tracked are ignored by Push.h3. Steps to ReproduceIf I have local branches which don't match the name of the remote branch being tracked, the ""push"" dialog on SourceTree completely ignores those branches. Repeatable behaviour. Those branches push fine with SmartGit.h3. Expected ResultsYou should be able to push local branches here.h3. Actual ResultsI have a branch which is a tracking branch, but a diffrent name to the tracking branch. ST doesn't display it AT ALL for pushing, but knows it needs to be pushed.h3. WorkaroundCurrently there is no known workaround for this behavior. A workaround will be added here when available"
Optional extended integration settings disappear on restart of SourceTree,Done,Low,2020-08-27 15:00:00,2023-02-10 10:51:00,Git,"This happens now that I was prompted to upgrade to version 3.3.9, which is in the list below as unreleased, but is the version that the software told me to use and the version that downloads from the main website.My remote repository is not available. I know this and need to be able to add another remote repository. When I go to the Remote tab the entire program crashes and closes."
"Open Selected Version does nothing, even though extension is registered with Windows",Done,Low,2020-08-25 10:18:00,2023-02-10 10:51:00,General,"Popup confirmation window appears out of main window bounds and is unable to drag.It seems, that popup position is calculated according to the biggest screen height (I have a 2 monitor setup, where one of them is rotated vertically)a The screenshot displays the position of the popup window:a http://prntscr.com/u5hjba"
Source tree wrongly includes files when deleting file in unstaged files region,Done,Low,2020-08-20 12:57:00,2023-02-10 10:51:00,General,"After updating to 3.3.9 (Windows), there are several popups appear then quickly disappear consecutively every some amount of time, maybe an hour. It is extremely annoying. I have tried removing all Atlassian folders in AppData and reinstalled SourceTree but the problem persists. There seems to be nothing interesting in the logs. The only fix is to close SourceTree.There is another person reporting the same problema [https://community.atlassian.com/t5/Sourcetree-questions/Sourcetree-launch-popup-flashes-for-sometime-then-nothing/qaq-p/1461203?tempId=eyJvaWRjX2NvbnNlbnRfbGFuZ3VhZ2VfdmVyc2lvbiI6IjIuMCIsIm9pZGNfY29uc2VudF9ncmFudGVkX2F0IjoxNTk3OTI3NTYyMDI2fQ%3D%3D]"
Open console button doesn't work,Done,Low,2020-08-20 08:58:00,2023-02-10 10:51:00,General,Ifa you provide a option to launch external diff tool instead of launching editor ona double click in Unstage Files and Staged Files views thata would be superb.a 
Failure to install and also failure to set install location,Done,Low,2020-08-18 16:57:00,2023-02-10 10:51:00,Git,"There was a vulnerability in Sourcetree for macOS and windows that could reveal Git user credentials via maliciously crafted URL by an attacker, This vulnerability is triggered when the affected version of Git is used to execute a git clone command on a malicious URL.Affected versions of Atlassian Sourcetree For Mac allow remote attackers to view sensitive information via an Information Disclosure vulnerability in Git.Affected versions of Atlassian Sourcetree for Windows allow remote attackers to view sensitive information via an Information Disclosure vulnerability in Git.*Affected versions:* * Windows version 3.2.2 and earlier*Fixed versions:* * Windows versiona 3.3.9*Released Sourcetree for Windows versiona 3.3.9*a that contains fixes for these issues and can be downloaded froma [https://www.sourcetreeapp.com/].For additional details, see thea [full advisory|https://confluence.atlassian.com/pages/viewpage.action?spaceKey=SOURCETREEKB&title=SourceTree+Security+Advisory+2020-09-02]"
When click in Bitbucket login open an Localhost URL,Done,Low,2020-08-14 09:07:00,2023-02-10 10:51:00,General,"hello and thank you for this software,Can you add the possibility in ""Tools > options"" to change the font size of the text in windows (History window, commit...)?I'm old ;)Best regards"
Unable to use Sourcetree and downlod repository on second machine,Done,Low,2020-08-12 20:23:00,2023-02-10 10:51:00,remote,"A silly behaviour I have noticed, for some years now. * Create a new branch in Visual Studio. Create some commits. * Try to push the branch to GitHub in SourceTree by using the 'Push' button. * Check the new branch in the popup. The local name is copied as remote name. * Press 'Push' in the popup. An error is displayed: ""The Remote branch '' (Local branch = 'MyName') is invalid. Ref names must follow git ref-format rules: [https://www.kernel.org/pub/software/scm/git/docs/git-check-ref-format.html] Completed with errors, see above."" * Now CUT the remote name, and PASTE IT BACK. Now pushing works! I don't know why, I don't see spaces or anything.A silly little trick to get it working. But I must have been banging my head before I ever found it!"
"Cannot push branch other than ""master""",Done,Low,2020-08-10 14:35:00,2023-02-10 10:51:00,Bitbucket,"Hello,Â I am unable to clone a remote repository. I have tried the suggested clearing the filesÂ userhost andÂ passwd, deleting accounts saved in authentification and restarting sourcetree. I have been dealing with this issue for some days now.I attach the message it shows:Command: git -c diff.mnemonicprefix=false -c core.quotepath=false --no-optional-locks ls-remoteÂ [https://sourcecode.jnj.com/scm/itx-acm/delphi.git]Output:Error: fatal: remote error: CAPTCHA requiredYour Bitbucket account has been locked. To unlock it and log in again you mustsolve a CAPTCHA. This is typically caused by too many attempts to login with anincorrect password. The account lock prevents your SCM client from accessingBitbucket and its mirrors until it is solved, even if you enter your passwordcorrectly.If you are currently logged in to Bitbucket via a browser you may need tologout and then log back in in order to solve the CAPTCHA.Visit Bitbucket atÂ [https://sourcecode.jnj.com|https://sourcecode.jnj.com/]Â for more details.Â "
"Add a ""session"" paradigm with save/restore",Done,Low,2020-08-10 02:04:00,2023-02-10 10:51:00,General,"Hi I'm currently experiencing issue with opening SourceTree on Windows. I have it installed and while I'm opening it, it gets instantly Done without any issue notification popping up. I have tried some self-troubleshooting but no luck so far. I have tried to remove the AppData/Source folders and re-installed but it didnt allow me set up the config again. Not sure how to proceed. Thanks!a "
Unable to login when installing,Done,Low,2020-08-04 14:55:00,2023-02-10 10:51:00,General,"Now sourcetree for windows only has a setup exe, can you provide a portable version(.zip format) so that I can unzip it to a USB stick and use it on any computer without install it first."
Diff not working on UTF-16 LE files without BOM,Done,Low,2020-08-01 12:01:00,2023-02-10 10:51:00,ChangeSetViewManager,"*{color:#0747a6}Enviroment{color}:a  {color:#0747a6}-{color}* {color:#c1c7d0}Huawei Honor 7A Model AUM-L29{color}{color:#0747a6}a a a a a a a a a a a a - {color:#4c9aff}Android 8.0.0a {color}{color}{color:#0747a6}a a a a a a a a a a a a - {color:#505f79}Screen Resolution 1440x720{color}{color}{color:#505f79}{color:#57d9a3}*App:*{color}a a Jeleznodorojnye bilety v1.11.3{color}{color:#ffab00}*Steps to reproduce*{color}:a a  1.a {color:#ff8b00} Open app ""{color:#0747a6}Jeleznodorojnye bilety{color}""{color}a a a a a a a a a a a a a a a a a a  2.a  {color:#ff8b00}Click to menu in the upper left cornera {color}a a a a a a a a a a a a a a a a a a  3. {color:#ff8b00}Click ""{color:#0747a6}My account{color}""{color}a a a a a a a a a a a a a a a a a a  4.a  {color:#ff8b00}Selecta from the proposed authorization ""{color}{color:#0747a6}SING IN WITH FACEBOOK{color}{color:#ff8b00}""{color}{color:#00875a}*Expected result*{color}:a a {color:#00875a}Login successfully.{color}{color:#de350b}*Actual result*{color}: {color:#de350b}Error - ""Login Failed. You can`t use Facebook to log into this app or website because there`s an issue with it`s implementation of Facebook Login.""{color}*Screenshot*:a {code:java}// https://drive.google.com/file/d/1lWwdm8lBIKBiQTgc0ZZxVfqvlWkWTgqm/view?usp=sharing{code}"
Consume CPU More then 80%,Done,Low,2020-07-31 09:23:00,2023-02-10 10:51:00,UX,"I have a project checked out in source tree, I have three local branches (2 from origin, 1 from secondary remote) from 2 different remotes.When I go to push to the secondary remote (the one added after the checkout of the first remote), I cannot push the local branch from the secondary remote to the second (their) origin. Only the local branch(s) from the first remote are available. This caused me to inadvertently push my origins local branch to a secondary remote because I didn't notice it was missing and was confused knowing I needed to push to their master.a See screenshot for an example:!image-2020-07-31-10-20-49-675.png!"
Newer Sourcetree versions use different API when gathering remote repositories from BitBucket Server,Done,Low,2020-07-30 03:22:00,2023-02-10 10:51:00,Bitbucket,"Hi TeamI am trying to register my sourcetree, but it fails with ""oops, you have found a dead link"" : This happens whether i try from sourcetree itself or if I try via web ([https://my.atlassian.com/license/sourcetree|https://id.atlassian.com/signup?application=mac&continue=https://my.atlassian.com/license/sourcetree]).a My Atlassian id is [satishkumar.ramachandran@sc.com.|mailto:satishkumar.ramachandran@sc.com.]a Please help to fix."
Git branch history does not update unless forced,Done,Low,2020-07-28 14:45:00,2023-02-10 10:51:00,Git,"When browsing for remote repositories, SourceTree nicely shows the list of all available Github repositories for my account. When I enter text in the Search box however (text that I know should give me a match), the list goes empty and a red cross icon overlay appears on my Github account. As soon as I clear the search box, the icon overlay dissappears and I get the full list of repos again. Since we have a large amount of repos the search is quite important.Note: my SourceTree Windows version is actually 3.3.8, but Jira doesn't allow me to select that version.*Reproduction* * Open a new tab * Click on the Remote button * Select the appropriate Github account from the list of remote accounts * Watch the list of Github repos populate * Enter text in the Search box that should return a match*Expected result* * The list of repositories is filtered by the entered text*Actual result* * The list of repos turns empty * A red cross icon overlay appears on top of the Github account gravatar * A hover over of the red cross shows mentioning ... validation failed ... (see image)!image-2020-07-28-16-43-56-370.png!"
Failed to force push ,Done,Low,2020-07-28 09:57:00,2023-02-10 10:51:00,Git,"Hello,a when I exectue push then everything looks fine and no error dialog is shown. After the push button is confirmed and dialog is Done then there are still unpushed commits.a Please, can anyone help me solve this problem?"
UI does not reflect current branch after changing,Done,Low,2020-07-28 05:43:00,2023-02-10 10:51:00,remote,"Hello,when I switch to remote tab (remote repositories) then Sourcetree suddenly crashes. There are two log entries that occures when the crash happens. The entries are:a ERROR [2020-07-28 07:33:45,605] [1] [SourceTree.Model.Repository] [Log] - Repository: [] does not existERROR [2020-07-28 07:33:56,343] [1] [SourceTree.Exceptions.RemoteHostException] [Log] - Failed to list teams for user [olafvolafka]Does anyone have the same problem? Or does anyone have solution to this?a a "
Cant open two tabs with same name in different repositories,Done,Low,2020-07-25 12:54:00,2023-02-10 10:51:00,UX,"*Steps to reproduce*:a a  1.a  Open site:a https://cek.dp.ua/a a a a a a a a a a a a a a a a a a  2.a  Press F12a a a a a a a a a a a a a a a a a a a  3. Click on tab 'Source"" in the open windowa a a a a a a a a a a a a a a a a a  4.a  Click on the tab in the left block ""Page""a a a a a a a a a a a a a a a a a a  5. Follow link:a  top>cek.dp.ua>images>slider>[zvernennia.jpg|https://cek.dp.ua/images/slider/zvernennia.jpg]*Expected result*:a  Site loading will be less than 5 seconds*Actual result*:a a a When you enter the main page - the site is loaded for more than 20 seconds*Notes*:a  1. Image can be compressed on:a [https://compressjpeg.com/]"
stage and unstage not moving file to respective block,Done,Low,2020-07-25 12:26:00,2023-02-06 11:18:00,Web,*Preconditions*: Thise site was made on knees at the university - prepare ur eyes to be ready for what u see =D*Steps to reproduce*: 1.a  Open site:a https://cek.dp.ua/a a a a a a a a a a a a a a a a a a  2.a  Press CRTL + U*Expected result*: Site loading will be less than 5 seconds*Actual resul*t: When you enter the main page - the site is loaded for more than 20 seconds*Notes*: 1. Move all scripts to the site footer or reduce their numbera a a a a a a 2. Update Joomla!a  to the latest version 3.9.20 on 2020.07.25
Sourcetree 3.3.8 doesn't install,Done,Low,2020-07-25 06:51:00,2023-02-06 11:18:00,General,"A long time agoa I observe that during a long idle ssh-agent process loads 100% of one of the cores of my 4-core Intel core i7 on Windows 10. Reinstall OS do not solve this problem. Every timea if i leave my laptop running with Source Tree at night, then in the morning I get guaranteed this situation. Currently I use 3.3.8 version, but the bug independent from this.!image-2020-07-25-08-51-30-138.png!"
"Diff isn't showing tabs correctly if ""show invisibles"" is enabled",Done,Low,2020-07-22 15:04:00,2023-02-06 11:18:00,Git,"Heyho,I set up a shared submodule, and whenever I stage a file in Sourcetree it shows that all files contents are deleted, so effectively Sourcetree states that I am staging a deleted file. When I unstage, the file is deleted. When I add the file via the terminal, it all works flawlessly. I think the tricky thing here is the shared submodule part, with which Sourcetree has trouble. While it could be that I am doing something wrong, I have the belief that Sourcetree is doing more than a simple 'git add' (as that works from the command line).I set up the shared submodule as followed:1. Clone the project that should serve as the shared submodule locally to some directory2. In the shared submodule, modify the local config of this project by adding 'worktree = ..' under [core]For all projects sharing this submodule:3. Add the submodule (this means, effectively I now have two checked out copies of that project)4. Delete the respective submodule folder in ./git/submodule/5. Delete the content of the submodule directory apart from the .git file6. Modify the .git in the submodule directory to point to the path of the project setup in 1)a (reason for shared submodule is that we have the same code base across different projects, and this way I can change a file in the code base once and it is applied to all projects without having to pull their respective submodule first)"
Not able to install sourcetree in my windows,Done,Low,2020-07-20 06:58:00,2023-02-06 11:18:00,Bitbucket,"I am able to login in Stash link but opening same link in Source tree shows error ""This is not valid source path/URL"""
Version 3.3.7 for Windows forced to refresh for every action,Done,Low,2020-07-16 19:50:00,2023-02-06 11:18:00,General,"Upon running Sourcetree installer I will get a cmd line popup with SquirrelUpdate, it stays blank, then I will get the blue Sourcetree panel popup for about 5 seconds. Then both will close and no further actions are taken by the pc. This happens even when attempting to install previous versions or enterprise version.a One thing of note, here is output of sourcetree.log2020-07-16T14:34:32: CompositionException [Import ""SourceTree.Security.DefaultSshKeyManager.Agents"" could not be satisfied.]ERROR [2020-07-16 14:34:44,210] [1] [Sourcetree.Composition.VSMef.Net471.CompositionExceptionHelper] [Log] - CompositionException [Import ""SourceTree.Security.DefaultSshKeyManager.Agents"" could not be satisfied.]2020-07-16T14:35:03: CompositionException [Import ""SourceTree.Security.DefaultSshKeyManager.Agents"" could not be satisfied.]ERROR [2020-07-16 14:35:15,840] [1] [Sourcetree.Composition.VSMef.Net471.CompositionExceptionHelper] [Log] - CompositionException [Import ""SourceTree.Security.DefaultSshKeyManager.Agents"" could not be satisfied.]"
Error in max allowed humidity percentage,Done,Low,2020-07-15 20:36:00,2023-02-06 11:18:00,Git,"git -c diff.mnemonicprefix=false -c core.quotepath=false --no-optional-locks push -v --tags --set-upstream origin feature/featurename:feature/featurenamePushing to https://devtechhbe.visualstudio.com/\{private-info}/_git/\{private-info} 1 [main] sh 1216 dofork: child 1217 - died waiting for dll loading, errno 1140001315 [sig] sh 1216 get_proc_lock: Couldn't acquire sync_proc_subproc for(5,1), last 6, Win32 error 040001517 [sig] sh 1216 proc_subproc: couldn't get proc lock. what 5, val 140001931 [main] sh 1216 cygwin_exception::open_stackdumpfile: Dumping stack trace to sh.exe.stackdumperror: failed to push some refs to 'https://devtechhbe.visualstudio.com/\{private-info}/_git/\{private-info}'Completed with errors, see above."
Windows Defender SmartScreen prevented an unrecognized app from starting,Done,Low,2020-07-15 16:53:00,2023-02-06 11:18:00,General,"Attempting to run a Custom Action does nothing. They used to work perfectly, and neither the scripts or the settings of the custom actions have changed.a How to replicate:Right click on a commit -> Custom Actions -> The action"
Unstaged file shows 2 extensions,Done,Low,2020-07-14 17:45:00,2023-02-06 11:18:00,Bitbucket,"Recently, I started getting the message that because my company uses Single Sign-on I needed to create an App Password to log in, I did, and then when I try to commit my changes in Source tree I still get the message.I have Source tree version 3.3.4 (it doesn't show up on the drop down list below)"
"Log selected does not popup window but opens in background, seems not working.",Done,Low,2020-07-14 12:31:00,2023-02-06 11:18:00,Bitbucket,"When I choose ""Check out in Sourctree"" button it always proposes to clone new repository. When I choose to checkout existing and point to cloned repository it complains about missing details (see image below). The repository was cloned few minutes ago using Sourcetree. When I choose ""clone new"" it will be successfully cloned with selected branch, but trying it again, this using ""checkout existing"" it will complain again (see image).The only instance where I can choose an option to ""Checkout Existing"" is when I clone fresh repository and don't close Sourctree, but the checkout will fail and Sourctree will close without pulling new branch.Pull/push/fetch and other operations from within Sourctree itself work flawlessly. I only have trouble when using ""Check out in Sourctree"" button in bitbucket.!image-2020-07-14-14-26-23-935.png!"
When using Submodules the main repository view is not updated automatically,Done,Low,2020-07-14 12:21:00,2023-02-06 11:18:00,Bitbucket,"We use Sourcetree as out Git GUI and BitBucket as our Git hosting service. When I click on ""Check out in Sourcetree"" button, Sourcetree will show the appropriate dialog that allows to choose how to check out / clone. After this dialog is Done, no matter the result, Sourctree will close. It is either a terrible UI design, or a crash without any error message. (I suspect the latter hence"
Sourcetree for Linux,Done,Low,2020-07-11 07:33:00,2023-02-06 11:18:00,Bitbucket,"Hello,I am trying setting up sourcetree.I had the code few years ago, and now I try to install the sourcetree again.a After running setup, source-tree is opened,but I see three account on the left pane (don't know if it matters), and after few seconds the program is aborted.a Please, help.a Thanks."
Automatic refresh breaks on the first repository tab,Done,Low,2020-07-10 08:42:00,2023-02-06 11:18:00,General,"After restarting Sourcetree, It always goes back to the default ""Generic Account/Generic Host"" despite having previously selected my own github account and saved. This applies both to the Upstream and Origin settings. As you can see, the world icon (Remote) on the top right has a red mark, which goes away once you have selected your own github account as mentioned above, but it comes back after restarting.[Screenshot|[https://pasteboard.co/JgYEp4G.png]]Happens on 3.3.4."
Sourcetree switches back to Generic Account on optional extended integration,Done,Low,2020-07-09 08:29:00,2023-02-06 11:18:00,Bitbucket,Cannot install Sourcetree for Windows v.2.4.8.0 on Windows 8! When registering the product on the 3d step (Atlassian account) it opens the dead link - and can't proceed further. Newer versions won't work on Windows 8 at all.
"Sourcetree GUI does not keep sync with staging, commits, branches, merges",Done,Low,2020-07-08 12:55:00,2023-02-06 11:18:00,Bitbucket,"Performing any operation on a Bitbucket repo using SourceTree causes errors.Upon performing any action requiring a connection to the remote (pull, push, etc.) login prompts appear over and over and never stop.a  I have an app password for Sourcetree and that doesn't work. My main Bitbucket password also doesn't work. Additionally I have an SSH key set up on both Bitbucket and the computer where I'm running SourceTree.This is not the first time I've experienced this.a  Getting SourceTree to properly authenticate with Bitbucket is like pulling teeth.a  Before I remove this from my computer and replace it with something that actually works, I want to give this one last shot.There's even a bug with the ticket reporting system. I'm running SourceTree 3.3.9 and it's telling me that version doesn't exist!"
Not detecting the SSH keys and the application closes abruptly,Done,Low,2020-07-05 11:56:00,2023-02-06 11:18:00,General,"When I go to the authentication tab in thea _Options_ menu, I can only see blank entries:!image-2020-07-05-13-54-55-726.png!It worked properly so far."
Sourcetree Repos not showing up in remote tab,Done,Low,2020-07-03 10:50:00,2023-02-06 11:18:00,General,"Hi,I am trying to add a new repo locally, and as such I open a new tab in Sourcetree, click the Remote subtab, and click ""Add an account..."".However, that opens a window named ""Edit Hosting Account"". The *Edit* doesn't really make sense, because I clicked Add button (it's confusing). In addition, under the Credentials section, with OAuth as default value in Authentication, then the Username field is read only.Is this on purpose?The workaround is to change the Authentication to Basic, then edit the Username field (as it becomes editable), then switch Authentication back to OAuth, and finally click Refresh OAuth Token button.a If possible, I will attach a screenshot to show the details.I am using Sourcetree v. *3.3.9* on Windows 10, 64-bit, v1909."
Show In Explorer Context Menu Always Disabled,Done,Low,2020-07-02 18:18:00,2023-02-06 11:18:00,remote,"When I start SourceTree for WInows (Version 3.3.8), the Remote button has a red expalmation mark next to it. When I click it, it says ""Unable to open your web browser to ''git@bitbucket.org:my_repository"", do you have a default web browser set?""I then click ""Cancel"" on the pop-up, Settings on the far right, select my remote, click edit, I DON'T change anything, click OK, click OK and the exclamation mark disappears, I can open my remote repository in the web browser.a a All I do is ""re""save the already existing information. There is nothing new. Why does that change anything?Expected behavior: no opening and saving required, just open the remote in the web browser the first time.a =================By the way: why is version 3.3.8 missing in the ""Affects Versions"" field below? I just chose a random one ..."
crash on checkout by Bitbucket,Done,Low,2020-06-26 04:18:00,2023-02-06 11:18:00,General,"Github desktop has a nice feature that I miss in sourcetree.a  it is the ability to update my branch from the remote master.a  Currently in soucetree I need to switch to the master,a  update the master, switch back to the branch and the merge my locally updated master into the branch.a  This is quite painful for a workflow which needs to be done often.a  This is a 1 click operation in Github desktop."
not saving remote login data,Done,Low,2020-06-25 12:13:00,2023-02-06 11:18:00,Bitbucket,"Hi,a To perform pull,commit or push an error is being thrown that unable to authenticate."
Affected versions for SourceTree for Windows are not up-to-date in Jira,Done,Low,2020-06-19 16:58:00,2023-02-06 11:18:00,UX,"I'd like to reorder my bookmarks under Windows, but this does not appear to be possible. At the top level, bookmarks seem to be arranged alphabetically, and this cannot be changed. Inside a folder, bookmarks are listed in the order that they were added to the folder, and this cannot be changed. An attempt to drag a bookmark within a folder appears to be responsive, but either results in a bookmark not being moved, or the bookmarked being kicked outside of the folder, in which case the order has been messed up. This is extremely frustrating.a Actually using 3.3.4, but that does not appear in the versions popup? The highest version is 3.2.2."
Auto Update/Check For Updates updates only after many weeks/months,Done,Low,2020-06-19 07:18:00,2023-02-06 11:18:00,General,"I don't know when it starts exactly but it would have been a couple of months that sourcetree doesn't update their file status view automatically.I've suffered and waited until this small problem has gone, but it looks not.So I'm here for if the devs even do not notice this problem is.I hope I will not press my F5 key anymore every time I do something with sourcetree.a ps. my sourcetree version is currently 3.3.6 (which is the newest version) but it doesn't appear in the below version list. so I picked the highest version in the list."
Repository does not get deleted as per selected in Local Repositories after filtering,Done,Low,2020-06-19 02:34:00,2023-02-06 11:18:00,branch,"I using Windows and just learned how to use sourcetree. Despite it being a bit better than Github Desktop, the performance is still not good enough. I just played around with a unity project where a record was not inserted in a branch and I had to waste some time merging, discarding and restarting sourcetree. Now I come across yet another case of a record not inserted. This time it's much worse as discarding option is not available. Please do not place this on low priority by saying it's bad design, not a bug and therefore, you can safely ignore this. In the long-term, I already wasted time removing the record and I don't like how you work. You also designed this website so badly so I cannot insert a screenshot for you to see. Just make it compulsory for users to either insert in an existing branch OR force create an extra branch. I'm using the latest 3.2.8."
Finish Feature loosing Feature Name,Done,Low,2020-06-17 03:35:00,2023-02-06 11:18:00,Bitbucket,"Hi,We are experiencing failed authentications with remote Bitbucket repository through SourceTree.Account addition was well authenticated but when pushing/pulling from remote to local repo, it returns an error about incorrect credentials.Image A(Validation that account used was authenticated)!image-2020-06-17-11-31-02-312.png!a Image B(commit not executed due to authentication issue)!image-2020-06-17-11-32-35-455.png!a a "
Remote connection problem,Done,Low,2020-06-09 16:22:00,2023-02-06 11:18:00,Git,"Someone forgot to put in a check to limit the number of failed login attempts.When connecting, failed authentication repeats multiple times leading to account locked out.git -c diff.mnemonicprefix=false -c core.quotepath=false --no-optional-locks fetch originfatal: Authentication failed for 'https://URL/repo.git/'fatal: Authentication failed for 'https://URL/repo.git/'fatal: Authentication failed for 'https://URL/repo.git/'fatal: Authentication failed for '[https://URL/repo.git/'|https://url/repo.git/']fatal: remote error: CAPTCHA requiredCompleted with errors, see above."
Sourcetree for windows DOES NOT WORK for ALL VERSIONS after 3.1.3 with gerrit repositories.,Done,Low,2020-06-09 11:47:00,2023-02-06 11:18:00,Bitbucket,"When I open Sourcetree, it happens to crash every now and then and when I try to open a repository it happens too...a  I don't know why it keeps happening, I don't know where is the log report for those kinds of bug to be more specify. Now the crash happend every time when I try to open sourcetree. In the file SourceTree, in AppData/Local/SourceTree, the version of the file app is app-3.3.8."
Language change from default results in sourcetree not updating automatically,Done,Low,2020-06-07 20:48:00,2023-02-06 11:18:00,General,"In my repository set up, I have Folders {{A}} and {{B}} in my SourceTree and each of those folders has a repo named {{X}} inside. The repos are located in different folders on the file system and they actually point to different remotes, but they have same names.When I have double clicked on my side pane on repo {{X}} from folder {{A}}, it opens up as expected. When I double click on my side pane on repo {{X}} from folder {{B}}, however, nothing happens.Expected results is that I have two tabs opened with those different repos having the same name.a This is definitely a regression, but it has been there for a while. It reproduces in 3.3.8 but also was there in 3.3.6a (I had to put {{3.2.2}}a as a version in Affects Versions field because there is no {{3.3.8}} in the list, so please add it as well)"
Discard Lines bar is not sticky anymore,Done,Low,2020-06-07 03:13:00,2023-02-06 11:18:00,Git,Log / History correctly shows commit time correct for the time zone that local machine is in.Commit description shows local time of commit with no timezone information.e.g.!image-2020-06-07-13-09-52-566.png!PC local time is Australia/Brisbane i.e. UTC+10 set in WindowsOccurs in a freshly downloaded 3.3.8 also but there's no option to select it in the affect versions list.Â 
cannot commit,Done,Low,2020-06-06 23:42:00,2023-02-06 11:18:00,UX,"Managing a number of developers working on multiple tasks, it is difficult to easily see what commits are being done to active branches.If the History view would add a branch name column and populate that for each commit that would make it much easier to see what commits are being done to branches.a a Also the history view needs to allow the user to click on the ""branch name"" column title to have it sort by branch name and by date (new->old) so they would be grouped together.a  A second click on the column title toggles the sort direction(ascending / descending) for Branch Name.Being able to sort by Author in the same way would be very helpful as well.a "
Adding extra characters after commit,Done,Low,2020-06-04 08:35:00,2023-02-06 11:18:00,Git,"Open huge repo like[https://github.com/llvm/llvm-project.git] * going to the ""Search"" * enter something like ""[clangd]"" * search panel does not filter anything ;a P.S.: version 3.3.8 used"
SourceTree doesn't refresh automatically ,Done,Low,2020-06-04 07:46:00,2023-02-06 11:18:00,General,"Force push may cause application crash for repository that have submodules.Also window that ask confirmation for force push closes automatically in 1 seconda for repository that have submodules. It is very hard to click ""Yes"" in this 1 second.Version: 3.3.8.3848Git version: 2.26.2OS: Windows 10"
Installation does not create Start Menu shortcuts,Done,Low,2020-06-03 09:59:00,2023-02-06 11:18:00,General,They simply do not show up in the Push / Pull dialog
"""Open in Terminal"" button not working anymore",Done,Low,2020-06-02 15:18:00,2023-02-06 11:18:00,Bitbucket,"Steps:Preconditions: logged into Bitbucket usinga Atlassian account # Install the latest SourceTree 3.3.8 froma [https://sourcetreeapp.com/] # !image-2020-06-02-18-16-29-990.png! # Created account by using OAuth!image-2020-06-02-18-10-04-837.png! # clone particular repository from SourceTree or butbucket page # got login error several times # locked account # !image-2020-06-02-18-12-19-769.png!NOTE: Uninstalling doesn't clean up the data, so I cannot perform clean install again."
"Syntax highlighting is applied to ""No newline at end of file"" notice",Done,Low,2020-06-01 09:14:00,2023-02-06 11:18:00,General,"When using `Show Full Output` option which doesn't close output automatically, the focus is set wrongly.In previous versions it was correct, which allowed pressing ENTER on the keyboard to close output dialog, but currently the focus is below ouput dialog, which causes weird things, e.g. pressing commit button instead of closing output window.It is regression from previous versions, because it always worked correct.It is happening on newest version 3.3.8 - I can't choose it properly from combo box below."
First tab never refresh,Done,Low,2020-05-27 14:25:00,2023-02-06 11:18:00,General,"Hi, I cannota register to SourceTree using my corporate account [AnubhavKrishna.Tiwari@fmr.com.|mailto:AnubhavKrishna.Tiwari@fmr.com.]a "
Error pushing new branches,Done,Low,2020-05-26 21:11:00,2023-02-06 11:18:00,Git,"Branch is not shown in Push window if renamed during checkout from remote. Steps to reproduce: # Double click or right click and checkout a remote branch (in origin). # In the popup window rename the branch. # Branch is created locally with the new name, but does not show up in the Push window, both through the toolbar Push button and through the Push option in the right click menu on the branch.(Workaround:) Create another branch locally from this locally renamed branch by clicking Branch in the toolbar. This new branch can be pushed as expected.This only happens when renaming the remote branch on checkout. If it is not renamed, it can be pushed as expected.Tested in Sourcetree for Windows 3.3.8.End."
Order Center Table,Done,Low,2020-05-21 10:07:00,2023-02-06 11:18:00,Git,"h3. Use CaseIn our project, due to the branching model, most of the merges are none `fast-forward` merges. Therefore, I have set `git config merge.ff false` in my config in case I am merging from the terminal. However, with this setting I am not capable any longer to ""force"" a `fast-forward` merge from Sourcetree! Even if I uncheck *Create a new commit even if fast-forward is possible*, Sourcetree triggers a ""normal"" merge thus falling back onto the settings from the git config.h3. Cause of the issueSourcetree calls {{git merge branch-name}}a whena *Create a new commit even if fast-forward is possible*a is not checked:```git -c diff.mnemonicprefix=false -c core.quotepath=false --no-optional-locks merge branch-name```h3. SuggestionBe explicit with the command that is triggered by Sourcetree when unchecking. That is, ...... either make `git merge --ff branch-name` the command which is triggered (instead of `git merge branch-name`),... or even provide a option likea *Require fast-forward merge*a triggeringa `git merge --ff-only branch-name`."
Staged files are appeared only after click Refresh (F5),Done,Low,2020-05-21 06:18:00,2023-02-06 11:18:00,General,"When i try to connect my github Account whit the source tree and i click ok, the source tree crash, and if try to open the source tree again, it's still crashing, Im using the last version released, 3.3.6"
Sourcetree Windows 3.3.7 - staging / committing files is bugged,Done,Low,2020-05-20 19:02:00,2023-02-06 11:18:00,UX,"Custom actions are not working since upgrading from 3.2.6 to 3.3.8No error, no dialog appears just nothinga a "
Branches are not displayed when sending.,Done,Low,2020-05-18 06:45:00,2023-02-06 11:18:00,Git,"I've defined a Global Ignore List at Tools > Options > Git, but files which should be ignored are still in the ""Unstaged files"" section.These files are never committed before nor tracked.a This affects version *3.3.8* which isn't listed at the ""Affects Version/s*"" section when creating a ticket."
Source tree will not refresh,Done,Low,2020-05-18 00:38:00,2023-02-06 11:18:00,General,"The current ""dark"" theme does not match any other dark theme dev tools - it's fine to include as a ""blue"" theme and some people may prefer it, but since the app now has theme support, can we please have a proper ""black"" dark theme that matches in with other dev tools"
Custom actions no longer work v3.3.8,Done,Low,2020-05-13 06:42:00,2023-02-06 11:18:00,branch,"When using dark theme, shortcut menu items are not visible when renaming a brancha "
Unable to clone GIT Repository,Done,Low,2020-05-12 22:42:00,2023-02-06 11:18:00,Bitbucket,Sourcetree commit is not responding - every time it asks for credentials and then does nothing after.a Version in use isa 3.3.8 Sourcetree for Windows.
As a user I want to be able to select the installation location for SourceTree,Done,Low,2020-05-08 20:14:00,2023-02-06 11:18:00,Git,"Currently if the most recent commit is later than the checked out commit, it appears with a circle lower in the history list. It would be useful if there was an option that placed the head of the current checked out branch at the top of the list.a !image-2020-05-08-16-14-18-246.png!"
[Regression] Source tree 3.3.6 does not open up repository if a repository with same name is already open in a tab,Done,Low,2020-05-08 16:02:00,2023-02-06 11:18:00,Bitbucket,If authentication fails connecting to a server. Don't f***ng try it three more times.This locks the account.
Some Bug in v3.3.7,Done,Low,2020-05-08 08:28:00,2023-02-06 11:18:00,Bitbucket,"Running SourceTreeSetup-3.3.8.exe on Window7(seems like version 3.3.8 but belowin this form I selected the highest possible)First step, ""Registration"", press the ""Bitbucket"" button.Default web browser (Firefox) opens on: [http://localhost:34106/?state=authenticated&code=TuCBZajAtRrHeS4m5Z] with page ""Authentication Successful"", ""you can close this page""But the installer won't enable the ""Next"" button, so installtion is stucka "
file status is not refreshing,Done,Low,2020-05-05 23:47:00,2023-02-06 11:18:00,Git,"Applies to v3.3.8I had a case where P4Merge was called to resolve a conflict in a too large .js file and it hung in the background. It seemed like nothing had happened so I attempted to resolve again, but got a warning that attempting to use P4Merge on such a large file could cause P4Merge to hang. I opted to not launch the external merge tool. Not having a clear picture what was in my local file, I committed the changes. Also, the file status filter was set to ""Modified"" so I didn't notice the untracked conflict files. There are multiple areas for improvement here. 1. Detect when external merge tool fails to release conflict files and provide a warning2. Check for presence of unresolved merge conflict files, esp. for recent conflict resolution attempts3. Make ""unstaged changes"" more visible"
Auto Refresh no longer working in 3.3.7,Done,Low,2020-05-05 12:00:00,2023-02-06 11:18:00,General,Many apps now have the ability to automatically switch between dark and light themes when the setting is changed by the user or a script at specific times.Add option to Sync theme with OSOn Windows just need to monitor this registry key for changes: HKEY_CURRENT_USER\Software\Microsoft\Windows\CurrentVersion\Themes\PersonalizeValue Name: AppsUseLightTheme
Link to latest Windows version is broken on Atlassian site,Done,Low,2020-05-04 11:07:00,2023-02-02 07:20:00,General,"When Sourctree is in full windowed mode you can't reach the teaskbar if you set it to autohide, you need to minimise it for the taskbar to appear."
Auto refreshing no longer works,Done,Low,2020-05-01 16:41:00,2023-02-02 07:20:00,General,"Everytime i try to install Sourcetree i get a ""source tree stopped working"" error.Â Problem signature:Problem signature:Â  Problem Event Name: CLR20r3Â  Problem Signature 01: SourceTree.exeÂ  Problem Signature 02: 3.3.8.3848Â  Problem Signature 03: 5e2b7a41Â  Problem Signature 04: System.ManagementÂ  Problem Signature 05: 4.8.3761.0Â  Problem Signature 06: 5c9c7026Â  Problem Signature 07: 25cÂ  Problem Signature 08: 118Â  Problem Signature 09: PSZQOADHX1U5ZAHBHOHGHLDGIY4QIXHXÂ  OS Version: 6.1.7601.2.1.0.400.8Â  Locale ID: 1033Â  Additional Information 1: fabfÂ  Additional Information 2: fabf1ac4e4f731d7fa1e55f2835fc488Â  Additional Information 3: c3f1Â  Additional Information 4: c3f1759fe13142bbaa7a397c0a50855dRead our privacy statement online:Â  http://go.microsoft.com/fwlink/?linkid=104288&clcid=0x0409If the online privacy statement is not available, please read our privacy statement offline:Â  C:\Windows\system32\en-US\erofflps.txtÂ From event log:Â Faulting application name: SourceTree.exe, version: 3.3.8.3848, time stamp: 0x5e2b7a41Faulting module name: KERNELBASE.dll, version: 6.1.7601.24545, time stamp: 0x5e0eb6bdException code: 0xe0434352Fault offset: 0x000000000000b87dFaulting process id: 0x1ad0Faulting application start time: 0x01d61fd7361b807eFaulting application path: C:\Users\Administrator\AppData\Local\SourceTree\app-3.3.8\SourceTree.exeFaulting module path: C:\Windows\system32\KERNELBASE.dllReport Id: 73dbe2b4-8bca-11ea-87af-0ae6f0225685Â Application: SourceTree.exeFramework Version: v4.0.30319Description: The process was terminated due to an unhandled exception.Exception Info: System.Runtime.InteropServices.COMException at System.Management.ThreadDispatch.Start() at System.Management.ManagementScope.Initialize() at System.Management.ManagementObjectSearcher.Initialize() at System.Management.ManagementObjectSearcher.Get() at SourceTree.Utils.WindowsOSHelper.GetWindowsVersion() at SourceTree.App..ctor() at SourceTree.App.Main()"
Auto Refresh stopped working,Done,Low,2020-05-01 14:41:00,2023-02-02 07:20:00,General,"Hi,a First, i loved the dark theme, but for production the Light Theme is better since there is a better contrast on the notifications.If it's possible, I would suggest for you guys to change the dark blue color in the dark themed for a more light one to make more contrast and be perceived by human eyes.a Thanks in advance!"
User interface doesn't respond,Done,Low,2020-05-01 10:30:00,2023-02-02 07:20:00,General,"In 'File Status' view, with tree view selected and 'all files' , if you select 'sorted by filename' or 'sorted by path'a  (i think they do the same thing when tree view is selected), then the files are correctly sorted.However if you remove focus from SourceTree, and then give the focus back to SourceTree, this seems to cause a refresh of the File Status view, and the sort order is now incorrect.a  The top level of tree is still correct - but any subfolders seem to be reverse sorted by file/folder name with the files and folders mixed together.*Found in version 3.3.8 (but i can't select that version below)*"
"Sourcetree version 3.3.6 (latest) - cannot update branches, stage files etc until force refresh",Done,Low,2020-04-29 14:23:00,2023-02-02 07:20:00,Git,"Hello,I am using SourceTree for a project which contains large text files I've configured to be handled by LFS.I have enabled the settings {{git config diff.lfs.textconv cat}} to allow diffing from the Git Bash, which works.Also, using an external diff tool in SourceTree allows me to look at the changes in those large files.Unfortunately, the history diff preview panel shows the diffs between the file pointers rather than the file contents (as it would happen with {{git diff}} if {{diff.lfs.textconf}} were not set).It's inconvenient to have to switch to an external diff tool for each changed file.Am I missing a setting, or is full content diff going to be implemented at some point?"
UI Refresh Broken in 3.3.6,Done,Low,2020-04-28 22:17:00,2023-02-02 07:20:00,branch,"After clicking ""Repository > Branch..."", entering the name of the branch, and clicking [Create Branch], the new branch is created locally but nothing is created on the server.Afterwards, if I click ""Repository > Push..."" the branch name appears on the left under ""Local Branch"" but a corresponding name is not available for selection on the right under ""Remote Branch"".Â  If I then go to the web site and manually create the branch, I can then come back to SourceTree and do a ""Repository > Refresh"".Â  Then, when I open the ""Push"" dialog, I now can select that branch under ""Remote Branch"", click the ""Track"" option, and complete the push.I believe this is a defect as I know I previously didn't have to go create the remote branch manually using the web interface.Â I am currently using v3.3.8 Windows but that version does not appear in the drop-down list; I selected the highest available version.Â  I had been using v3.2.6 but the update to 3.3.8 didn't improve things.Â  I also updated the embedded git from 2.18 to 2.21 but no change in behavior."
Facing issues with Windows 10 ,Done,Low,2020-04-28 07:11:00,2023-02-02 07:20:00,Bitbucket,After update Sourcetree to newest version (3.3.8) some repositories are not visible.
file status screen doesn't automatically updated after update 3.3.7,Done,Low,2020-04-27 07:20:00,2023-02-02 07:20:00,General,"A quick google search shows someone already posted this error as long as 2013 but no action at all was taken. Why? I find that this persistent message makes no sense at all. After I commit and push, all my work is done. ""Uncommitted changes"" will just appear. Can someone try to fix this? It's very confusing to me as a beginner as it makes me think some work is incomplete. I can't paste my screenshot as there's no attachment facility. Again, I'm using 3.2.8."
remote accounts need nickname,Done,Low,2020-04-27 04:51:00,2023-02-02 07:20:00,General,"After spending time checking how sourcetree sends Unity projects, I sent a few projects to make sure it worked consistently. There were 2 cases where only 4 folders were sent.a I don't know why other folders were not sent. I had issues where new scripts modified by Unity and sourcetree also were not detected as new or modified. I suspected that perhapsa sourcetreea  files were not working properly. I removed , then reinstalled and tested it again. When I tried again, more folders were sent and this time, it looked more like the folders I see on my computer. The folders sent earlier were : * Assets * Library * packages * ProjectSettings.Can someone check ifa sourcetree is corrupted? I only used the latest version. I'm unsure why the category doesn't have 3.3.8 but I inserted another version so I can post this."
Azure Devops Account don't respect full url,Done,Low,2020-04-27 04:32:00,2023-02-02 07:20:00,General,"I tried sourcetree 3 months ago and found that the manuals were strictly for mac users. Recently I was in the Unity forum and opened a thread to discuss free version control apps. Many suggestions were given but when I checked all of them, I found out that only 2 free unlimited ones were available - this one - sourcetree, and github desktop. After spending a week with github desktop and posting questions, I was told in another forum that github desktop cannot handle complex branching issues.a Upon being forced to return to sourcetree, I found the same problem - no proper manuals for windows users. Whilst I have carefully played around and found how to use it, including how to configure sourcetree properly, I wish to ask the management why this persistent laziness exist so small time users like me have to waste more time playing around to learn how it works? Is this standard practise at the higher levels of the company?"
Staging and unstaging files no longer updates the views.,Done,Low,2020-04-23 13:07:00,2023-02-02 07:20:00,Bitbucket,"We were using sourcetree and it was working fine , and after the update we are getting the below error . [taramasamy@globusmedical.com|mailto:taramasamy@globusmedical.com]Â and tamizhthangam is the user id .!image-2020-04-23-18-33-06-213.png!"
UI not responding in 3.3.6,Done,Low,2020-04-23 08:45:00,2023-02-02 07:20:00,Git,"SourceTree version: 3.3.8Windows version: windows 10 Home - 18363.720a Sourcetree is setting a config ina C:\Users\<name>\.gitconfig which looks likea {{}}{code:java}[credential ""helperselector""]         selected = manager{code}This is causing problem with git version 2.26.2 by givinga warning and in github desktop unable to push by giving errora {{}}{code:java}warning: url has no scheme:a helperselectorfatal: credential url cannot be parsed: helperselector{code}a {{}}{{}}"
First tab custom name reverts to default after closing Sourcetree,Done,Low,2020-04-22 23:57:00,2023-02-02 07:20:00,General,"This used to work, but stopped working quite some time ago (probably more than a year).1) Make changes to project. These can be staged or unstageda “ doesn't matter.2) Choose Create Patch from the Actions menu.3) The Working Copy Changes tab is selected.4) Attempt to click Stage Selected, Stage All, or click the the - icon.5) The dialog redraws, but the file is not moved to the dialog's Staged files list and the Create Patch button remains dimmed. Note that the - icon does change to +.Expected behavior:Files move from the Unstaged files list to the Staged files list and the Create Patch button is enabled whenever there are Staged files listed.Affected version: 3.3.4. It was not in the list so I could not select it."
Issues with Sourcetree and Applocker,Done,Low,2020-04-22 18:04:00,2023-02-02 07:20:00,UX,"Please bring back the repository view window!a  I am stuck on version 1.9.5.0 because the change to only a ""tab"" view is terrible!!!!a  It is so nice to see all your repos and see if any need updated before working.a  With the new layout you have to switch through all your tabs to make sure you are working with the latest deliveries."
UI is not updated automatically v3.3.6,Done,Low,2020-04-22 10:06:00,2023-02-02 07:20:00,General,When you delete repositories from the bookmarks *one by one* the list of repositories gets accumulated if you select thea«Delete from diska» option.!image-2020-04-22-12-05-36-789.png!
Sourcetree (Win 3.3.6) Cannot Open Terminal,Done,Low,2020-04-18 16:39:00,2023-02-02 07:20:00,remote,"After switching to SSH this error appears.a  !image-2020-04-18-18-36-34-500.png!Pull and PUSH to Bitbucket using SSH is working, so why the remote error ?h3. SourceTree 3.3.8 [20 Jan 2020]"
UI Refresh,Done,Low,2020-04-15 03:23:00,2023-02-02 07:20:00,remote,"When you try to resolve conflicts, SourceTree creates the temp files correctly, but doesn't not start Beyond Compare 4 any more. This was working.I can start beyond compare successfully from the command line using the created temp files, therefore this is a SourceTreee regression bug.I'm using SourceTree version 3.3.8"
Sourcetree (Win Ver 3.3.6) does not update its display after performing an action,Done,Low,2020-04-13 12:37:00,2023-02-02 07:20:00,Bitbucket,"I get an error when I try to clone with source tree. The Error is:Unexpected character encountered while parsing value: T.Path Line 0, position 0.a I trieda  upgrading to the latest version of sourcetree, with no change in the error.a I can log in to BitBucket via the web, but when I try via Sourcetree I Get the error shown above. I get the same error when I try to refresh the password.a SourceTree Version 3.3.8"
SourceTree unusuable after updating to latest ver (I'm on 3.3.6),Done,Low,2020-04-08 20:27:00,2023-02-02 07:20:00,Bitbucket,"Steps to recreate:Open a Bitbucket repo and click checkout to sourcetree.Checkout in URL actions window.Crash occursa This occurs in version 3.3.8 but there is no option to select, so the latest was selected."
Sourcetree file status is not refreshing,Done,Low,2020-04-06 17:53:00,2023-02-02 07:20:00,General,"Installed SourceTree 3.3.8 on a fresh Win10 1909 OS.SourceTree does not appear on Start Menu.SourceTree does not appear in ""Recently Added"" list in Start Menu.a *N. B.: This refers to version 3.3.8. On ""Create Issue"" form, the most recent version listed is 3.2.2.*"
Latest version does not detect changes in files,Done,Low,2020-04-03 22:00:00,2023-02-02 07:20:00,General,"Creating pull requests through Sourcetree is super buggy.When I right-click on a branch and select Pull Request, it tells me that I ""...don't have any remotes which have extended integration settings configured"". So, I go into repository settings and specify an endpoint. Great.Then, when I go back and right-click on the branch and select Pull Request, it shows an error dialog that says, ""Unable to open your web browser to '', do you have a default web browser set?""a I've forgotten how I've worked around this in the past, but it usually involves purchasing a new office window and monitor. Later, when I reopen Sourcetree after closing or restart, everything gets wiped and I have to repeat the above steps all over again.This is beyond frustrating. Please fix this!!This affects version 3.3.8.a "
Views don't update after an action.,Done,Low,2020-04-02 18:40:00,2023-02-02 07:20:00,General,"When i click the GitHub account on the left of the screen, it lists all thea Remote Repos for me on the right with a filter text box option on the top of this list. When i try to write any part of the repos name / or even the exact name, it does not filter the list below.a *i am using 3.3.8 version of the windows application*"
Sourcetree cache images moved to recycle bin rather than deleted permanently ,Done,Low,2020-04-02 08:20:00,2023-02-02 07:20:00,UX,"I have multiple repositories on my harddrive and saved in Sourcetree, but not all are opened at the same time. I organized those repository in multiple folders inside Sourcetree.When I try to open a repository with the ""+"" tab, browse through my Sourcetree folder structure, right-click a repository to open its context menu and click on ""open"", it opens a different repository. Double-clicking on a repository instead of opening the context menu will open the correct repository in a new tab.a _Note: My installed version of Sourcetree says 3.3.6 but I can't select that as ""Affected Version""._"
Hunk section header color,Done,Low,2020-04-01 12:29:00,2023-02-02 07:20:00,General,"When setting the taskbar to autohide, sourcetree is the only application that when maximised prevents the taskbar from showinga  when moving my mouse to the bottom of the screen."
UI is showing out of date state,Done,Low,2020-04-01 07:22:00,2023-02-02 07:20:00,General,"Please ADD Affects Version/sRequireds id with 3.3.8 - it isa  version what you provide to download on start page ! Running Windows 7 64 bit and Windows 10 64 bit.All fresh new install. Try to install sourcetree 3.8.8Get login form to bitbucket. Open it in browser (Firefox or change to Chrome, try one and another), accept all permission, what form asking, anda  installation stuck.If antivirus software are running - than form not opened in browser, but when it is stooped it shows successful windows. Any way it not helps you to continues installation.[link to community post with images|https://community.atlassian.com/t5/Sourcetree-questions/Can-t-install-sourcetree-3-8-8-on-Win-7-64-bit-and-Win-10-64-bit/qaq-p/1335045]"
Sourcetree forgets the account type for a repository,Done,Low,2020-03-31 12:48:00,2023-02-02 07:20:00,Bitbucket,"I have several repositories cloned from Bitbucket server in sourcetree.After I restart sourcetree the Remote button has a Red question mark. ANd I am not able to push any changes to the Bitbucket serverWhen I go to the repository settings and to the Remote repository path in de screen ""Remote details"" the Remote Account is set to ""Generic account"".!image-2020-03-31-14-45-44-394.png!When I switch to my personal account I can push changes again.But after restarten sourcetree it switches back to the ""Generic Account"" again and then I need to switch to my personal account again.a We are working with 3.3.8."
DigiCert Certificate Expired,Done,Low,2020-03-31 09:42:00,2023-02-02 07:20:00,Git,"After staging files (all or selected), the Staging files dialogs ""Close"" button is highlighted, suggesting that it has focus. However, pressing enter does not close the ""Staging files"" window, but actually activates the ""Commit"" button of the main window. The ""Staging files"" windows stays open.If, before pressing enter, I activate another application and then move back to SourceTree, the enter key works as expected.a Using version 3.3.8 which is not present in the affects versions list"
 incorrect recording when rotating the screen,Done,Low,2020-03-30 03:12:00,2023-02-02 07:20:00,Git,"Please note: I am currently using SourceTree v3.3.7. This is not an available option under 'Affects Version/s' so I selected 3.2.2.I use Source Tree by creating several different folders each folder has several repositories.A few versions back, sorry I don't know which version (around October 2019?), after an update I opened SourceTree and all my bookmarks had been lost.I figured it was due to an incompatibility between versions so I went through the task of restoring all of my current bookmarks.Now, on a regular basis, when I open SourceTree a large number of bookmarks will be lost. There does not seem to be anything consistent with how this happens but I am monitoring this more closely and will report back if I can replicate the issue with some sort of regularity."
Selected branch as variable in Custom Actions,Done,Low,2020-03-26 14:31:00,2023-02-02 07:20:00,Bitbucket,"Having updated the software recently to Sourcetree v3.3.8, I am facing some issues while checking-out and cloning repositories into my local machine.The check-out button stays greyed-out and does not show any matching repository on the local machine, while the cloning new option causes the software to crash. The software crash occurs after repo cloning to an empty folder is completed.Sourcetree v3.2.6 with same data on the machine works just fine. I couldn't find a description of a similar issue on the platform, if there is, kindly link it with that. Otherwise, a resolution would be handy!a P.S. I couldn't find v3.3.8 as affected version so, I have just selected the most recent version.Thanks."
Focus is lost on dialog buttons ,Done,Low,2020-03-25 13:19:00,2023-02-02 07:20:00,UX,"Hi,I have a repo with some members containing copyright signs (a©).In the diff pane of the main Sourcetree window, they appear as <black diamond with ?>File encoding: ISO8859-1 (also in ST options)Character code: 0xA9Fonts tried : Source Code Pro, IBM Plex MonoBoth these fonts have 0xA9 mapped; the character appears correctly in other applications such as Beyond Compare, Notepad++.To replicate, create a new file in a repo with ISO8859-1 encoding, containing a single copyright sign. Review in ST, diff windowPlease note, form does not accept my current version: 3.3.6.3829a Thanks! Stay safe! Brenta "
SourceTree hangs on pull or fetch,Done,Low,2020-03-25 11:16:00,2023-02-02 07:20:00,Bitbucket,"h3. Issue SummaryChecking out a branch from Bitbucket Cloud UI will freeze SourceTree WIN 3.3.8h3. Steps to Reproduce# Open a repository in Bitbucket Cloud UI# Click on Branches# Choose a branch# Click on ""Check out in SourceTree""h3. Expected Results# I would be able to choose, whether if I'd like to check out the branch using HTTPS or SSHh3. Actual Results# By default it wants to checkout the branch using SSH, when I click on ""close"", I get a ""BugSplat"" error screen and SourceTree crashes h3. WorkaroundCurrently there is no known workaround for this behavior. A workaround will be added here when available"
Sourcetree crashes if local git settings are invalid,Done,Low,2020-03-19 17:01:00,2023-02-02 07:20:00,Bitbucket,"Hello, I'm trying to install Sourcetree for Windows. When I install the software, I'm asked to register via my Bitbucket account. I click the button and grant access, and even get the ""Authentication Successful"" message in my browser.However, that's where things stop. My installer never gives me the option to go to ""Next""a The installer is for version 3.3.8 which isn't even listed on this form."
Update Embedded is not downloading the latest Git For Windows release,Done,Low,2020-03-16 10:33:00,2023-02-02 07:20:00,Bitbucket,I installed SourceTree3.3.8 version and it installed successfully however when I try to look for the sourceTree on in the search bar in windows 10. It does not show up. The application shows up in control panel for uninstallation however I do not see anyway to start sourcetree application
" download the application ""UKRzalÑ–znitsya""",Done,Low,2020-03-14 21:51:00,2023-02-02 07:20:00,General,"When trying to review changes on attached file, one CPU thread maxes out and the UI freezes for about 5 minutes.Could this be related to the comparison code trying to parse the .xml structure of the file due to the extension?"
Mercurial HG doesn't work anymore with version 3.3.6,Done,Low,2020-03-13 12:21:00,2023-02-02 07:20:00,Bitbucket,"On registration step, after selecting bitbucket button and opening a new tab with the message:h2. Authentication SuccessfulSourceTree has been successfully authenticated. You may now close this page.a The instalation client 3.3.8 dosen't goes forward and NEXT button is disabled. So I can't install sourceTree."
"Issue while install process, logging with Bitbucket account",Done,Low,2020-03-11 19:56:00,2023-02-02 07:20:00,Git,I downloaded Sourcetree but the program does not appear to save on my computer.Â  Every time that I want to run the program I have to find the exe file in my downloads and run that.Â  It also does not communicate properly with my companies Stash server.I have tried re-downloading Sourcetree but that did not change anything.
Feature can't be Done from git-flow,Done,Low,2020-03-11 19:10:00,2023-02-02 07:20:00,Bitbucket,"NB: This is in version 3.38, but that version does not show up in the list of versions!I set up credentials for Bitbucket Server so I can create pull requests. Everything works fine until I exit Sourcetree. When I restart Sourcetree, my remote account integration settings are lost and I can no longer create a pull request. Likewise for ""View repository online"".I am using a ""saved account"". That is still present after a restart, but it is no longer assigned to the remote repo.The behavior is very similar to SRCTREEWIN-8293, but this happens even when I am connected to the host repo network when SourceTree starts, so the root cause may be different."
How to set the font and font size of the submitted text box? Chinese fonts look uncomfortable,Done,Low,2020-03-11 06:05:00,2023-02-02 07:20:00,UX,"STEPS: # select a file # right-click and open in Log window # select a revision # right-click and ""Open Selected Version"" # observe nothing happensEXPECTEDThe selected revision opens in my default editor for the given file extension, or at least an error message is displayed.a NOTESThis occurs in Version 3.3.8 as well as 3.1.X.a  Version 3.3 is not available from the Versions list for Jira.I am testing this with a "".cs"" file. In windows the associated app is Notepad++ (I have tried others).a  If I double-click a .cs file in file explorer, it correctly opens it in the selected editor.The process viewer does correctly show a ""ExportFileAtCommit"" entry.a a "
Application slows down and eventually crashes when not shut down for a couple of days,Done,Low,2020-03-10 19:17:00,2023-02-02 07:20:00,General,"Using sourcetree 3.3.8. Select a file in unstaged files area, perform an external diff, perform a change to the file and save it. In my case, i used winmerge, which creates a .bak file after saving. When closing the external merge tool, you can see the additional .bak file appear in the unstaged area. Now, right click and press _*Remove*_ on the .bak file. In the dialog that appears now, you will see 2 files to be deleted which is incorrect.!image-2020-03-10-20-13-11-739.png|width=537,height=205!"
Custom Actions is not working when set parameter multiple,Done,Low,2020-03-10 18:24:00,2023-02-02 07:20:00,Bitbucket,"After installation during registration stage opening up localhost:34106 for authentication.Sourcetree cannot be used with the bug.Â {code:java}ERROR [2020-03-10 11:06:38,327] [13] [Sourcetree.Analytics.Emau.EMauSubmissionService] [Log] - POST MAU submission FAILEDSystem.IO.FileLoadException: Could not load file or assembly 'TimeZoneConverter, Version=2.3.0.0, Culture=neutral, PublicKeyToken=null' or one of its dependencies. The located assembly's manifest definition does not match the assembly reference. (Exception from HRESULT: 0x80131040)File name: 'TimeZoneConverter, Version=2.3.0.0, Culture=neutral, PublicKeyToken=null' at Atlassian.AnalyticsService.Client.Converters.IanaTimezoneConverter.WriteJson(JsonWriter writer, Object value, JsonSerializer serializer) at Newtonsoft.Json.Serialization.JsonSerializerInternalWriter.SerializeConvertable(JsonWriter writer, JsonConverter converter, Object value, JsonContract contract, JsonContainerContract collectionContract, JsonProperty containerProperty) at Newtonsoft.Json.Serialization.JsonSerializerInternalWriter.SerializeObject(JsonWriter writer, Object value, JsonObjectContract contract, JsonProperty member, JsonContainerContract collectionContract, JsonProperty containerProperty) at Newtonsoft.Json.Serialization.JsonSerializerInternalWriter.SerializeObject(JsonWriter writer, Object value, JsonObjectContract contract, JsonProperty member, JsonContainerContract collectionContract, JsonProperty containerProperty) at Newtonsoft.Json.Serialization.JsonSerializerInternalWriter.Serialize(JsonWriter jsonWriter, Object value, Type objectType) at Newtonsoft.Json.JsonSerializer.SerializeInternal(JsonWriter jsonWriter, Object value, Type objectType) at Newtonsoft.Json.JsonConvert.SerializeObjectInternal(Object value, Type type, JsonSerializer jsonSerializer) at Sourcetree.Analytics.Emau.EMauSubmissionService.<SubmitBatch>d__61.MoveNext(){code}Â "
Terminal button (and menu) fails to open Git Bash,Done,Low,2020-03-09 14:21:00,2023-02-02 07:20:00,General,The button to open the console doesn't do anything besides flashing when I click on it. It used to work fine but for a couple of weeks now it doesn't work anymore.!image-2020-03-09-15-18-14-820.png!!image-2020-03-09-15-19-30-408.png!
Move Repository bar to left,Done,Low,2020-03-06 16:19:00,2023-02-02 07:20:00,General,"Hello,If you ignore the silly requirement to have a Bitbucket account for simply using the source tree software, source tree refuses to allow anyone to specify an install folder, so you're forced to use AppData or whatever silly folder they've decided we have to use. After my installation it crashed and instead of a nice message telling me, I was presented with a dump file and no explanation.a Why can't an option be given to set the location and provide useful feedback on install failure?Honestly I uninstalled it and went to Git Cola (hint: it took 20 seconds download, install and run) because it also looks like the source tree installer wants to mess around with my git configuration and installation.a Just provide a simple installer or a zip with no forced login, an ability to state location and doing nothing other than just installing the software."
Commit text Links are reset when opening SourceTree,Done,Low,2020-03-05 20:19:00,2023-02-02 07:20:00,Bitbucket,"I download the ""SourceTreeSetup-3.3.8.exe"" installer, when i want to login to my Bitbucket account it send me to this URLa http://localhost:34106/?state=authenticated&code=GvCTtY99b8aNPYG82j.Obviusly, never does it.a a a "
Sourcetree crashes when using URL Action,Done,Low,2020-03-05 17:31:00,2023-02-02 07:20:00,Bitbucket,!image-2020-03-05-12-29-33-084.png!a !image-2020-03-05-12-29-20-435.png!
Unable to push to github org account from sourcetree,Done,Low,2020-03-04 10:11:00,2023-02-02 07:20:00,General,"SourceTree *v3.3.8* for Windows - cannot push a branch that isn't ""master"". See attached screenshot: https://pasteboard.co/IXw5liO.pngClearly I have one commit to push on my own branch, yet both the Push button and the Push right-click menu has listed only the master branch, with no way to add my own branch on the dialogue.For now I am pushing my commits directly from Visual Studio."
Empty local branch name when pushing new branch,Done,Low,2020-03-04 08:41:00,2023-02-02 07:20:00,General,"I've been alternating among several multi-repo projects. It would be great if one can save their current status (active repos), set up a new set, work on them for a while, and eventually be able easily return to the previous session.a "
Error when using check for version functionality from the optons  menu,Done,Low,2020-03-04 06:44:00,2023-02-02 07:20:00,Bitbucket,"When being prompted in ""Registration"" to login I am just bounced back to the same view again and unable to press the button. In my browser is an unresponsive page after granting access:[http://localhost:34106/?state=authenticated&code=[code]]a Installer:a SourceTreeSetup-3.3.8a "
unable to use sourcetree to upload local programming into bitbucket,Done,Low,2020-03-02 08:05:00,2023-01-16 11:53:00,Git,"Files encoded with UTF-16 LE (little endian) without BOM (Byte Order Mark) does not display correctly. Every other character is displayed as a space (see screenshot).To reproduce: # Save a text file as ""sample.txt"" in a git repository with encoding of UTF-16LE (without BOM) ## To do this I use the SublimeText3 ""Save with encoding"" feature # Add the line{code:java}**/*sample.txt text working-tree-encoding=UTF-16LE{code}to the "".gitattributes"" file which should let Git understand how to interpret the file. (this should make it show up correctly) # Look at the file in the diff view in source tree (see screenshot)Screenshot:!image-2020-03-02-09-04-20-243.png!To verify fix: # make sure that the diff view now works with files that are encoded with BOTH of the following encodings: ## UTF-16 LE (without BOM) ## UTF-16 LE BOM (WITH BOM)a "
Remote Account Type Reverting to Unknown,Done,Low,2020-02-26 14:42:00,2023-01-16 11:53:00,General,latest version of sourcetree consume more then 80% resource of CPU while in inactive
Application isnt showing changes in dark mode.,Done,Low,2020-02-26 12:55:00,2023-01-16 11:53:00,REST,Sourcetree win 3.3.6 on windows 10Bitbucket server 5.3.1Â Clone - remote repositories works well for all repos in projects except projects that the name begins with a period (ie. .NET)Â 
SourceTree installation,Done,Low,2020-02-25 19:25:00,2023-01-16 11:53:00,Bitbucket,"Sourcetree versions after 3.1.3 are using a different web api to retrieve the list of remote repositories from a Bitbucket Server remote. These new api's do not return the list of repositories correctly.I'm unsure if this is a bug in Sourcetree (using bad api calls), or if its a bug in Bitbucket Server (does correctly implement new api's)."
Provide Re-Authentication window when push return access denied. ,Done,Low,2020-02-21 12:48:00,2023-01-16 11:53:00,General,Sourcetree for Mac supports adding keyboard shortcuts for custom actions. It would be incredibly useful to add this for windows as well.Â Â 
Cannot select multiple branches,Done,Low,2020-02-21 09:46:00,2023-01-16 11:53:00,Bitbucket,"File status updates automatically.a  So if I change a file and then switch back to Sourcetree the file status section updates.a  However, if I pull commits from the repository or make a commit locally the branch history auto-update doesn't happen.a  Also, with ""Current branch"" selected, if I switch branches outside of Sourcetree the branch history auto-update doesn't execute.a  The only way to get branch history to update in these scenarios is to switch from ""Current branch"" to ""All branches"" or vice versa."
Allow for custom theme configuration for dark mode for Sourcetree Windows,Done,Low,2020-02-21 07:29:00,2023-01-16 11:53:00,Git,"Hi,Since 3.3.8, I cant force push. I've got the box that's checked off.And source tree don't refresh local directory.a Thank you.----------Win 10Source tree v.3.3.8"
Crash when attempting to initiate Gitlab-EE pull request,Done,Low,2020-02-19 14:20:00,2023-01-16 11:53:00,branch,"I can double click the desired branch but the UI does not bold the name and put the circle in front of the name like it used to do. I can open Bash in the repo and see the branch has changed. I must manually refresh the screen and it will then show the current branch as expected.a I am runninga  3.3.6.3829 but the 'Affects Version/s' does not have the version listed , stops at 3.2.2, so there is another issue to resolve."
"Endless ""Loading x commits to reach commit y"" when filter is on",Done,Low,2020-02-19 14:08:00,2023-01-16 11:53:00,Git,"I just updated {color:#FF0000}*sourcetree to 3.3.8* {color}and there's a major bug that has forced me to uninstall and go back to my previous version (3.2.6). {color:#FF0000}*The same thing happens in 3.3.6*{color}+{color:#0747a6}*(there's no 3.3.8/3.3.6 option in the version field of the issue, so I had to put 3.2.4)*{color}+I have different window's directories with basically the same project on different branches.Until version 3.2.6, if I had a tab with *repo1::project1*a opened and tried to open *repo2::project1*a in another tab (same project, in another branch in a different windows directory), It'd let me.Now, every time I try to open the second one, It goes back to my *repo1:project1* tab, so I cant have both opened at the same time."
Cannot open local repo when repo is a submodule open in another tab,Done,Low,2020-02-19 11:24:00,2023-01-16 11:53:00,ChangeSetViewManager,When click on stage selected/stage all and unstage selected/unstage all moving files to respective block but its doesn't show in respective block. Its shows in respective block when we close and open the app again.
"trusted_tester , Bug UI",Done,Low,2020-02-19 00:20:00,2023-01-16 11:53:00,General,"I recently built a new PC, downloaded all my favourite apps for productivity including Sourcetree...a Downloaded 3.3.8 from the sourcetreeapp.com website as usual, When running I see the blue splash screen followed by a few seconds delay and then sourcetree loads. I've never seen the actual installation menuI cannot find the application when searching in Windows Search, Does not show up in Control Panel etc%AppData% shows various folders with JSON and XML configs in them.a Version 3.3.8 Does not exist in the lower ""Affected version"" box."
Commit text links are lost when closing and reopening app,Done,Low,2020-02-18 10:07:00,2023-01-16 11:53:00,UX,"The diff embedded in SourceTree isn't showing tabs correctly when ""show invisibles"" is enabled.The correct way to show tabs in this situation is to show a single ""invisible"" where the tab is, then indent as much as you need for a single tab, then (if there's a second tab) show another invisible and indent again, etc.Currently instead it shows all the invisibles at the beginning of the line, and the invisible dots in apparently arbitrary places.Since I've noticed that also the dots for the spaces are all messed up, I guess that whenever there are tabs, all of the invisibles do not show correctly._(for some reason I found no way to attach screenshots for now, I'll try to add them as links later)__(also for some reason it doesn't allow me to select version 3.3.8, which is the one I'm using - on Windows 10)_"
"Application Crash When Using ""Checkout In SourceTree"" from BitBucket Server",Done,Low,2020-02-17 13:51:00,2023-01-16 11:53:00,Bitbucket,it is now going ahead from Bit bucket login step for installation on windows 7 machine with latest versiona please guide me for the same
"""something went wrong"" error while creating tag in Mercurial repository",Done,Low,2020-02-17 05:44:00,2023-01-16 11:53:00,Git,"When I updated to the latest version of sourcetree for windows (3.3.7), I have to refresh in order to see any changes (switching branches, merging, new commits, etc.).a Please fix this issue. It makes it very difficult to use.a PS: version 3.3.7 is not listed below."
SourceTree not showing Bitbucket repositories,Done,Low,2020-02-15 18:43:00,2023-01-16 11:53:00,Beta,"With expected max level of grain humidity of 50% the calculator accepts the meaning of 50.90%, which exceeds the limit"
All Branches / Current Branch Dropdown doesn't remember choice,Done,Low,2020-02-15 13:17:00,2023-01-16 11:53:00,Beta,"Steps to reproduce: # Open [https://nibulon.com/data/zakupivlya-silgospprodukcii/kalkulyator-znizhok.html] # Select an arbitrary value in the delivery base # Choose an arbitrary culture # Enter a humidity indicator between 50 and 100%Expected result:Â  Â  Â  ""Ð’Ð²ÐµÐ´Ñ–Ñ‚ÑŒ Ð¿Ð¾ÐºÐ°Ð·Ð½Ð¸Ðº Ð²Ð¾Ð»Ð¾Ð³Ð¾ÑÑ‚Ñ– Ð¼ÐµÐ½ÑˆÐµ 50%""Actual resultÂ  Â  Â ""Ð’Ð²ÐµÐ´Ñ–Ñ‚ÑŒ Ð¿Ð¾ÐºÐ°Ð·Ð½Ð¸Ðº Ð²Ð¾Ð»Ð¾Ð³Ð¾ÑÑ‚Ñ– Ñƒ %""Â !image-2020-02-15-14-43-06-299.png|width=313,height=63!Â Â "
Always update repository github address when launch sourcetree,Done,Low,2020-02-14 00:05:00,2023-01-16 11:53:00,General,"When I try to install SourceTree (using SourceTreeSetup-3.3.8.exe), Windows Defender claims it is an unrecognized app (although it recognizes the Publisher, 'Atlassian Pty Ltd).a I'm on Windows 10 Enterprise,a Version 10.0.17763 Build 17763. I selected 3.2.2 as the affected version, however the installer exe suggests the latest release version (the one I'm trying to install) is 3.3.8.a !image-2020-02-13-16-01-03-035.png!"
Taskbar not accessible when SourceTree is in full screen,Done,Low,2020-02-13 19:42:00,2023-01-16 11:53:00,General,"I created a simple text file in my local repository - textfile1.txt. It shows up in Sourcetree unstaged files as textfile1.txt.txt. I have deleted and recreated it several times, and it always looks the same. The file always has the correct name in Windows Explorer. Then when I stage it, the file name in Sourcetree remains textfile1.txt.txt.a Note: I'm using version 3.3.8, but that version doesn't show up in the ""version"" drop-down."
Remote (Host Root URL) is not being saved and displays error,Done,Low,2020-02-13 15:28:00,2023-01-16 11:53:00,Bitbucket,"Version:3.2.6 (please update Jira when you release a new version)Log selected does not seem to work, but in fact it works.Please make sure the window pops up on top of the main window.I have a dual monitor setup, maybe that is the reason.But after Alt-M and selecting the active source tree application from the task bar I see only one window grouped in the windows taskbar (the main application).However when I cycle to the next column in the taskbar I see there is a second sourcetree icon which contains a group of sourcetree windows and these are all small log windows I had tried to open before.1) please make a single group of source tree windows on the taskbar so it is clear there are multiple windows active.2) have the window popup in front of you when you choose ""Log Selected""."
Text cursor disappears in commit message text area,Done,Low,2020-02-13 13:43:00,2023-01-16 11:53:00,General,"I have a Main repository using 19 submodules.In the submodules tabs everything works as expected: When I commit, the entire vie is automatically updated.In the main repository this is not the case. After every stage, commit, fetch, pull etc I manually have to hit F5 to refresh the view.a The option ""Refresh automatically when files changed"" is enabled.The option ""Refresh when window is not focused"" is enabled."
ver 3.3.4  Can not Push new Branch unless I check/uncheck/check again the Branch to get the Remote name filled,Done,Low,2020-02-13 09:59:00,2023-01-16 11:53:00,General,"Hi there, today I'm recommending your products to my customers and work together with them. I'm software developer, my environment is Linux (Ubuntu). Unfortunately the only thing that I feel you missing is about Sourcetree for Linux. Alternatively I'm using Gitkraken. No one of my customers are using Windows, rarely they use Mac, because we work in Brazil and Mac is totally unaffordable here ($$). Backing to the goal, Gitkraken is alone in Linux environment. Would be great if you'd bring Sourcetree to Linux too (specially to Ubuntu). Thank you."
Not able to login in IE 11 version on id.atlassian.com,Done,Low,2020-02-12 19:59:00,2023-01-16 11:53:00,General,"When I switch branch or do other actions on the fiirst opened repository, I have to manually hit F5 to refresh it. Other tabs automaticly refresh."
 out of ram with help of Git Credential Manager for Windows,Done,Low,2020-02-12 19:33:00,2023-01-16 11:53:00,remote,"I've configured Sourcetree to use a remote repository (Bitbucket) under *Settings*. Under *Optional extended integration*, I've selected my *<username>/Bitbucket Server* as the remote account. However, every time I close Sourcetree and reopen, the *Remote* button has a red exclamation mark overlay icon, and the *Remote Account* under *Optional extended integration* has switched back to *Generic Account/Generic Host*.I've tried this on versions 3.3.6 and 3.3.8 and in both versions it switches back to Generic Account. The last version where this was working correctly was 3.2.6.Please fix ASAP.a I can't find version 3.3.6 or 3.3.8 in the Affects Version/s drop-down list in this bug report, but it's a mandatory field, so I selected the first version in the list. Please ignore."
"Git Flow - ""Start bugfix"" feature",Done,Low,2020-02-12 18:15:00,2023-01-16 11:53:00,UX,"I think that in former versions of SourcTree the program stored the opened 'trees' under BRANCHES, TAGS, REMOTES, ... what was nice.Now I would appreciate to have at least an option that the tree to the currently checked out branch is opened, when starting the program or opening a new or stored repository tab.h2. What it looks now!image-2020-02-12-19-14-03-171.png!h2. What it should look likeÂ  !image-2020-02-12-19-13-31-438.png!"
Git not found error,Done,Low,2020-02-11 21:20:00,2023-01-16 11:53:00,General,"When clicking on stage all, or commit, or branch or merge, the sourctree GUI does not respond to the action. i.e. files do not show as staged, commit doesn't show as having occured, and history is not updated. If you close sourcetree and reopen it, then the changes or commands issued are reflected.!image-2020-02-11-14-19-39-526.png!a !image-2020-02-11-14-20-40-790.png!a !image-2020-02-11-14-17-46-269.png!"
Upgrade SourceTree not possible if proxy is configured but not available,Done,Low,2020-02-11 11:36:00,2023-01-16 11:53:00,UX,"On Log/History view, if you are working with too many branches, tracing what has been changed on which branch is sometimes quite mess even using the graph view.If the graph view would provide a new feature that, when any branch/commit is clicked on the history list, that branch where the commit is done would be highlighted with a thicker line, that would be very useful.Â Graph view is useless if so many branches are created from one branch, because the lines get mixed up. See below picture as an example:!image-2020-02-11-12-35-04-816.png|width=526,height=258!"
Custom Actions sub-menu missing from context menu in Sourcetree 3.3.4,Done,Low,2020-02-11 10:20:00,2023-01-16 11:53:00,Bitbucket,Even after adding the correct public and private keys. Appreciate your help here
Finish hotfix didn't merge to develop,Done,Low,2020-02-11 09:48:00,2023-01-16 11:53:00,Bitbucket,I have tried deleting all folder regarding source tree and do re-installs - no luckWhen I try to install it saysa Authentication Successful - but the next button does not become enabled so install cannot continue. What to do ?
Not able to check out remote branch with pipe (vertical line) character,Done,Low,2020-02-10 22:43:00,2023-01-16 11:53:00,Bitbucket,"This is happening to quite a few people on our team. While on Sourcetree 3.1.3, users can see repositories that they have permissions to in the remote tab. When they update to the latest version of Sourcetree (3.3.6), all repositories stop showing up in the remote tab.a We were able to get the user's remote repositories (on 3.3.6) to show up by giving them read permissions to a different project. Both the repos from project A and B now showed up. This seems like a bug with Sourcetree. Has anyone found a solution to this?"
can not select any branch when git push,Done,Low,2020-02-10 15:21:00,2023-01-16 11:53:00,UX,"In SourceTree 3.3.6 (there is no version in Affects Version for 3.3.6 FYI) on Windows 10, both in the New Tab page or in the Local repositories popup under the hamburger menu on the right, Show In Explorer is always disabled for every repository. Actions > Show In Explorer and the Explorer button both work."
can not select any brance when git submit,Done,Low,2020-02-10 11:39:00,2023-01-16 11:53:00,branch,"{color:#FF0000}*SCT v3.3.8*{color}. If I try to checkout a branch with Bitbucket (v4.3.0)a  using ""..."" near branch name SCT is opening a dialog for checkout. After click button checkout SCT crashes and display the crash report dialog (I send sevceral times the crashreport)."
Can't use sourcetree because of space in user name,Done,Low,2020-02-10 11:35:00,2023-01-16 11:53:00,remote,"after a fresch installation {color:#FF0000}*v3.3.8*{color} (delete AppData\Local\Atlasian and AppData\Local\Sourcetree completely) SCT does not save remote login data for bitbucket. Will see a red exclamation on button ""Remote"". After clearing this problem by edit url (Remote account) in settings the red exclamation disappear and I can work. Than after close and reopen SCT the red exclamation will displayed again ad the users remote accout is set to ""Generic Account / Generic Host"""
Default Web Browser Not Recognized - Source Tree,Done,Low,2020-02-10 10:41:00,2023-01-16 11:53:00,Web,The last Version in Jira for SourceTree for Windows is 3.2.2.There are other fields that are messy as well.
Bug Splat on commit,Done,Low,2020-02-10 10:38:00,2023-01-16 11:53:00,General,"The Check for Update features currently tells me, that my version 3.3.6.38229 is the latest version, which is incorrect, because I can manually download 3.3.8 from thea [https://www.sourcetreeapp.com/]a website.a I have noticed this issue in the past. Eventually it will find a new version, but only every couple of weeks/months.a If a new version is available, I want to be notified."
"After commit, the file that I want to Push disappears",Done,Low,2020-02-08 19:42:00,2023-01-16 11:53:00,General,"Using Sourcetree 3.3.7 on Windows.1. Go to New Tab > Local repositories.2. Use search to find a repository.3. Right click on the repository and select delete.4. Confirmation will be prompted.5. In the confirmation, there are more than the repository that being selected * it includes other repository * it includes the other folder (that contains repositories)6. Ok and it will delete as per the list and lost all the repositoriesa *Application does not delete repository as per selected but randomly includes other repository. almost like the search, ruin the indexing and delete random thing.a "
Add a Identity List to Quickly Choose the Name and Email Address for New or Cloned Repositories.,Done,Low,2020-02-07 12:00:00,2023-01-16 11:53:00,Git,"Windows is case insensitive and so when renaming a branch's capitalisation, an error will occur (branch already exists).SRCTREE-713 implemented ability to rename branch.BCLOUD-11637 was Done but I think an opportunity was missed to improve sourcetree.It would be useful to add an option to force rename in Sourcetree, ie perform:{code:java}git branch -M newName{code}"
Version 4.0 breaking Dark Mode switching,Done,Low,2020-02-07 07:11:00,2023-01-16 11:53:00,Git,"If I use the GitFlow and click on Finish Feature the FeatureName (Branchname) is displayed but only for a few seconds. On the dropdown arrow I see a rotating donut. 10 seconds later the there is now more feature name in the dropdown box, no more rotating donut. And the OK button is disabled.So I can only Finish the Feature (merge) if I'm fast enough.a a -> Its in Version 3.3.6 but its not possible to choose in Affects Version"
"German translation of ""Pull"" / ""Fetch"" is missleading",Done,Low,2020-02-07 06:53:00,2023-01-16 11:53:00,Git,"Hey guys,a  I'd like to ask you fix this problem.Everytime I have opened SourceTree (version *3.3.8* - I'm not able to check it in your list of versions) I had warning on my remote icon.!image-2020-02-07-07-48-17-218.png!a I setup it correctly (with my account),a  but everytime I've open sourcetree, warning is there and my default remote user is setup to generic account!image-2020-02-07-07-49-28-463.png!a "
This is not a valid source path / URL,Done,Low,2020-02-06 18:14:00,2023-01-16 11:53:00,Git,"Configuration for use with gerrit requires modifying a repos origin push to :refs/heads/*:refs/for/*.this worked great with 3.1.3 and earlier versions.a  Now, we just get a push window with absolutely NO branches or anything so it is impossible to push changes unless auto-pushing using the checkmark to push directly upon committing.a  This is ok in normal scenarios, but as soon as you enter complex scenarios like wishing to ammend a checked-out commit that someone else has pending in gerrit, which requires creating a local branch, we normally have to manually tell it to push it to the correct refs/for/correctBranch.a  this is now impossible.a  See screenshots that I will add as comments to the issue to see the 3.1.3 behaviour and the latest behaviour (same in all versions more recent than 3.1.3)Please correct this, it forces our teams to remain on 3.1.3 just to function."
SourceTree Login in after Installing on Window 10 is loading for ever.,Done,Low,2020-02-06 08:55:00,2023-01-16 11:53:00,General,"I use a German OS but would like sourcetree in English, therefore I changed the language in the options.Upon doing so, any changes to my repository do not display right away but only after pressing F5. So, staging files, unstaging files, checking out a different branch, it is all done but it won't show until F5 is pressed.a Sourcetree version 3.3.6.3829 for Win10 (not the selected version below which is wrong)"
Push Branches option update is not saved.,Done,Low,2020-02-05 14:12:00,2023-01-16 11:53:00,General,"*Description:* There is a feature which allows you to select some lines in the code and discard it or note it. The feature works by marking some lines in the code and then press a button in a bar at the top.*Problem:*a  This bar is not fixed anymore, you have to scroll at the very top of the code to use the buttons.*NOTE:*I am using Version 3.2.6, not 3.2.4, but I can't select 3.2.6 in the ""Affects Versions/s"" dropdowna "
Backslashed in branch names,Done,Low,2020-02-05 09:23:00,2023-01-16 11:53:00,Bitbucket,"i try to index files to commit them, and they not indexing!image-2020-02-05-11-20-26-103.png|width=1039,height=712!"
"Allow ""Copy"" from the diff view in Sourcetree",Done,Low,2020-02-05 03:04:00,2023-01-16 11:53:00,Git,"Sourcetree is adding a bunch of carat characters in my ini files when committing. It also adds a has which I assume corresponds to the specific commit, then adds a bunch of equal signs.a "
The History Search Is Almost Worthless,Done,Low,2020-02-04 11:14:00,2023-01-16 11:53:00,General,"My windowsÂ 10 performed version 1909 update - KB4528760Â and .NET framework 3.5 and 4.8 update - KB4532938.Â I don't know if this is related, yet the UI seems sluggish.Seems to be failing version update check AND some analytic data (despite option is disabled) as seen in logs - going and going for a couple of days...NOTE: Version is 3.3.6, but Jira only allows 3.3.4...Â {code:java}ERROR [2020-02-04 10:14:23,077] [1] [Sourcetree.Installer.Squirrel.Utils.UpdateHelper] [Log] - Failed to check for updatesSystem.Exception: Failed to check for updates ---> System.MissingMethodException: Method not found: 'Void Splat.IFullLogger.Info(System.String, !!0)'.   at Squirrel.UpdateManager.CheckForUpdateImpl.<CheckForUpdate>d__2.MoveNext()   at System.Runtime.CompilerServices.AsyncTaskMethodBuilder`1.Start[TStateMachine](TStateMachine& stateMachine)   at Squirrel.UpdateManager.CheckForUpdateImpl.CheckForUpdate(String localReleaseFile, String updateUrlOrPath, Boolean ignoreDeltaUpdates, Action`1 progress, IFileDownloader urlDownloader)   at Squirrel.UpdateManager.<CheckForUpdate>d__7.MoveNext()--- End of stack trace from previous location where exception was thrown ---   at System.Runtime.ExceptionServices.ExceptionDispatchInfo.Throw()   at System.Runtime.CompilerServices.TaskAwaiter.HandleNonSuccessAndDebuggerNotification(Task task)   at Sourcetree.Installer.Squirrel.Utils.UpdateHelper.<CheckForUpdate>d__19.MoveNext()   --- End of inner exception stack trace ---   at Sourcetree.Installer.Squirrel.Utils.UpdateHelper.<CheckForUpdate>d__19.MoveNext()--- End of stack trace from previous location where exception was thrown ---   at System.Runtime.ExceptionServices.ExceptionDispatchInfo.Throw()   at System.Runtime.CompilerServices.TaskAwaiter.HandleNonSuccessAndDebuggerNotification(Task task)   at Sourcetree.Installer.Squirrel.Utils.UpdateHelper.<HasAvailableUpdates>d__20.MoveNext()ERROR [2020-02-04 10:14:23,567] [41] [Sourcetree.Analytics.Emau.EMauSubmissionService] [Log] - POST MAU submission FAILEDSystem.IO.FileLoadException: Could not load file or assembly 'TimeZoneConverter, Version=2.3.0.0, Culture=neutral, PublicKeyToken=null' or one of its dependencies. The located assembly's manifest definition does not match the assembly reference. (Exception from HRESULT: 0x80131040)File name: 'TimeZoneConverter, Version=2.3.0.0, Culture=neutral, PublicKeyToken=null'   at Atlassian.AnalyticsService.Client.Converters.IanaTimezoneConverter.WriteJson(JsonWriter writer, Object value, JsonSerializer serializer)   at Newtonsoft.Json.Serialization.JsonSerializerInternalWriter.SerializeConvertable(JsonWriter writer, JsonConverter converter, Object value, JsonContract contract, JsonContainerContract collectionContract, JsonProperty containerProperty)   at Newtonsoft.Json.Serialization.JsonSerializerInternalWriter.SerializeObject(JsonWriter writer, Object value, JsonObjectContract contract, JsonProperty member, JsonContainerContract collectionContract, JsonProperty containerProperty)   at Newtonsoft.Json.Serialization.JsonSerializerInternalWriter.SerializeObject(JsonWriter writer, Object value, JsonObjectContract contract, JsonProperty member, JsonContainerContract collectionContract, JsonProperty containerProperty)   at Newtonsoft.Json.Serialization.JsonSerializerInternalWriter.Serialize(JsonWriter jsonWriter, Object value, Type objectType)   at Newtonsoft.Json.JsonSerializer.SerializeInternal(JsonWriter jsonWriter, Object value, Type objectType)   at Newtonsoft.Json.JsonConvert.SerializeObjectInternal(Object value, Type type, JsonSerializer jsonSerializer)   at Sourcetree.Analytics.Emau.EMauSubmissionService.<SubmitBatch>d__62.MoveNext()WRN: Assembly binding logging is turned OFF.To enable assembly bind failure logging, set the registry value [HKLM\Software\Microsoft\Fusion!EnableLog] (DWORD) to 1.Note: There is some performance penalty associated with assembly bind failure logging.To turn this feature off, remove the registry value [HKLM\Software\Microsoft\Fusion!EnableLog].ERROR [2020-02-04 10:14:23,568] [41] [Sourcetree.Analytics.Emau.EMauSubmissionService] [Log] - POST MAU submission FAILEDSystem.IO.FileLoadException: Could not load file or assembly 'TimeZoneConverter, Version=2.3.0.0, Culture=neutral, PublicKeyToken=null' or one of its dependencies. The located assembly's manifest definition does not match the assembly reference. (Exception from HRESULT: 0x80131040)File name: 'TimeZoneConverter, Version=2.3.0.0, Culture=neutral, PublicKeyToken=null'   at Atlassian.AnalyticsService.Client.Converters.IanaTimezoneConverter.WriteJson(JsonWriter writer, Object value, JsonSerializer serializer)   at Newtonsoft.Json.Serialization.JsonSerializerInternalWriter.SerializeConvertable(JsonWriter writer, JsonConverter converter, Object value, JsonContract contract, JsonContainerContract collectionContract, JsonProperty containerProperty)   at Newtonsoft.Json.Serialization.JsonSerializerInternalWriter.SerializeObject(JsonWriter writer, Object value, JsonObjectContract contract, JsonProperty member, JsonContainerContract collectionContract, JsonProperty containerProperty)   at Newtonsoft.Json.Serialization.JsonSerializerInternalWriter.SerializeObject(JsonWriter writer, Object value, JsonObjectContract contract, JsonProperty member, JsonContainerContract collectionContract, JsonProperty containerProperty)   at Newtonsoft.Json.Serialization.JsonSerializerInternalWriter.Serialize(JsonWriter jsonWriter, Object value, Type objectType)   at Newtonsoft.Json.JsonSerializer.SerializeInternal(JsonWriter jsonWriter, Object value, Type objectType)   at Newtonsoft.Json.JsonConvert.SerializeObjectInternal(Object value, Type type, JsonSerializer jsonSerializer)   at Sourcetree.Analytics.Emau.EMauSubmissionService.<SubmitBatch>d__62.MoveNext()WRN: Assembly binding logging is turned OFF.To enable assembly bind failure logging, set the registry value [HKLM\Software\Microsoft\Fusion!EnableLog] (DWORD) to 1.Note: There is some performance penalty associated with assembly bind failure logging.To turn this feature off, remove the registry value [HKLM\Software\Microsoft\Fusion!EnableLog].ERROR [2020-02-04 10:14:25,570] [66] [Sourcetree.Analytics.Emau.EMauSubmissionService] [Log] - POST MAU submission FAILEDSystem.IO.FileLoadException: Could not load file or assembly 'TimeZoneConverter, Version=2.3.0.0, Culture=neutral, PublicKeyToken=null' or one of its dependencies. The located assembly's manifest definition does not match the assembly reference. (Exception from HRESULT: 0x80131040)File name: 'TimeZoneConverter, Version=2.3.0.0, Culture=neutral, PublicKeyToken=null'   at Atlassian.AnalyticsService.Client.Converters.IanaTimezoneConverter.WriteJson(JsonWriter writer, Object value, JsonSerializer serializer)   at Newtonsoft.Json.Serialization.JsonSerializerInternalWriter.SerializeConvertable(JsonWriter writer, JsonConverter converter, Object value, JsonContract contract, JsonContainerContract collectionContract, JsonProperty containerProperty)   at Newtonsoft.Json.Serialization.JsonSerializerInternalWriter.SerializeObject(JsonWriter writer, Object value, JsonObjectContract contract, JsonProperty member, JsonContainerContract collectionContract, JsonProperty containerProperty)   at Newtonsoft.Json.Serialization.JsonSerializerInternalWriter.SerializeObject(JsonWriter writer, Object value, JsonObjectContract contract, JsonProperty member, JsonContainerContract collectionContract, JsonProperty containerProperty)   at Newtonsoft.Json.Serialization.JsonSerializerInternalWriter.Serialize(JsonWriter jsonWriter, Object value, Type objectType)   at Newtonsoft.Json.JsonSerializer.SerializeInternal(JsonWriter jsonWriter, Object value, Type objectType)   at Newtonsoft.Json.JsonConvert.SerializeObjectInternal(Object value, Type type, JsonSerializer jsonSerializer)   at Sourcetree.Analytics.Emau.EMauSubmissionService.<SubmitBatch>d__62.MoveNext()WRN: Assembly binding logging is turned OFF.To enable assembly bind failure logging, set the registry value [HKLM\Software\Microsoft\Fusion!EnableLog] (DWORD) to 1.Note: There is some performance penalty associated with assembly bind failure logging.To turn this feature off, remove the registry value [HKLM\Software\Microsoft\Fusion!EnableLog].ERROR [2020-02-04 10:14:25,571] [66] [Sourcetree.Analytics.Emau.EMauSubmissionService] [Log] - POST MAU submission FAILEDSystem.IO.FileLoadException: Could not load file or assembly 'TimeZoneConverter, Version=2.3.0.0, Culture=neutral, PublicKeyToken=null' or one of its dependencies. The located assembly's manifest definition does not match the assembly reference. (Exception from HRESULT: 0x80131040)File name: 'TimeZoneConverter, Version=2.3.0.0, Culture=neutral, PublicKeyToken=null'   at Atlassian.AnalyticsService.Client.Converters.IanaTimezoneConverter.WriteJson(JsonWriter writer, Object value, JsonSerializer serializer)   at Newtonsoft.Json.Serialization.JsonSerializerInternalWriter.SerializeConvertable(JsonWriter writer, JsonConverter converter, Object value, JsonContract contract, JsonContainerContract collectionContract, JsonProperty containerProperty)   at Newtonsoft.Json.Serialization.JsonSerializerInternalWriter.SerializeObject(JsonWriter writer, Object value, JsonObjectContract contract, JsonProperty member, JsonContainerContract collectionContract, JsonProperty containerProperty)   at Newtonsoft.Json.Serialization.JsonSerializerInternalWriter.SerializeObject(JsonWriter writer, Object value, JsonObjectContract contract, JsonProperty member, JsonContainerContract collectionContract, JsonProperty containerProperty)   at Newtonsoft.Json.Serialization.JsonSerializerInternalWriter.Serialize(JsonWriter jsonWriter, Object value, Type objectType)   at Newtonsoft.Json.JsonSerializer.SerializeInternal(JsonWriter jsonWriter, Object value, Type objectType)   at Newtonsoft.Json.JsonConvert.SerializeObjectInternal(Object value, Type type, JsonSerializer jsonSerializer)   at Sourcetree.Analytics.Emau.EMauSubmissionService.<SubmitBatch>d__62.MoveNext()WRN: Assembly binding logging is turned OFF.To enable assembly bind failure logging, set the registry value [HKLM\Software\Microsoft\Fusion!EnableLog] (DWORD) to 1.Note: There is some performance penalty associated with assembly bind failure logging.To turn this feature off, remove the registry value [HKLM\Software\Microsoft\Fusion!EnableLog].ERROR [2020-02-04 10:14:27,573] [7] [Sourcetree.Analytics.Emau.EMauSubmissionService] [Log] - POST MAU submission FAILEDSystem.IO.FileLoadException: Could not load file or assembly 'TimeZoneConverter, Version=2.3.0.0, Culture=neutral, PublicKeyToken=null' or one of its dependencies. The located assembly's manifest definition does not match the assembly reference. (Exception from HRESULT: 0x80131040)File name: 'TimeZoneConverter, Version=2.3.0.0, Culture=neutral, PublicKeyToken=null'   at Atlassian.AnalyticsService.Client.Converters.IanaTimezoneConverter.WriteJson(JsonWriter writer, Object value, JsonSerializer serializer)   at Newtonsoft.Json.Serialization.JsonSerializerInternalWriter.SerializeConvertable(JsonWriter writer, JsonConverter converter, Object value, JsonContract contract, JsonContainerContract collectionContract, JsonProperty containerProperty)   at Newtonsoft.Json.Serialization.JsonSerializerInternalWriter.SerializeObject(JsonWriter writer, Object value, JsonObjectContract contract, JsonProperty member, JsonContainerContract collectionContract, JsonProperty containerProperty)   at Newtonsoft.Json.Serialization.JsonSerializerInternalWriter.SerializeObject(JsonWriter writer, Object value, JsonObjectContract contract, JsonProperty member, JsonContainerContract collectionContract, JsonProperty containerProperty)   at Newtonsoft.Json.Serialization.JsonSerializerInternalWriter.Serialize(JsonWriter jsonWriter, Object value, Type objectType)   at Newtonsoft.Json.JsonSerializer.SerializeInternal(JsonWriter jsonWriter, Object value, Type objectType)   at Newtonsoft.Json.JsonConvert.SerializeObjectInternal(Object value, Type type, JsonSerializer jsonSerializer)   at Sourcetree.Analytics.Emau.EMauSubmissionService.<SubmitBatch>d__62.MoveNext()WRN: Assembly binding logging is turned OFF.To enable assembly bind failure logging, set the registry value [HKLM\Software\Microsoft\Fusion!EnableLog] (DWORD) to 1.Note: There is some performance penalty associated with assembly bind failure logging.To turn this feature off, remove the registry value [HKLM\Software\Microsoft\Fusion!EnableLog].ERROR [2020-02-04 10:14:27,574] [7] [Sourcetree.Analytics.Emau.EMauSubmissionService] [Log] - POST MAU submission FAILEDSystem.IO.FileLoadException: Could not load file or assembly 'TimeZoneConverter, Version=2.3.0.0, Culture=neutral, PublicKeyToken=null' or one of its dependencies. The located assembly's manifest definition does not match the assembly reference. (Exception from HRESULT: 0x80131040)File name: 'TimeZoneConverter, Version=2.3.0.0, Culture=neutral, PublicKeyToken=null'   at Atlassian.AnalyticsService.Client.Converters.IanaTimezoneConverter.WriteJson(JsonWriter writer, Object value, JsonSerializer serializer)   at Newtonsoft.Json.Serialization.JsonSerializerInternalWriter.SerializeConvertable(JsonWriter writer, JsonConverter converter, Object value, JsonContract contract, JsonContainerContract collectionContract, JsonProperty containerProperty)   at Newtonsoft.Json.Serialization.JsonSerializerInternalWriter.SerializeObject(JsonWriter writer, Object value, JsonObjectContract contract, JsonProperty member, JsonContainerContract collectionContract, JsonProperty containerProperty)   at Newtonsoft.Json.Serialization.JsonSerializerInternalWriter.SerializeObject(JsonWriter writer, Object value, JsonObjectContract contract, JsonProperty member, JsonContainerContract collectionContract, JsonProperty containerProperty)   at Newtonsoft.Json.Serialization.JsonSerializerInternalWriter.Serialize(JsonWriter jsonWriter, Object value, Type objectType)   at Newtonsoft.Json.JsonSerializer.SerializeInternal(JsonWriter jsonWriter, Object value, Type objectType)   at Newtonsoft.Json.JsonConvert.SerializeObjectInternal(Object value, Type type, JsonSerializer jsonSerializer)   at Sourcetree.Analytics.Emau.EMauSubmissionService.<SubmitBatch>d__62.MoveNext()WRN: Assembly binding logging is turned OFF.To enable assembly bind failure logging, set the registry value [HKLM\Software\Microsoft\Fusion!EnableLog] (DWORD) to 1.Note: There is some performance penalty associated with assembly bind failure logging.To turn this feature off, remove the registry value [HKLM\Software\Microsoft\Fusion!EnableLog].ERROR [2020-02-04 10:14:29,575] [7] [Sourcetree.Analytics.Emau.EMauSubmissionService] [Log] - POST MAU submission FAILEDSystem.IO.FileLoadException: Could not load file or assembly 'TimeZoneConverter, Version=2.3.0.0, Culture=neutral, PublicKeyToken=null' or one of its dependencies. The located assembly's manifest definition does not match the assembly reference. (Exception from HRESULT: 0x80131040)File name: 'TimeZoneConverter, Version=2.3.0.0, Culture=neutral, PublicKeyToken=null'   at Atlassian.AnalyticsService.Client.Converters.IanaTimezoneConverter.WriteJson(JsonWriter writer, Object value, JsonSerializer serializer)   at Newtonsoft.Json.Serialization.JsonSerializerInternalWriter.SerializeConvertable(JsonWriter writer, JsonConverter converter, Object value, JsonContract contract, JsonContainerContract collectionContract, JsonProperty containerProperty)   at Newtonsoft.Json.Serialization.JsonSerializerInternalWriter.SerializeObject(JsonWriter writer, Object value, JsonObjectContract contract, JsonProperty member, JsonContainerContract collectionContract, JsonProperty containerProperty)   at Newtonsoft.Json.Serialization.JsonSerializerInternalWriter.SerializeObject(JsonWriter writer, Object value, JsonObjectContract contract, JsonProperty member, JsonContainerContract collectionContract, JsonProperty containerProperty)   at Newtonsoft.Json.Serialization.JsonSerializerInternalWriter.Serialize(JsonWriter jsonWriter, Object value, Type objectType)   at Newtonsoft.Json.JsonSerializer.SerializeInternal(JsonWriter jsonWriter, Object value, Type objectType)   at Newtonsoft.Json.JsonConvert.SerializeObjectInternal(Object value, Type type, JsonSerializer jsonSerializer)   at Sourcetree.Analytics.Emau.EMauSubmissionService.<SubmitBatch>d__62.MoveNext()WRN: Assembly binding logging is turned OFF.To enable assembly bind failure logging, set the registry value [HKLM\Software\Microsoft\Fusion!EnableLog] (DWORD) to 1.Note: There is some performance penalty associated with assembly bind failure logging.To turn this feature off, remove the registry value [HKLM\Software\Microsoft\Fusion!EnableLog].ERROR [2020-02-04 10:14:29,576] [7] [Sourcetree.Analytics.Emau.EMauSubmissionService] [Log] - POST MAU submission FAILEDSystem.IO.FileLoadException: Could not load file or assembly 'TimeZoneConverter, Version=2.3.0.0, Culture=neutral, PublicKeyToken=null' or one of its dependencies. The located assembly's manifest definition does not match the assembly reference. (Exception from HRESULT: 0x80131040)File name: 'TimeZoneConverter, Version=2.3.0.0, Culture=neutral, PublicKeyToken=null'   at Atlassian.AnalyticsService.Client.Converters.IanaTimezoneConverter.WriteJson(JsonWriter writer, Object value, JsonSerializer serializer)   at Newtonsoft.Json.Serialization.JsonSerializerInternalWriter.SerializeConvertable(JsonWriter writer, JsonConverter converter, Object value, JsonContract contract, JsonContainerContract collectionContract, JsonProperty containerProperty)   at Newtonsoft.Json.Serialization.JsonSerializerInternalWriter.SerializeObject(JsonWriter writer, Object value, JsonObjectContract contract, JsonProperty member, JsonContainerContract collectionContract, JsonProperty containerProperty)   at Newtonsoft.Json.Serialization.JsonSerializerInternalWriter.SerializeObject(JsonWriter writer, Object value, JsonObjectContract contract, JsonProperty member, JsonContainerContract collectionContract, JsonProperty containerProperty)   at Newtonsoft.Json.Serialization.JsonSerializerInternalWriter.Serialize(JsonWriter jsonWriter, Object value, Type objectType)   at Newtonsoft.Json.JsonSerializer.SerializeInternal(JsonWriter jsonWriter, Object value, Type objectType)   at Newtonsoft.Json.JsonConvert.SerializeObjectInternal(Object value, Type type, JsonSerializer jsonSerializer)   at Sourcetree.Analytics.Emau.EMauSubmissionService.<SubmitBatch>d__62.MoveNext(){code}"
Can't access bitbucket using sourcetree,Done,Low,2020-02-04 11:04:00,2023-01-16 11:53:00,Git,"On GitLab repository files are not refreshed automaticallya To SourceTree see changes user have to refresh automatically (with F5)a All Refresh toggles in Options and Repository settings are enabled.a It was on versiona  3.3.7, couldn't set it in Issue because latest ""Affects Version/s"" there are 3.2.2/3.2.4"
Special Unicode Character in Filename,Done,Low,2020-02-03 03:04:00,2023-01-16 11:53:00,General,"After installing using the downloaded windows installation file 'SourceTreeSetup-3.3.6.exe' there are no start menu shortcuts that are created.Environment: Windows 10 Pro ver 1903 - os build# 18362.592SourceTree Version: 3.3.6Expected: Shortcuts are installed to the start menuActual: No shortcuts are installed to the start menuWorkaround: create them manually AFTER looking up the forced installation path in the user profile (I really would have prefered a choice here, but whateves).a Steps to Reproduce: # Using the SourceTreeSetup-3.3.6.exe installation file, run to install the app # Follow the installation wizard and complete the installation # No shortcuts were created for SourceTree, and for some odd reason only the installation executable shows up after the installationI also installed using the context menu shortcut ""Run as Administrator"".I just reinstalled windows, so I highly doubt that is part of the problem, but who knows stranger things have happened.I have no idea why your Affects Version/s only lets me select up to 3.2.4, and 3.3.x does not exist.Thank you for looking into this. Let me know if you want the specific install executable. Take care!"
"Numbers on tabs, but nothing to pull or commit/push...?",Done,Low,2020-02-02 15:38:00,2023-01-16 11:53:00,Git,"At least since 3.3.6 (maybe earlier) but also in 3.3.7 and 3.3.8 the ""Open in Terminal"" button isn't working anymore (it's not opening the terminal)It seems that also for custom actions that have the ""Open in a separate window"" checkbox checked, it's not opening the git bash window anymore when running the custom actionIt seems that an identical issue existed before, but was fixed in the meantime, but apparently re-introduced:https://jira.atlassian.com/browse/SRCTREEWIN-3896"
"""Refresh automatically when file changes"" and ""Refresh when application is not in focus"" doesn't work",Done,Low,2020-01-30 14:15:00,2023-01-16 04:24:00,UX,"# Create a file in a language for which syntax highlighting is available in SourceTree (I experience this bug with {{.sql}} files) and don't end it with a newline character. # Add the file to a repository # View the file diff (for the file add) in SourceTreeAfter the last numbered line in the file, the diff displays:{code:java}\  No newline at end of file{code}For {{.sql}} files, the line reads with {{at end of file}} coloured in blue as if they were part of the file syntax. The notice should appear all in one colour.Reproduced in SourceTree 3.3.6, not 3.2.2, but Jira doesn't seem to permit this as an option."
Creating branches: replace disallowed characters with dashes,Done,Low,2020-01-30 11:37:00,2023-01-16 04:24:00,General,"Hi,When I do any action from my first tab project (fetch, pull, push, change the selected branch, ...), the display never refresh and then I have to quit and start again SourceTree to resfresh, in order to avoid errors while managing my project branches.a I thinked that was from my local repository. But after recloning my project in a new local repository renamed, same behaviour again. Then when I change the order of my tabs in SourceTree, the tab in first position only have the problem to not resfresh all actions !My version is 3.3.6 for Windows (not available in the Affects Version/s list below)Thanks !"
On push not select baranches,Done,Low,2020-01-30 11:36:00,2023-01-16 04:24:00,branch,"When I create a new branch and try to push it, in the push screen I check the new branch and it automatically fills the ""Remote branch"" field with the proper name. However, when I confirm the push, I get this error:a {{The Remote branch '' (Local branch = 'feature/test') is invalid. Ref names must follow git ref-format rules: }}{{https://www.kernel.org/pub/software/scm/git/docs/git-check-ref-format.html}}{{Completed with errors, see above.}}a I noticed that just deleting one char from the Remote branch name and reinsert it fix the problem.a The version I'm using is 3.3.4."
Hidden scrollbar on the History tab,Done,Low,2020-01-30 08:14:00,2023-01-16 04:24:00,ChangeSetViewManager,"Hello!Is it possible to add the next columns in Order Center Table:""Company name"", 'Expiration Date""?Best regards,Daria"
Custom Actions broken in Beta-3.3.0-3678,Done,Low,2020-01-30 06:55:00,2023-01-16 04:24:00,General,"When I click ""Stage Selected"" file or ""Stage All"" or ""Unstage All"" or ""Unstage Selected"" view isn't changed (I mean window with staged files and unstaged files have no changes). Only after I click F5 these views are updated and contain right list of staged and unstaged filesI'm using SourceTree v3.3.6, previous version didn't have this bug."
Remote Repositories List Empty (Bitbucket private server),Done,Low,2020-01-29 23:17:00,2023-01-16 04:24:00,General,"The affected version IS 3.3.7, I have checked in my 'About Sourcetree' section...Could it be possible this is an unreleased version?? I simply updated when the notification told me to.a staging files for commit requires closing and opening of software for files to appear in the staged area.a I also have to close and open the software to see the commit get posted to the branch.Overall to make one commit it requires launching the program 3 times."
External Diff not working anymore,Done,Low,2020-01-29 08:57:00,2023-01-16 04:24:00,Bitbucket,"!image-2020-01-29-10-52-42-460.png|width=1252,height=360!In windows 8.1 not displayedBut in windows 10 works fineuse latest version 3.3.6Reinstallation does not help."
push error,Done,Low,2020-01-28 15:09:00,2023-01-16 04:24:00,General,Source tree will not refresh when changing branches not when files have been committed.When I try to switch branch UI does not get refreshed that I have changed(checked out) branch. I need to open and close program to make it work.If I commit I need each time to hit F5 to refresh and get new commit history.a Can not set affected version that is correct it is 3.3.6!image-2020-01-28-16-09-37-391.png!
Not able to connect Bitbucket server from Source Tree client ,Done,Low,2020-01-28 11:03:00,2023-01-16 04:24:00,UX,"Custom actions are not working since upgrading from 3.2.6 to 3.3.8No error, no dialog appears just nothinga a "
Git flow not automatically branching from correct branch,Done,Low,2020-01-27 21:43:00,2023-01-16 04:24:00,Git,"Hello,I recently started using Sourcetree for a fun modding project. I foolishly created a repo of the entire source even though I didn't need most of it.Working on my D partition it had about 20GB space left but the initial commit was around 30GB. Sourcetree did not realize that this was not going to fit for a temporary staging location it tried to create, and eventually filled my SSD's remaining capacity (literally, 0 bytes remaining) The staging process then failed due to this but somehow still exited with a green status code.Since then I'm able to use my local repo even if I made it absurdly large for my purposes, but every screen hangs and no files I stage or commit or any commits I make update the context at all, though that may have already been an issue and I just didn't notice it before.Â However, now my D partition had 97 GB of ""Temporary files"" that I can't locate and as far as I know aren't Windows files (C is my OS partition). Please help me find and delete any remnants of this failed temp copy action made by Git.MY version of Sourcetree says it's Version 3.3.6, why can't I choose it in the dropdown? O,o!image-2020-01-27-22-42-59-024.png!Â "
Code scroll not proper in horizontal way,Done,Low,2020-01-27 09:34:00,2023-01-16 04:24:00,Bitbucket,"Team,a a Trying to clone a repository but getting fatal error exception.Clicked on Clone in Sourcetree>>>!image-2020-01-27-14-59-29-564.png!Tried cloning remote!image-2020-01-27-15-01-52-616.png!a Getting Fatal Error Exeptiona  -a !image-2020-01-27-15-03-07-325.png!a "
Custom chrome issue on hi-dpi screen,Done,Low,2020-01-24 16:52:00,2023-01-16 04:24:00,Git,"Neither the menu Action -> Open in Terminal nor the ""Terminal"" button on the upper right open the Embedded GIT any more.Â  This has stopped working in the last few days.If I switching to the System GIT, the button and menu selection work, but I would really like to be using the embedded version.SourceTree v3.3.6Â  (by the way, the Jira Affects Version/s does not have 3.3.6 as an option.)Windows 10 Enterprise 1903"
Problems when pushing and pulling,Done,Low,2020-01-24 08:47:00,2023-01-16 04:24:00,Bitbucket,"From File Status option, when I select a file to stage and click in the ""Stage Selected"" button, the file doesnt appears at the ""Stage files"" list. The commit button was disabled.When I close the SourceTree application and restart it the staged file appears in the ""Stage files"" list. Then I can commit itThank youI work withSourceTree Version 3.3.6 (The affected version selector has only until 3.2.2)Windows 10 Home 1903 (operating system version 18362.592) andJava version 1.8.0_241 x86_64 architectureÂ "
Allow branch names that start with '/',Done,Low,2020-01-23 17:14:00,2023-01-16 04:24:00,General,"Same as before: https://jira.atlassian.com/browse/SRCTREEWIN-7168It says fixed but you destroyed it again in version 3, apparently.h3. Problem DefinitionSourceTree gets installed ina _{{%localappdata%\SourceTree\}}_a folder and it's not possible for the users to change the installation location.Some users would like to be able to do so, e.g. because this folder is protected by an antivirus and to start the program, they have to disable the scanner once.h3. Suggested SolutionAllow users to select the installation location for SourceTree.h3. AdditionallyWhat's up with programs lately just installing themselves into appdata and in C:\Program FIles\ without asking? Why do you think you can decide for me where I want to install it? Chrome, Discord, Sourcetree and some othera impudent programs that think they know better. You don't know better. I have 3 places where I install my programs:a ¢ Windows drive C:\ on SSD for drivers and the most core stuff like .NET and C++ redistributables, Windows updates.a ¢ Second SSD drive D:\ for programs that require performance: UE4 editor, UE4 Engines, Visual Studio, etc.a ¢ And then I have hard drive G:\ for all other programs.Sourcetree would go on the HDD because it doesn't require good performance SSDs provide and it isn't a core part of the system.Let us install programs where we want, not where you want."
Remote not showing private GitHub repos,Done,Low,2020-01-23 16:03:00,2023-01-16 04:24:00,Git,"Configuration for use with gerrit requires modifying a repos origin push to :refs/heads/*:refs/for/*.this worked great with 3.1.3 and earlier versions.Â  Now, we just get a push window with absolutely NO branches or anything so it is impossible to push changes unless auto-pushing using the checkmark to push directly upon committing.Â  This is ok in normal scenarios, but as soon as you enter complex scenarios like wishing to ammend a checked-out commit that someone else has pending in gerrit, which requires creating a local branch, we normally have to manually tell it to push it to the correct refs/for/correctBranch.Â  this is now impossible.Â  See screenshots that I will add as comments to the issue to see the 3.1.3 behaviour and the latest behaviour (same in all versions more recent than 3.1.3)Please correct this, it forces our teams to remain on 3.1.3 just to function."
Not able to connect with AWS CodeCommit,Done,Low,2020-01-23 15:32:00,2023-01-16 04:24:00,UX,"After pressing ""Index selected"" or ""Index all"", indexed items do not appear in the upper ""Indexed files"" section.Indexed items appears only after tab re-switching (to another project) or app reload.This behaviour appeared with version 3.3.7. Version 3.2.6 works fineÂ "
Double-clicking a project to open it moves the project from its current folder toa œno foldera  ,Done,Low,2020-01-23 14:54:00,2023-01-16 04:24:00,General,"Let's say I have repo with name {{repoName}} at path A/repoName and repo with the same name in path B/repoNameIn SourceTree I am able to add those repos in the different folders in the application, but when one of the repos is already opened in a tab then clicking on the other repository with the same name results in nothing until I close the already opened repo.This is a regression that I received after update to 3.3.6, it did not happen before"
"Context menu ""Open""",Done,Low,2020-01-23 09:09:00,2023-01-16 04:24:00,Git,"After i upgraded sourcetree to v3.3.7 i have some bugs. * When i click ""Stage all"", ""Stage Selected"" or ""+"" button, files are not move to Unstaged to Staged. I have to refresh the screen to see the changes. * And also after Commit, Can't see the changes. I need to restart the sourcetree to see the changes.a a PS: I can't chose ""Affects Version"" to 3.3.7(sorry for my english)"
When a commit message is too long it bug splats,Done,Low,2020-01-23 07:38:00,2023-01-16 04:24:00,Beta,updated sourcetree to version 3.3.6 - on this version any action that is done on file status bat is not refreshing view. I can stage file but is is not moving to staged filesa 
Using external working directory causes staging changes to produces unpredictable results.,Done,Low,2020-01-23 00:38:00,2023-01-16 04:24:00,General,"The option ""Refresh automatically when files change"" no longer works in 3.3.7. It was working fine in 3.3.6. What used to happen was when SourceTree gained focus, if anything had changed it would auto refresh. This no longer occurs. (NOTE: option ""Refresh when application is not in focus"" is disabled)In fact even operations initiated in Sourcetree no longer refresh. For example creating or applying a stash doesn't actually update the repo view, you have to manually hit F5 to force a refresh. Again this was working fine in 3.3.6.This is causing major issues for us as it means you are operating in a stale view of the repo unless you keep constantly hitting F5 to force a full refresh."
Merge aborted unexpectedly,Done,Low,2020-01-22 23:01:00,2023-01-16 04:24:00,Web,Here is the error message:h1. 403 Forbidden * Code: AccessDenied * Message: Access Denied * RequestId: CE9F0E1186BB2036 * HostId: gHvh4+sVa0QEDIBjl0PwnZnPnQtDfiRh2kZNFZIeZvx7l5qVNl+n6aVHNvHoXe9FasAQmUxozFo=
SourceTree incorrectly reports that a file is not tracked for Git LFS.,Done,Low,2020-01-22 14:35:00,2023-01-16 04:24:00,General,After updating to 3.3.7 auto-refreshing no longer works when for example * Staging * Switching Branches * Committing * Fetching
3.2.6 crash when commit,Done,Low,2020-01-22 12:04:00,2023-01-16 04:24:00,branch,In version 3.3.7 when changing branch or committing or basically anything that requires a refresh of the branch tree - No refresh happens. I have to manually press F5
Unable to open repo v3.2.6,Done,Low,2020-01-22 10:34:00,2023-01-16 04:24:00,General,"When I stage or unstage a file, the screen does not get updated. The only way to see if the files are actually staged, is by pressing 'F5' so the view completely refreshes.Previously the screen updated the view automatically (as I would have expected it to do), so this is something what worked which is now broken.Â "
Unable to push/create upstream branch,Done,Low,2020-01-22 08:23:00,2023-01-16 04:24:00,General,"I've version 3.3.6.3829. I've tried to stage files, but files still unstaged. After reopen application, files shows stageda "
Amend Comment on Previous Commit,Done,Low,2020-01-20 22:10:00,2023-01-16 04:24:00,General,"Sourcetree was working really well until I upgraded to 3.3.6 for Windows yesterday and now there are major issues with the interface: # The labels on the tabs has changed to the base folder name (this had been previously fixed); # When you click on a branch, nothing happens; you have to change tab, then come back to see the focus move to the selected node; # When you select changes to commit, nothing happens;Â  you have to change tab, then come back to see the selected changes move to the top window."
Enable naming / colouring of submodule tabs,Done,Low,2020-01-20 20:21:00,2023-01-16 04:24:00,Git,With the SourceTree version 3.3.6 using embdded git version 2.21.0 I get this error from my git repo:Â 'git log' failed with code -1:System.ComponentModel.Win32Exception: Access is deniedÂ This is a new error and didn't happen before.
Enhance Real Date Choice to Issue Type in Issue Type Scheme,Done,Low,2020-01-20 08:41:00,2023-01-16 04:24:00,Bitbucket,"Everytime we restart SourceTree it appears the warning on remote icon as the image below.!image-2020-01-20-09-41-15-120.png!We are connected to our Bitbucket server so, we use active directory integration to log in. As community people said, we use the warkaround that implicates to update connection account in repository settings. This not affect program usage, but it is very annoying why everytime we restartcomputer, it appears again and generic account is setted by default in settings.We are working on 3.3.4 that Windows version of SourceTree, that is not listed in your affect version comboBox."
Stashing local changes creates a new commit and pushes,Done,Low,2020-01-19 15:47:00,2023-01-16 04:24:00,General,"A lot of other developers at my work experience the same issue with the latest sourcetree version 3.3.6. We had to downgrade to 3.1.2 which is the latest stable version.a I think 3.3.7 behaves in the same way. as 3.3.6, so is also unstable.a The jira menu below asks me to report a bug on a specific sourcetree version, however 3.3.6/7 isn't an option on there, so I will submit the latest version that does come up in the dropdown - 3.2.2, however I am sure that version is actually fine. Not sure why the latest versions don't come up in the dropdown. Within the actual sourcetree it prompts me to upgrade to 3.3.7, so I assume this dropdown on Jira is out of date.a ISSUE DESCRIPTION - {color:#FF0000}*Affects 3.3.6 and 3.3.7*{color}:When you update to another branch, the view still shows that you are on the previous branch. Once I close the app completely and reopen, only then it is then obvious that I have checked out another branch. So it does update in the background, however the view isn't updating correctly.a Similarly when you stage files, it shows them in the unstaged section until I shut the app down, reopen it and then find them in the staged section.a a Similarly creating a new branch - it doesn't show the new branch on the side bar at all until shutting down and reopening the app.a Im using windows 10 if this helps."
"When we entered in area 15 in the field ""Humidity"" are incorrectly calculated the percentage of discount",Done,Low,2020-01-19 14:29:00,2023-01-16 04:24:00,Mercurial,Preconditions:Steps to repoduse:1. Open http://nibulon.com/data/zakupivlya-silgospprodukcii/kalkulyator-znizhok.html 2. Leave default values in the drop-downs3.Enter letter into index fienlds4. Press enterExpected results: Enter humidity index %Actual results: Enter refuse indicator %
Push not allowed after initial commit+push failed,Done,Low,2020-01-18 07:15:00,2023-01-16 04:24:00,General,"Since the 3.3.6.3829 update Sourcetree seems to fail to update the display after operations are done (committing, changing branch), always requiring a manual refresh to show the new state.Ignore version in field below since the current release isn't available to select.Â Â "
"Automatically select option for ""Ignore everything beneath""",Done,Low,2020-01-17 22:34:00,2023-01-16 04:24:00,General,It'd be useful to have the ability to put backgrounds on different projects in Sourcetree. It would help users differentiate between projects and ensure they're performing actions in the correct place.Â 
Projects related to the World's most popular Open Source Database,Done,Low,2020-01-17 13:12:00,2023-01-16 04:24:00,UX,"When I do any of the following, operation is performed and completed but the UI does not reflect it.||Action||Result||UI View||Current Fix||Result of Fix|||Change Branch|New branch is selected|UI still shows old branch as selected, in bold.|Press F5 to Refresh UI|UI shows new branch selected in bold||Click on Stage All or Stage Selected|Files are moved to Staged Files area|UI still shows empty Staged Files area|Press F5 to Refresh UI|Staged files area shows selected files||Click on Pull Button|Branch is updated|UI does not show that pull was completed. Still shows bubble with number.|Press F5 to Refresh UI|UI shows pull was completed and bubble showing number goes away|These are just a few examples. I am using Windows 10 Pro version 1909. Sourcetree shows version 3.3.6 in Help -> About Sourcetree."
same date for Target End and Due Date will trigger warning,Done,Low,2020-01-17 06:32:00,2023-01-16 04:24:00,UX,"We have been seeing issues with Source tree.a  # The source tree suddenly reported Git not found.a  # We reinstalled source tree from website 3.3.6 version. Then while opening the repositories it will give error: git log failed with code -1. (Access is denied)a  !image-2020-01-17-12-01-56-269.png! # This is preventing us from use Sourcetree and we are stuck. Regards, Sudharsanan"
would have the effect of being able to obsolete an issue type within a project(s) without changing existing tickets,Done,Low,2020-01-17 02:06:00,2023-01-16 04:24:00,ChangeSetViewManager,After update 3.3.7 I found the file status screen doesn't get automatically updated. I will need to switch between tabs to make the file status screen updated. It was working fine previously.a 
"Sourcetree shouldn't floor my CPU, & especially not when it's not being used",Done,Low,2020-01-16 19:25:00,2023-01-16 04:24:00,remote,"I belong to multiple organizations using azure devOps. But this is how they show up in the remote tab. I can't tell which is which until i click and see what repos are available.a !image-2020-01-16-14-23-50-003.png|width=457,height=361!We need a way to optionally give the accounts a name.a "
 Authentication failed when attempting Fetch command,Done,Low,2020-01-16 19:21:00,2023-01-16 04:24:00,remote,"I'm trying to setup remote accounts for azure devops.a https://YOURDOMAIN.visualstudio.coma is being deprecated fora https://dev.azure.com/YOURDOMAIN/a If I use the second url though, I geta {quote}Authentication failedFailed to check login for user [************]Insufficient authentication credentialsSourcetree was unable to find a password for user ********* at 'dev.azure.com'.{quote}a But if I use the old URL it does work. Notice that at 'dev.azure.com' does not say dev.azure.com/YOURDOMAIN/a a "
OAuth token keeps expiring,Done,Low,2020-01-16 18:12:00,2023-01-16 04:24:00,Bitbucket,"Hello I am Under Windows 7 and work with sourcetree 3.2.6. I want to udpate to the last version but the process failed.After udpating and restarting sourcetree. The installer ask me for my Bitbucket account. Internet explorer open to the sourcetree sign in page, i edit my ID and password.Â the WindowsÂ ""successfull authentification"" comes up but the installerÂ dont go further and stay on the ""bitbucket account""I need assistanceÂ Â regardsÂ FabienÂ "
Mercurial: No column for revision/changeset number,Done,Low,2020-01-16 13:23:00,2023-01-16 04:24:00,General,"After a recent SourceTree update to v3.3.6, when I stage or unstage a file, the lists of staged/unstaged files is not automatically updated.I have to refresh the view in order for the changes to appear.a Note that the list of affected versions is not up to date - the latest listed is 3.2.2, but this appears in 3.3.6 (note that 3.3.4 works correctly)."
Add an option to disable `git lfs ls-files` on startup,Done,Low,2020-01-16 12:49:00,2023-01-16 04:24:00,branch,"When Windows 10 has dark app theme enabled, please use dark colors on UI!image-2020-01-16-15-48-51-705.png!Thanks!"
Unable to start SourceTree after updating from older version to 3.4.12 ,Done,Low,2020-01-16 12:47:00,2023-01-16 04:24:00,branch,HelloWould you please add possibility tree of branches shown in left pane using the fuzzy search.!image-2020-01-16-15-47-06-397.png!Thanks!Â Â 
Keesp Asking for GitHub Login,Done,Low,2020-01-16 08:03:00,2023-01-16 04:22:00,General,"Hi,in Version 3.3.6 the UI is not responding to some buttons. I.e. pressing the ""stage selected"" or ""stage all"" will not stage the modified files. Commit is not responding as well. Also Pull and Push results in some strange in between state of the UI.I had to revert to 3.3.4 to continue working.I selected 3.2.2 below because it is the latest available version in this bug tracking tool.?a "
Dark Theme - history changed files not displayed correctly,Done,Low,2020-01-15 18:53:00,2023-01-16 04:22:00,General,Windows 10 / Sourcetree 3.3.6The first tab will revert to the default repo name after closing and opening Sourcetree. This was previously fixed in the version before 3.3.6.
Unable to know if the time is AM or PM,Done,Low,2020-01-15 16:09:00,2023-01-16 04:22:00,General,"I have my HP Elitebook Win 10 laptop hooked up to a second display. Using version 3.3.6 of Sourcetree.When I drag Sourcetree on the second display so I can see things a bit clearer it exhibits buggy behavior namely: * I click files to be staged and the UI does not update, although the command was successful in the back-end * The UI does not update to reflect that the files have been staged, i.e. they do not move up to the staged area window * The UI does not update after I enter a commit message to reflect the new state of message committed * After I have committed and I go back to History, the pane on the right hand side does not update to show new commit.Basically the product is unusable on a second monitor, which is where I want to be able to see things clearer, guess I will need to look at Github desktop, bemused this is not working.."
Ability to update (pull) all repos,Done,Low,2020-01-15 16:06:00,2023-01-16 04:22:00,General,"The last couple versions seem to have broken something. I noticed it around the same time as the fix for populating the branch name when pushing a local branch to origin. The behavior is when I perform an operation like checking out a different branch by double-clicking, the UI never updates to show the new branch checked out. Or if there is a change I need to pull from origin and I click 'Pull' the UI doesn't update to show that the branch is up-to-date. I've tried the following: * I uninstalled, deleted <login>\AppData\Local\Atlassian, reinstalled, re-added my repo and still get the same behavior * It has to do with one local repo in particular. I've added other local repos, even clones of the same repo, and they seem to work fine. The repo is pretty large. I Done Sourcetree, tried a git clean -xfd, reloaded Sourcetree and the problem persists.The version is 3.3.7 but the dropdown below isn't allowing it."
History view column sizes madness,Done,Low,2020-01-15 00:01:00,2023-01-16 04:22:00,Git,I have to press F5 to get the UI to refresh properly.
broken link,Done,Low,2020-01-14 23:02:00,2023-01-16 04:22:00,UX,"I just upgraded to v*3.3.6* of SourceTree.Â  Â (THIS VERSION IS NOT AVAILABLE TO CHOOSE IN THE AFFECTED VERSIONS DROP DOWN LIST BELOW ... WHY?!?)Refresh is broken.Â  The issues include: * Periodic refresh to show any remote updates I needed to pull. * When I Stage a change, the UI doesn't refresh and it appears the that action didn't work correctly because the file(s) stay/s in the ""Unstaged"" section until I manually refresh * When I commit a change, the File(s) listed in the ""Staged"" area (including the commit message) continue to stay in the text box giving the appearance that the commit didn't happen.Â  It only updates if I manually refresh.I've tried uninstalling/reinstalling with no change.Â  I've tried disabling/enabling any options I can find that relate to refresh with no obvious affect."
"App freezes and displays ""Not Responding"" in titlebar constantly",Done,Low,2020-01-14 12:13:00,2023-01-16 04:22:00,2.6.10,"Hi!a We are having some issues in our environment where we have implemented Applocker whitelisting within Group Policy for our computers.a We have declared Sourcee by publisher to be whitelisten in applocker for our computers, but the installation on end computers still exceeds. Looks like the rule does not apply at all.a Path for the .exea Version 3.2.6%OSDRIVE%\USERS\ADMINISTRATOR\APPDATA\LOCAL\SOURCETREE\SOURCETREE.EXE"
Sourcetree crashs soon after start,Done,Low,2020-01-14 09:04:00,2023-01-16 04:22:00,Git,"# If you stage selected lines, program does not refresh shown data. To refresh data you have to switch to different file or branch and next select previous file. # If you stage selected lines, it is impossible to unstage them.Â Program: SourceTree for Windows, version *3.3.6*BTW it is not possible to enter version 3.3.6 in the Affected Version on the Jira form."
SourceTree crashes shortly after launching application.,Done,Low,2020-01-14 03:36:00,2023-01-16 04:22:00,General,"With version 3.3.6, user needs to press F5 to refresh the UI on every action!image-2020-01-14-10-36-25-150.png!a Version 3.3.6, but it doesn't have in the Affects Version list"
Pull & Push now fails after Atlassian Logon window opens on SourceTree push,Done,Low,2020-01-13 22:47:00,2023-01-16 04:22:00,Bitbucket,"I upgrade the Sourcetree to 3.3.6, and then can not open the terminal anymore."
Left zone of Sourcetree - Workspace - List Branches scroll top after refresh,Done,Low,2020-01-13 21:08:00,2023-01-16 04:22:00,General,Any changes made to my repos are not visible in SourceTree if it's openNeed to close the app everytime I make any sort of change.
$FILE expands to file name different than selected in Custom action,Done,Low,2020-01-13 19:21:00,2023-01-16 04:22:00,Git,"I just updated to Sourcetree version 3.3.6 and the automatic refresh of files no longer works.Â  I have to press F5 for Sourcetree to update.Â  Prior to the update, I did not have to do this.Â  I checked the settings and automatic refresh is checked.Â  I unchecked it, saved that changed and then checked it again but that didn't resolve the problem.Â Note: The ""Affects Version/s"" option does not show version 3.3.6 as an option to select so I just selected the highest version."
Maximized SourceTree window covers taskbar when hidden taskbar is on the left of the screen,Done,Low,2020-01-13 17:28:00,2023-01-16 04:22:00,UX,"Since updating my Sourcetree to Version 3.3.6, I have been observing that Sourcetree's window does not reflect any immediate change after performing actions such as: * Discarding a file from a possible commit * Selecting a single file for a commit * Pushing a commitThe actions do actually happen. It is just that Sourcetree is not showing those actions immediately.One workaround is to select to see the contents of another branch or move to a different view (like from the commit window to the branch contents, for example) in order to see the updated status after you have performed the action. Another workaround is to close Sourcetree and then reopen it.(Note: could not type in 3.3.6 for the version number in the ""Affects Version/s"" field as the dialog would not allow me to do so)."
Add better support for GitHub Enterprise Personal Access Tokens PAT,Done,Low,2020-01-13 17:28:00,2023-01-16 04:22:00,General,"I can't Stage/Unstage files, I can't switch Branches. I can't really do anything at all. I'm on version 3.3.6 which wasn't available in the ""Affects Version/s"" drop-down for some reason."
Sourcetree reproducable fails for a basic use case (open working directory),Done,Low,2020-01-13 16:52:00,2023-01-16 04:22:00,UX,"SourceTree exhibits a very high CPU usage when typing into the commit message window. It can be easily demonstrated simply by running SourceTree, opening an empty repository (just git init and nothing else), opening the File Status and typing random text very quickly. It gets worse with time, i.e. if I leave SourceTree running overnight, in the morning I don't even need to type too quickly, just a regular typing will be able slow down SourceTree significantly - I might see speeds as slow as two characters per second entered into the Message window, which can be quite a pain if I need to provide a detailed description of a commit. The 2.x versions were fine in this aspect, and I think even 3.1 was reasonable; 3.2 and 3.3 are not reasonable."
Allow unstaging lines and hunks in new files,Done,Low,2020-01-13 09:52:00,2023-01-16 04:22:00,General,"I updated sourcetree to version 3.3.6 - on this version any action that is done on file status bat is not refreshing view. I can stage file but is is not moving to staged files , same situation when I want to remove it from there. any changes don in repository are not showing. Commit is not refreshing staged files. To refresh any action I need to switch between repositories tabs."
SourceTree crashes trying to clone any repository,Done,Low,2020-01-13 09:24:00,2023-01-16 04:22:00,Git,"Hi all,I run into the following error message on the execution of a FETCH action:*fatal: unable to access <...>: Unknown SSL protocol error in connection to <...>:443*such problem originated with the selection of the embedded GIT client (version 1.9.5),bundled with the Sourcetree installation (version 3.3.6).I previously installed on my PC a system GIT client (version 2.24.1).Setting Sourcetree to use the latter solved the issue.Hope this could be of any utility,Stefano Dorato"
"Wrong translation for ""branch"" to Italian",Done,Low,2020-01-13 08:26:00,2023-01-16 04:22:00,General,Since this version changes detection is broken (i have to press F5 or change tab with repo)!
Allow to only show repositories with pending changes,Done,Low,2020-01-13 06:55:00,2023-01-16 04:22:00,Git,When click the terminal icon on right top corner button there is nothing happen. The terminal is not opened on SourceTree 3.3.6. This issue occur after I installed the update on 13/01/2020
"Sourcetree window size is greater than available space in maximized mode, goes behind widndows task bar",Done,Low,2020-01-13 06:52:00,2023-01-16 04:22:00,General,"When installing SourceTree 3.3.6 either by upgrade from 3.2.6 or a fresh install, the sourcetree waits for auth to complete but then returns to the Bitbucket Server or Bitbucket selection screen. After which authentication still is not possible and Bitbucket cannot be selected."
SourceTree not showing the diff just says 'select a file to view the diff',Done,Low,2020-01-12 10:06:00,2023-01-16 04:22:00,Bitbucket,"When I perform an action the view is not updated to reflect the output of the action. Like, when I doubleclick on a branch, the new branch isn't bolded,, and if I stage a file, the file is staged, but the view isn't updated to reflect that.This happens for me on my new laptop (i9-9980-HK processor) and with a sizeable git repository (100.000+ files). On smaller repositories all works ok. Using <F5> to refesh the view also works.The sourcetree version I use on this new laptop is 3.3.6. My old laptop had no problems like this with the 3.3.4 version, but was much less powerfull (with a i7-7000u range processor.My workaround for now is to press <F5> after each action, so it works, but I would be happy if this issue could be resolved.a Note that I selected Bitbucket and version 3.2.2, but that was because I cannot select the correct versions."
Interactive Rebase window keeps resizing itself,Done,Low,2020-01-11 23:20:00,2023-01-16 04:22:00,Bitbucket,"Just updated to 3.3.6 and it is failing to move files when any of the [Stage Selected], [Stage All], or [-] or [+] are clicked.Â  After staging/unstaging files, if I then close SourceTree and reopen it, the files appear in the correct location.I selected version 3.2.2 below because, once again, the list has not been updated to reflect the versions being released.Â  Really?Honestly, I'm getting tired of updates that have glaring bugs like this that get in the way of me working.Â  Come on, this is an obvious bug; how could it have been missed during QA?"
Signing Certificate has expired,Done,Low,2020-01-11 17:30:00,2023-01-16 04:22:00,Git,"I just installed SourceTree (v.3.3.6) on a new Dell XPS laptop running Win 10.I found that theÂ SourceTree UI fails to refresh after many things like file change, staging file, unstaging file, or comitingIt was not solved by uninstall or re-installIt was not solved by turning off then on the option: tools/options/general/refresh automatically when files changeI could not easily find relevant report with GoogleSo I have had to manage with frequent use of F5Â By the way. Thanks for SourceTree.Â  It's a wonderful tool!"
Colour code remote and local repositories differently,Done,Low,2020-01-11 13:54:00,2023-01-16 04:22:00,General,"You can stage files but they don't update so they stay in the unstaged window until you refresh with ""F5"""
Sourcetree installer Failed to start System.Management.ManagementException: Invalid class,Done,Low,2020-01-10 14:44:00,2023-01-16 04:22:00,General,The initial box comes up for the install. I click BitBucket. It opens a page and says authentication successful you can close this. Then nothing else happens. The Next button never becomes highlighted to continue with the installationÂ And what got downloaded was version 3.3.6 but it's not in the list. How do I get an older version that maybe will work
Move 'Amend latest commit' checkbox AFTER 'Push changes immediately' checkbox,Done,Low,2020-01-10 10:14:00,2023-01-16 04:22:00,UX,"New install on W10, *3.3.6* I am unable to use Sourcetree as the interface does not refresh after any changes. For example, staging a file does briefly pop-up the log window, but nothing changes in the view. I then need to press F5 the file to move to the Staged files window.This behaviour is the same for pretty much all actions as far as I can tell - restarting the app does sometimes not show any difference either.It also doesn't automatically show changes made by other git applications to a repo.Â This was working fine in W7.I have tired changing the ""auto-refresh"" settings and there is no change in behaviour.Using procmon I can see Sourcetree.exe is opening the repo folder presumably to scan for changes.Â "
Give back ability to stage multiple files with drag and drop,Done,Low,2020-01-09 20:14:00,2023-01-16 04:22:00,General,"Sourcetree cache images, specifically gravatar images, are being moved to the recycle bin, rather than being deleted permanently/silently. This is annoying because the recycle bin gets filled up with items that users didn't delete and don't need to know are being removed.The original location on Windows for these images seem to all be in C:\Users\<USER>\AppData\Local\Atlassian\SourceTree\cache\img."
Source Tree Application Crashes on Opening,Done,Low,2020-01-09 12:07:00,2023-01-16 04:22:00,Bitbucket,Get this error: a7da8292071f42ab9da9f994b36ee170
Cannot update Sourcetree to 3.4.10,Done,Low,2020-01-08 20:28:00,2023-01-16 04:22:00,ChangeSetViewManager,"After upgrading to 3.1.2, the color of the hunk section header is white, which makes it more difficult to see the hunks, and is inconsistent with the rest of the interface.a IMO these two sections should be the same color.a !image-2020-01-08-12-27-58-701.png!a Seems similar to: SRCTREE-6693"
Pull button is causing issue and unable to pull the other changes,Done,Low,2020-01-07 05:32:00,2023-01-16 04:22:00,General,"Source tree doesn't show the up-to-date state of files.For example, I had 3 files with changes, I reverted one via source tree that file still is showing it on commit list. I re-opened the sourcetree and it showed the correct files (2 files)I also changed branches and it didn't reflect on UI and still showing the wrong branch highlighted.Clicking on stage doesn't show any change on screen (as if files have not been staged)I re-installed the source tree and the same issue is happening.a It's a very dangerous situation because you trust what you see on UI but actually it is not the correct state.a version 3.3.6 (This version is not available on affects versions list)windows 10"
Wake up after sleep,Done,Low,2020-01-06 11:52:00,2023-01-16 04:22:00,Git,h3. using SourceTree 3.3.6Â Each change requires a F5 to be seen in source tree.Have only 3 projects
On-Prem DEVOPS repo wont connect. ,Done,Low,2020-01-03 14:37:00,2023-01-16 04:22:00,General,"SurceTree 3.3.6Installation on a Win7 x86 virtual machine (VirtualBox)You must choose Bitbucket or Bitbucket Server.- Bitbucket opens the browser, I authorize myself and nothing happens- Bitbucket Server does not accept any login (there should be some help what you mean)The described process is troublesome after you open the browser, stere installers were better.I ended up installing other software, there is no obligation to use your software.RegardsZbigniew"
Nested/Grouped tabs for submodules,Done,Low,2020-01-02 20:47:00,2023-01-16 04:22:00,remote,"When starting Sourcetree, the remote button is shown with an exclamation annotation, supposedly because Sourcetree does not know how to open the remote in a browser. However, if I open the repository settings and change the account type from ""Generic"" to ""Bitbucket"" or ""Github"" and do not edit the SSH url to the remote, then save the change, the annotation goes away and Sourcetree can successfully open the remote. If I then close Sourcetree and reopen, it has forgotten the repository type and set it back to ""Generic"" and cannot open the remote browser. I can repeat this any number of times.a Using Sourcetree 3.3.4, but was not allowed to select that below.a I have recorded a video and posted it here:a https://drive.google.com/file/d/1vyqWNbmuezH7xQ_SkudXHkXXCfk02AlX/view?usp=sharing"
Allow multiple user profiles with quick selection via toolbar,Done,Low,2020-01-02 18:33:00,2023-01-16 04:22:00,General,The certificate used to sign Sourcetree 3.3.6 (and 3.2.4) is invalid and expired on 11/27/2019. This certificate needs to be renewed before this software will pass through our security measures.
Software update to 3.4.10 fails,Done,Low,2020-01-02 18:06:00,2023-01-16 04:22:00,General,"I've tried uninstalling and reinstalling SourceTree, as well as deleting folder Local\SourceTree but it doesn't fix the missing SourceTree icon.The icon is the white paper icon, I think that is mentioned here.Â  But this doesn't just happen after updating, but I can never see the proper SourceTree icon.The shortcut that opens after you try to run SourceTree is showing a ""start in"" location that is old/outdated.Â  Not sure why.The Update.exe executable that runs has just the paper icon, so it makes sense that the icon on the task bar isn't the SourceTree icon.Just annoying, unprofessional that the app's icon doesn't behave like other apps.Â !image-2020-01-02-11-03-16-427.png!Â "
Update does not work (v3.4.9 -> v3.4.10),Done,Low,2019-12-30 22:42:00,2023-01-16 04:22:00,General,"Using Sourcetree Version: 3.3.6Windows 10 Home (Version 1909, OS Build 18363.535)This is a new PC with a fresh install of SourceTree and I noticed that any operations require a manual refresh (F5) for them to actually show up and display properly under the branch listing and commit window. For example, if I attempt to switch to another branch on my list, The ""Switching Branch"" dialog shows up and the code/files does/do get updated properly.Â  But the display itself does not get updated properly until I hit F5. This is a minor annoyance.Â "
Source Tree install fails,Done,Low,2019-12-29 17:29:00,2023-01-16 04:22:00,General,"It is a total pain to create repos for existing projects. either you need to create them independent in a new folder and copy the old project over there (and loose all dependencies) or you need to hack around with the console.Â This is for new users painful as well as for skilled user with many projects. The question is asked several times, not only to Atlassian (check froum of gitlab, github, gitkraken, fork ...), but all git providers refused it.Â Â Suggestion:1. Allow to create new repos from existing projects (not empty) folder.2. Allow capital letters in the slug, convert aromatically or ask BEFORE create to change it to avoid a fatal f***upÂ Â "
PortableGcmSt.7z,Done,Low,2019-12-24 20:57:00,2023-01-16 04:22:00,General,"1) Make changes in the working directory.2) Select ""Create Patch""3) Try to stage a change file from any of the UI options (+ icon, stage file, stage hunk).4) Observe the screen redraw, but nothing is staged, so you can't create the patchThe workaround is to create an issue branch, commit the changes, and create the patch from the branch.The actual version is 3.3.4, but Jira won't let me enter that."
Upgrade 3.4.10 fails - Windows 11,Done,Low,2019-12-23 19:10:00,2023-01-16 04:22:00,Git,"I have to hit F5 in order to see any changes show up. For some reason the auto refresh is not working any longer. The version is 3.3.6.3829, but there isn't a selection for version 3.3.6 available.Â "
Have the option to group tabs into workspaces,Done,Low,2019-12-21 22:02:00,2023-01-16 04:22:00,REST,"{code:java}     Nils@Nils-NB-MSI MINGW32 /d/xampp/htdocs/Marlin (my-skr-mini-e3)                $ git push                                                                      Enumerating objects: 19, done.                                                  Counting objects: 100% (19/19), done.                                           Delta compression using up to 8 threads                                         Compressing objects: 100% (9/9), done.                                          Writing objects: 100% (9/9), 903 bytes | 451.00 KiB/s, done.                    Total 9 (delta 7), reused 0 (delta 0)                                           remote: Resolving deltas: 100% (7/7), completed with 5 local objects.           To https://github.com/reloxx13/Marlin                                            ! [remote rejected]     my-skr-mini-e3 -> my-skr-mini-e3 (refusing to allow an OAuth App to create or update workflow `.github/workflows/bump-date.yml` without `workflow` scope)                                                              error: failed to push some refs to 'https://github.com/reloxx13/Marlin'{code}Revoked and reloggedin already, st is not asking for workflow scope and i cannot add it manuel.st win v3.2.6 not in list, if u dont update the list dont make it a required field!How to push my fork now?"
[3.4.9/Mercurial] 'Push changes immediatly to default' is always grayed out.,Done,Low,2019-12-20 18:58:00,2023-01-16 04:22:00,UX,"In version 3.3.6, the UI is not updating unless a manual refresh (F5) is performed. This is working fine with 3.2.6 installed. I have tested the auto refresh on multiple computers and it is not working.While pressing F5 is a workaround, it is very annoying to require a keypress every time the window comes in to focus.3.3 is not an option for the 'affect versions' selectiona "
SourcetreeApp.com web site points to wrong version,Done,Low,2019-12-20 04:17:00,2023-01-16 04:22:00,Beta,Wow this doesn't work!
Update from 3.4.9 to 3.4.10 crashes,Done,Low,2019-12-19 17:23:00,2023-01-16 04:22:00,General,"I want to make a custom action in the branch list to ""fetch and checkout"" branch (instead of having to fetch, wait and then checkout..)."
Can't download latest update,Done,Low,2019-12-18 04:40:00,2023-01-16 04:22:00,UX,"Randomly Sourcetree dialogs won't accept Enter to submit those dialogs. For example, start Sourcetree, press Ctrl+Shift+F to open Fetch dialog and press Enter. Most of the time, but not always, this dialog won't get focus and so Enter will do nothing.a This is an old bug, seen at least for a few months."
Bad line length error since latest Sourcetree update,Done,Low,2019-12-17 21:03:00,2023-01-16 04:22:00,Bitbucket,"Worked last week.a  Started with version 3.2.1 this morning (with reported problem).a  Noted newer version (3.3.6) and installed in hope of resolution.a  Same problem.a  Upon pull or fetch, process shows activity but never completes (retried multiple times; have allowed to run over an hour before stopping)."
there is a fake 3.4.10 version Sourcetree,Done,Low,2019-12-17 17:59:00,2023-01-16 04:22:00,Git,"I was able to reproduce this and submitted bug reports under the email address [jason.poggioli@nextvote.com|mailto:jason.poggioli@nextvote.com]Sourcetree was crashing on commit to a new repo without any error dialog explanation.Using a different git client I discovered my git username and email address were defaulted to username@machinename and now a valid email address. Once I changed this, Sourcetree stopped crashing when committing files.*(Note:* This was in version 3.2.6, but that's not yet a choice below)"
Resolving Conflicts for Multiple Files Only Resolves the Top File,Done,Low,2019-12-17 17:18:00,2023-01-16 04:22:00,Git,"I updated Sourcetree to 3.3.6a  (which is not available in the Versions list in Jira...)Sourcetree -> Tools -> Options -> Git -> Git Version -> Update EmbeddedIt downloads Git 2.21.0, rather than the newest release:a  [https://github.com/git-for-windows/git/releases/tag/v2.24.1.windows.2]There are some critical security vulnerabilities that have been fixed recently in Git, so I'm told that it is important to update Git."
Authentication Error in stash (Bitbucket Server),Done,Low,2019-12-17 14:43:00,2023-01-16 04:22:00,mac,*steps to reproduce:*1.Download the application on the device and take it off2.flip the device*Expected result:*expect a buga 
Useless popup keep coming back HEROKU login,Done,Low,2019-12-17 12:38:00,2023-01-16 04:22:00,Mercurial,Id can't find installation folder... Tried with HG 4.9.1 and the latest 5.2.1 version.. !image-2019-12-17-13-36-34-272.png!
Dropdown for Organization Repos is blank,Done,Low,2019-12-16 10:08:00,2023-01-16 04:22:00,Bitbucket,"At the first step installer offers to log in with Bitbucket Server or Bitbucket account.I logged with my Bitbucket account then see next picture in browserh1. Confirm access to your account*Sourcetree for Windows*a is requesting access to the following: * Read and modify your account information * Read and modify your repositories' issues * Read and modify your workspace's project settings, and read and transfer repositories within your workspace's projects * Read and modify your repositories and their pull requests * Administer your repositories * Read and modify your snippets * Read and modify your team membership information * Read and modify your repositories' webhooks * Read and modify your repositories' wikisBy installing the App you agree to thea [privacy policy|https://www.atlassian.com/legal/privacy-policy]a anda [terms of use|https://www.atlassian.com/legal/cloud-terms-of-service]a provided by Sourcetree for Windows.a When i click on ""Grant access"" button, page does redirect toa [https://localhost:34106/?state=authenticated&code=cDBHk9NSSDMPJRLu5J]a and browser saysa h1. This site cana ™t provide a secure connection*localhost*a sent an invalid response.a Installer just waiting for login to finish... and nothing happens afterwards.a [SourceTreeSetup-3.2.6.exe|https://product-downloads.atlassian.com/software/sourcetree/windows/ga/SourceTreeSetup-3.2.6.exe]a is my installer. Windows 10 Pro N."
SourceTree pushing to remote repo using embedded Git stuck on adding server's rsa2 fingerprint,Done,Low,2019-12-12 17:06:00,2023-01-16 04:22:00,Askpass,"*SourceTree for Windows, version 3.3.4* (Affected Version field below doesn't have 3.3.4)Within the last week, I started getting an AskPass dialog intermittently popping up over other apps. SourceTree isn't being used at the time and is usually minimized. Often it happens in bunches; 3-5 dialogs popping up one after the other. Then some time passes, and another bunch comes. It's incredibly annoying to have a background app interrupting work being done in a foreground app.!image-2019-12-12-10-56-39-659.png!Â "
"Staging modified file with name too long, is removing the file (git system)",Done,Low,2019-12-12 14:13:00,2023-01-16 04:22:00,Git,"When i try to close a created feature, in the ""Finish feature"" dialog the feature name initially is loaded with the actual name of the feature but when it finishes the loading (and spinner in the right side of the drop-down disappear) this field goes blank and if i open the drop-down is blank too and due to this behavior the Ok button will be disabled.PD: If i try to finish the feature while the Ok button is enabled, the feature closes correctly.PD2:a  I run this on windows in the sourcetree version 3.3.4, that version is not in this form field ""Addecs Versions"" so i choosed the last version available in that list (3.2.2)"
Internal tabs don't align to tab stops in diff view,Done,Low,2019-12-12 09:39:00,2023-01-16 04:22:00,General,"I use a Lenovo laptop connected to external monitors through the display adaptor Intel(R) UHD Graphics 620. This runs Windows 10 64 bit. Following an update to this adaptor driver SourceTree does not open any longer.I have uninstalled SourceTree and re-installed, trying different version but the install only creates the shortcut and an entry in the Add / Remove programs.When I disable the display adaptor (so I can only use the laptop screen), SourceTree will install and will run as expected.Â As soon as I re-enable the display adaptor, SourceTree will not start. I have tried many different things (run as Admin, roll back recent windows updates) but I am unable to rollbackÂ the driver causing the problem (or install a basic standard driver).Â "
Context menu text not visible in dark mode,Done,Low,2019-12-12 09:28:00,2023-01-16 04:22:00,2.6.10,!image-2019-12-12-17-27-44-410.png!
Cannot push changes to branch.,Done,Low,2019-12-11 09:51:00,2023-01-16 04:22:00,Stash,!image-2019-12-11-17-49-14-414.png!
Custom actions != command line,Done,Low,2019-12-10 13:15:00,2023-01-16 04:22:00,General,"I have been running the app for several days now and after I'm done with my work I usually hibernate the machine.a After several days writing commit messages was really ""sticky"" with letters appearing half a second after they are typed. Also, branching and checking out is a bit stickier than usual.I tried restarting the app, it showed immediate improvement but using it for a day came to the same outcome as described above.I have just sent a crash-report about 6 minutes ago so you might be able to connect it to this case.a The version is actually 3.2.6. and not 3.2.2 as it says in ""Affects version""!image-2019-12-10-14-15-27-994.png!"
[3.4.9] Random crashes while starting a new gitflow feature ,Done,Low,2019-12-10 05:45:00,2023-01-16 04:22:00,General,"Firstly, I made custom action with one parameter is set. (In the parameter field,a œ$FILEa  was used.)a  And right click on one file of one commit and choose custom action ,a  the custom action I made earlier wasa  displayed as usual.Secondly, I made custom action witha multiple parameters are set .(In the parameter field,a œ$SHAa  $FILEa  was used.)a  And right click on one file of one commit and choose custom action , buta  the custom action I made earlier was NOT displayed.(For comparison, I did the same things with Sourcetree For Mac and both showed up. So, this is only For Windows bug.)"
Cannot Clone Repo,Done,Low,2019-12-09 22:38:00,2023-01-16 04:22:00,Git,"Sourcetree version 3.3.4Git embedded 2.21.0Windows 10 Pro 10.0.18363If Use Git Bash option is selected, Terminal button does not work, if unselected, a cmd prompt window is opened correctly. Seems to be a pathing issue with the terminal button and git bash executable"
Sort remote repositories,Done,Low,2019-12-09 11:55:00,2023-01-16 04:22:00,UX,"The Jira webpage shows the big stuff on the left and gradually drill down to details towards the right, i.e. Kanban board, Releases, Reports etc, followed by ""Open issues"", followed by conversations of the issues.Why doesn't Sourcetree follow this same concept? Instead the Repository is on the right. Please move it to the left or at least make it configurable. Also, please allow SORTing of the repositories. It is a herculean task change the repository order right now with 3.2.6.*ALL* repos have to be move out of a folder and then back 1 by 1 in the order to be sorted... gosh....."
date for a Stash,Done,Low,2019-12-09 10:17:00,2023-01-16 04:22:00,General,SourceTree version : 3.3.4.3796When I configure a Commit text Link and close SourceTree I can see the correct configuration in \.git\sourcetreeconfig.json.If I reopen SourceTree I see that the configured Commit text Link has been deleted.(just after reopening of SourceTree the file \.git\sourcetreeconfig.json is already overwritten with the deleted configuration)remark: because the field 'Affects Version/s' is required but my version is not available I added an existing but wrong version in this field. My version :a 3.3.4.3796
SourceTree should trust internal CA that are available at the OS level,Done,Low,2019-12-06 13:48:00,2023-01-16 04:22:00,Bitbucket,"It appears that whenever I click a link in BitBucket to do something in SourceTree, whether checking out a branch of cloning a repository, the URL Action window in SourceTree will cause SourceTree to crash. This happens whatever button I press in the URL Action dialog, including Cancel.This happens in SourceTree 3.3.4, although that version isn't available in the ""Affects Version"" below, so I just picked the latest version."
Sourcetree on my laptop cannot recognize my github repository when I try to clone. Works on windows 10 pc but laptop is windows 11. All settings are setup the same but it wont recognize the url and wont show up in organization repositories.,Done,Low,2019-12-06 13:41:00,2023-01-16 04:22:00,Bitbucket,"I've found on a semi-regular basis that SourceTree has converted my remote on a repository to Generic Host from Bitbucket. I can usually tell initially because the ""Remote"" icon in the top right has a red ! on it. When it is in this state, I also cannot create a pull request from a branch.Â This seemed to start happening after the update to 3.3.4 (which isn't included in the Versions list below, so I just picked the latest version)"
SourceTree constantly displays login pop-up when user attempts to perform an operation,Done,Low,2019-12-06 10:18:00,2023-01-16 04:22:00,Bitbucket,"after a day or so sourctree forgets the credentials to bitbucket, and fails to push or fetch.If I open the Options -> Authentication -> <my Bitbucket account> ->editthe authentication check starts,and says ok. after that I can push and fetch again (without editing something)Â (the sourcetree version isÂ  3.3.4, but i couldn't select that in th affects versions field"
Putty.exe and plink.exe certificate expired,Done,Low,2019-12-05 18:44:00,2023-01-16 04:22:00,Bitbucket,"Sourcetree version 3.2.6 Install and Registration windows does not advance to next screen after installing it on a Windows 10 desktop and trying to open the Sourcetree software.Â  The ""Next"" button stays disabled even after I log into my AtlassianÂ  cloud account and ""Grant access"". I have tried various things i.e. changing browser from IE to Chrome and Firefox. Also registering a new account but nothing works."
Group multiple git project tabs into a Workspace,Done,Low,2019-12-05 00:26:00,2023-01-16 04:22:00,Git,Currently my sourcetree version is 3.1.3.3158 and i am unable to push to my organisation github repo.a I keep getting the authentication failed message. i am currently using Gitkarken to get around this but i dont know whats wrong with sourcetree i have setup the two factor authentication correctly and have re done it so many times.!image-2019-12-05-10-25-17-450.png!
Source closes itself whenever trying to add new account or clone new repository,Done,Low,2019-12-05 00:22:00,2023-01-16 04:22:00,General,Currently my sourcetree version is 3.1.3.3158 and i have updates shown in the options window but when i try to update the below message is displayed.Â {{Invalid release entry: 5BCB21C19AA45F1E57F2A3EB94740C44B3326E44 SourceTree-3.2.6-full.nupkg 24234903}}
Git Add Issue,Done,Low,2019-12-04 16:13:00,2023-01-16 04:22:00,Bitbucket,After latest update I am permanently loossing following remote account in repositoryÂ configuration:!image-2019-12-04-17-10-38-779.png!Â After restarting Sourcetree the configuration is empty:!image-2019-12-04-17-11-47-986.png!Â Â Sourcetree version:Â  3.3.4.3796
Search local repositories (tabs),Done,Low,2019-12-04 12:03:00,2023-01-16 04:22:00,General,"As per the title, our corporate group policy requires a valid certificate, and therefore SourceTree stopped working when the certificate expired on 27/11/2019I have downloaded the installer again to see if it has been updated since but it appears it has not."
Support CR as a line break in diff views,Done,Low,2019-12-03 13:49:00,2023-01-16 04:22:00,branch,"Disclaimer: I can't select 3.3.4 in version when creating this issue. Please move it to the right place if able.When pushing new local branches to remote using the Push button, I have to multiclick on a checkbox or else I have an error:{noformat}The Remote branch '' (Local branch = 'mybranch') is invalid. Ref names must follow git ref-format rules: https://www.kernel.org/pub/software/scm/git/docs/git-check-ref-format.htmlCompleted with errors, see above.{noformat}a Version: SourceTree 3.3.4 [28 October 2019] (Help > Release Notes)See: [demo (GIF)|https://drive.google.com/open?id=1bE3cCanxoFl8foyRBp-AvoccIRBtF8yo]"
Sourcetree Logon failed on Windows,Done,Low,2019-12-03 09:27:00,2023-01-16 04:22:00,General,I am receiving The following error when checking for updates from the options tab in the Options menu.a `Invalid release entry: 5BCB21C19AA45F1E57F2A3EB94740C44B3326E44 SourceTree-3.2.6-full.nupkg 24234903`a !image-2019-12-03-11-26-09-296.png!
Sourcetree not updating with remote repository,Done,Low,2019-12-02 21:31:00,2023-01-16 04:22:00,Bitbucket,I am trying to use the sourcetree to upload the local R Scripts into Bitbucket for the version control. When I use Stage Selected to choose the local R Scripts to push (upload) by clicking Commit button. It always gives me the error (Please check the attached picture for that)!image-2019-12-02-16-24-49-750.png!
Sourcetree 3.4.9 Crashes Immediately and Doesn't Install (Windows 10),Done,Low,2019-12-02 18:13:00,2023-01-16 04:22:00,remote,"Every time my Sourcetree App restarts, my remote accounts (All Gitlab CE)a  revert to Generic.The remote button has an ""!"" icon on it, and I cannot push or pull until I reset the account to the proper type.a !image-2019-12-02-12-12-50-045.png!"
Remote repository search not working when Project Key is not part of a Project name,Done,Low,2019-12-02 12:11:00,2023-01-16 04:22:00,General,"Hello,The UI isn't showing changes I do. for example when I press stage all or stage selected it doesn't update and doesn't update the commit button. my other colleagues work fine that arent in dark mode. I have to constantly close and reopen the program so that the commit button is activated. this is very annoying.I'm on version 3.3.6.3829, I've put the wrong version in the ticket because there isn't one open for it. !image-2019-12-02-12-09-39-828.png!"
Nonenglish encoding display error,Done,Low,2019-12-02 10:39:00,2023-01-16 04:22:00,General,SourceTree v3.2.6 is missing a code signing timestamp. Certificate has expired on 27.11.2019.!image-2019-12-02-12-36-04-845.png!Application cannot be whitelisted in AppLocker via publisher certificate.
Make Diff View async in order to not lock up the UI,Done,Low,2019-12-01 11:41:00,2023-01-16 04:22:00,General,"When typing a commit message, Sourcetree stutters and my processor load goes to 25%. I use a dual core with hyperthreading, so I guess that means 100% load on one core.Â It drops to zero after you stop typing.It's been happing for a while now with multiple versions. On Windows 7, now Sourcetree 3.2.6.3544."
"Add ""Include untracked files"" checkbox to Stash Changes? dialog",Done,Low,2019-11-28 18:03:00,2023-01-16 04:22:00,Bitbucket,"Hello,i try to install sourcetree on my computer with windows10 but i've got this error:!image-2019-11-28-19-02-25-104.png!"
cloning repo on GitHub using personal access token PAT,Done,Low,2019-11-28 15:41:00,2023-01-16 04:22:00,Git,"When pressing the push button branches to push is empty.!image-2019-11-28-16-35-13-918.png|width=575,height=215!Problem occurs when you using a config file under .git folder with the argument.{code:java}push = refs/heads/*:refs/for/*{code}Entire config filer:{code:java}[core]   bare = false   repositoryformatversion = 0   filemode = false   symlinks = false   ignorecase = true   logallrefupdates = true   autocrlf = true[remote ""origin""]   url = http://ctgit:8080/gerrit/wsp/utils   fetch = +refs/heads/*:refs/remotes/origin/*   push = refs/heads/*:refs/for/*[branch ""master""]   remote = origin   merge = refs/heads/master{code}"
Cannot access hidden start bar if source tree is maximized to full screen,Done,Low,2019-11-28 08:37:00,2023-01-16 04:22:00,General,"Issue happened when you open repo with clone button ,a if password changes after that sourcetree fail to push or to connect to remote repo anymore and noway to change the saved password , i had to create batch file that open sourcetree config files and remove the password manually."
"User cannot rearrange repositories when they are located in a folder in the ""Local Repositories"" window",Done,Low,2019-11-28 06:19:00,2023-01-16 04:22:00,General,"Branches list does allow only one branch to be selected. It doesn't support selection with Shift or Ctrl. That makes branches deletion process almost impossible when you have to delete 20-30 branches at once. I use SourceTree all the time, but run SmartGit when I clean up repository only because SmartGit can select multiple branches.Menu ""Branches -> Delete"" supposed to help in multiple branches deletion, but it doesn't allow to select multiple branches at once, doesn't support Shift and/or Space to check branches checkboxes, so using SmartGit is still faster than this."
Local Repos cannot be organized if in Folders in Sourcetree window,Done,Low,2019-11-27 16:25:00,2023-01-16 04:22:00,UX,{panel}I was very excited to try the new dark theme but much to my disappointment the colors render it completely unusable. Any chance you would consider you'd consider implementing a solution like VSCODE that allows user to add their own theme config and cycle through multiple version?While I'm coding I personally change theme depending on the lighting or how tired my eyes are and while I do enjoy the app and other atlassian products the colors dont translate so well for my coding space.a {panel}
Support using of multiple ssh-keys through Sourcetree interface,Done,Low,2019-11-27 14:51:00,2023-01-16 04:22:00,General,"I get a crash whenever attempting to initiate a pull request. I'm doing so by rt-clicking on the branch and selecting ""Create pull request...""The log consistently displays the following:{{ERROR [2019-11-27 08:38:23,189] [1] [SourceTree.Analytics.Crash.BugSplat.CrashAnalyticsService] [Log] - DispatcherUnhandledExceptionHandler for [Sourcetree, 3.2.6.3544] called with [System.Windows.Threading.Dispatcher, System.Windows.Threading.DispatcherUnhandledExceptionEventArgs]}}{{System.UriFormatException: Invalid URI: The format of the URI could not be determined.}}{{ at System.Uri.CreateThis(String uri, Boolean dontEscape, UriKind uriKind)}}{{ at Sourcetree.Host.GitLab.AbstractGitLabHost.GetPullRequestUri(String baseUrl, String repoSlug, String ownerOrProject, String remoteBranch, String commitSha)}}{{ at Sourcetree.Host.GitLab.AbstractGitLabHost.GetPullRequestUri(String baseUrl, String remoteUrl, String remoteBranch, String commitSha)}}{{ at SourceTree.Model.Repository.CreatePullRequest(String remote, String remoteBranch, String commitSHA)}}{{ at SourceTree.ViewModel.RepoTabViewModel.CreatePullRequestNoPrompt(String remote, String remoteBranch)}}{{ at SourceTree.ViewModel.RepoTabViewModel.CreatePullRequestNoPromptIfNotAhead(String localBranch, String remote, String remoteBranch)}}{{ at MS.Internal.Commands.CommandHelpers.CriticalExecuteCommandSource(ICommandSource commandSource, Boolean userInitiated)}}{{ at System.Windows.Controls.MenuItem.InvokeClickAfterRender(Object arg)}}{{ at System.Windows.Threading.ExceptionWrapper.InternalRealCall(Delegate callback, Object args, Int32 numArgs)}}{{ at System.Windows.Threading.ExceptionWrapper.TryCatchWhen(Object source, Delegate callback, Object args, Int32 numArgs, Delegate catchHandler)}}I've tried using both https and ssh to resolve the remote, with no difference in behavior.I'm guessing this may be related toa https://jira.atlassian.com/browse/SRCTREEWIN-11179a anda https://jira.atlassian.com/browse/SRCTREEWIN-10775a "
UX improvement,Done,Low,2019-11-27 08:06:00,2023-01-16 04:22:00,Git,"Set filter for ""Show Remote Branches"" off, or branch filter to ""Current Branch"".Then, try to ""Jump to"" a specific revision that is not visible due to the filter. SourceTree starts loading commits and will never end the load.It should yield an error message telling us that the commit is not visible due to filters instead."
Amending a commit should not involve a popup,Done,Low,2019-11-26 21:16:00,2023-01-16 04:22:00,General,"Auto Refresh doesn't work when files are changing, removed or added.Git Version: 2.24.0.2 for WindowsSourcetree (Windows 10) was updated from integrated updater.!image-2019-11-26-22-14-06-766.png|width=528,height=468!!image-2019-11-26-22-13-12-173.png|width=532,height=331!!image-2019-11-26-22-09-37-435.png|width=532,height=774!!image-2019-11-26-22-09-37-389.png|width=531,height=487!"
Repair stash External Diff when diff tool is custom,Done,Low,2019-11-25 21:06:00,2023-01-16 04:22:00,General,"SourceTree may not allow the user to open a local repository, and will instead select another tab that is already open. This happens when the repo is also a submodule of another repo and the submodule is already open in another tab. Steps to reproduce:Git repository 'A' cloned to C:\GitRoot\AGit repository 'B' cloned to C:\Git\Root\BRepo B is also a submodule of A, so a copy also exists in C:\GitRoot\A\B.Open repo A.In Submodules section of repo A, double-click repo B to open it in another tab.Click '+' to the right of tabs. In Local Repositories double-click repository B (i.e. the clone in C:\GitRoot\B).A new tab should open for repo B, however the repo B (submodule) tab is selected instead.This is a fairly new bug in SourceTree that affects version {color:#ffbdad}+*3.3.4*+{color:#172b4d} (which is not available in the Jira Affected Version/s field).{color}{color}"
Support previewing of (common) image formats,Done,Low,2019-11-25 11:55:00,2023-01-16 04:22:00,General,"In commits history, files list window after file selecting and invoking context menu item ""Copy Path To Clipboard"" app hangs on 3~5 seconds.Â If copy line of code from file diff view and paste it in another app ""SourceTree"" hangs on ~10 seconds."
403 ERROR,Done,Low,2019-11-21 12:09:00,2023-01-16 04:22:00,UX,"When set defoult user in settings autondification, then text will shiftedSource Tree versiona 3.3.2-beta-3742"
Add better support for github.com Personal Access Tokens PAT,Done,Low,2019-11-21 06:15:00,2023-01-16 04:22:00,Git,Setting up commit links (for git repo) for Jira works OK - but the settings are lost when closing and restarting the app.Usinga  3.3.0-beta-3678
SourceTree 3.4.8 keep crashing ,Done,Low,2019-11-20 18:31:00,2023-01-16 04:22:00,General,"When selecting the option to ""Checkout in SourceTree"" from a BitBucket Server, the dialog prompting where to checkout and which bookmarked repository, no existing or matching repository is available. Additionally, when the dialog closes (clicking {{Cancel}} or cloning to a new directory) the application crashes.The issue may be related to SRCTREEWIN-12484, since that issue reports losing information and configuration relating to the properties of the remote repository.Actual version ios {{3.3.4}}, however, the latest version available in the ""Affects version/s"" list 3.2.2."
Registration form: unclear error message when registrted new user,Done,Low,2019-11-19 18:41:00,2023-01-16 04:22:00,Mercurial,"""something went wrong"" error occurs while creating tag in Mercurial repository and if default branch hasa *Branch permissions* set with *None* having *Write access*.We do get 500 console error anda ""something went wrong"" error in UI.*Expected behavior*:We should get error message something like ""You are not allowed to write to this branch - check branch permissions""*Workaround:*a As a workaround of this issue user can add himself in thea *Branch permissions*->*Write access* for default branch. Once the user is added in the Write access for default branch, user will be able to create tags."
checkout-existinga  option isna ™t working with 3.3.9 version of sourcetree as the remote repository details are not being fetched.,Done,Low,2019-11-19 14:07:00,2023-01-13 12:14:00,Bitbucket,"[https://confluence.atlassian.com/get-started-with-sourcetree/clone-a-remote-repository-847359098.html?_ga=2.95715484.1086806822.1573722716-2057597182.1569394259]tells me that I can browse all repositories on our Bitbucket server from within Sourcetree but it is empty.a a !https://bitbucket.org/repo/BgzgjpR/images/656881506-image.png!!https://bitbucket.org/repo/BgzgjpR/images/2119998866-image.png!Ironically it tells me to set up a remote account, what I did, but it does show any repository"
When looking closer at the available seats the screen may stop scrolling in the expected way,Done,Low,2019-11-19 07:18:00,2023-01-13 12:14:00,branch,"I originally could not create a branch due to errors in the sourcetree. At first I thought i made a mistake, After checking out .gitignore and readme.md, I found that sourcetree was not consistent when enabling me to create a branch. After throughly testing by reinstalling sourcetree and removing readme.md and .git folder, it has been confirmed that sourcetree is not totally stable or consistent. There's no guarantee that I'm able to create a branch or it can suddenly work even when not all commands in git was used. Please reply so I can show you the error message that can no longer be reproduced.Â "
Modificar Medico,Done,Low,2019-11-18 21:52:00,2023-01-13 12:14:00,Beta,"*Steps to reproduce:*1. Open Mobile application ""Railway tickets""2. Go to ""Return ticket""*Expected result:*There is the possibility to ""go back"" to the main menu*Actual result:*An option to ""go back"" to main menu doesn't existÂ *Environment:*iOS version 13.2.3 IPhone 7Â "
Crear medico,Done,Low,2019-11-18 18:47:00,2023-01-13 12:14:00,UX,"In previous versions, if I selected ""Current Branch"" then Done/re-opened Sourcetree, it would still have ""Current Branch"" selected. In one of the recent updates, that feature broke and now ""All Branches"" is selected by default every time Sourcetree launches.a I am using Version 3.3.4, but it doesn't appear in the ""Affects Version/s"" selection so I just picked the highest number I could find."
Sourcetree deletes file if I do stage,Done,Low,2019-11-18 02:09:00,2023-01-13 12:14:00,Git,"After I updated SourceTree to version 3.3.4, I got some issues as below: * I always set repository address for Github site to pull request to remote origin. Although the repository address don't any changes. (I attached related photos in this bug report) * On SourceTree window, ""Remote"" icon always show a red exclamation mark. When I click on it, it's still working okay. * When I checkout from ""origin/master"" branch with ""Local branch should track remote branch"" option is checked. Then, I can't push to origin with same branch name. Because don't have any item in ""branches to pushes"" for it."
Rebase children of <commit> interactively... doesn't work(Cyrillic letters in the path),Done,Low,2019-11-15 05:47:00,2023-01-13 12:14:00,General,Taskbar not accessible when SourceTree is full screen.*Note:* Taskbar is set to hide in desktop mode.*Expected Result:* Hovering the mouse below the screen should allow the user to access the taskbar.a 
